apparel_cloth_scarf_CardName,Cloth Scarf,布围巾
apparel_cloth_scarf_CardDescription,"A cloth scarf worn around the neck. Offers light protection from wind and cold.

<b>MUST BE EQUIPPED TO WORK</b>","一条围在脖子上的布围巾，能为你抵御些许风寒。

<b>必须装备后才能生效</b>"
apparel_foot_wraps_CardName,Foot Wraps,裹脚布
apparel_foot_wraps_CardDescription,"Strips of cloth wound around the feet and ankles. Crude but better than bare feet.

<b>MUST BE EQUIPPED TO WORK</b>","缠绕在双脚和脚踝上的布条。简陋，但总比赤脚强。

<b>必须装备后才能生效</b>"
apparel_hand_wraps_CardName,Hand Wraps,裹手布
apparel_hand_wraps_CardDescription,"Strips of cloth wrapped around the hands. Offer minimal protection against cuts and cold.

<b>MUST BE EQUIPPED TO WORK</b>","缠绕在双手上的布条，能提供些许防割伤和防寒的保护。

<b>必须装备后才能生效</b>"
apparel_chaperon_CardName,Chaperon,兜帽披肩
apparel_chaperon_CardDescription,"A cloth hood with a short cape that covers the head and shoulders. More coverage than a simple coif.

<b>MUST BE EQUIPPED TO WORK</b>","一顶带有短披肩的布兜帽，可以遮住头部和肩膀，比普通头巾遮盖范围更大。

<b>必须装备后才能生效</b>"
apparel_straw_hat_CardName,Straw Hat,草帽
apparel_straw_hat_CardDescription,"A wide-brimmed hat woven from dried straw. Good protection from the sun but not built to last.

<b>MUST BE EQUIPPED TO WORK</b>","用干草编织的宽檐帽，能有效遮阳，但不耐用。

<b>必须装备后才能生效</b>"
apparel_leather_apron_CardName,Leather Apron,皮围裙
apparel_leather_apron_CardDescription,"A tough leather apron worn over the torso. Protects against sparks, cuts, and hard work.

<b>MUST BE EQUIPPED TO WORK</b>","一条穿在躯干外的坚韧皮围裙，能防火星、防割伤，适合繁重劳作。

<b>必须装备后才能生效</b>"
apparel_leather_sandals_CardName,Leather Sandals,皮凉鞋
apparel_leather_sandals_CardDescription,"Simple sandals cut from leather and laced with twine. Protect the soles of the feet.

<b>MUST BE EQUIPPED TO WORK</b>","用皮革裁成、麻绳系紧的简易凉鞋，能保护脚底。

<b>必须装备后才能生效</b>"
apparel_cloth_coat_CardName,Cloth Coat,布大衣
apparel_cloth_coat_CardDescription,"A full-length coat of woven cloth. Lighter than fur but provides decent protection from wind and light rain.

<b>MUST BE EQUIPPED TO WORK</b>","一件及地的织布大衣，比毛皮更轻便，能提供不错的防风防小雨效果。

<b>必须装备后才能生效</b>"
apparel_cloth_scarf_DA_RipUp,Rip up,撕破
apparel_foot_wraps_DA_RipUp,Rip up,撕破
apparel_hand_wraps_DA_RipUp,Rip up,撕破
apparel_chaperon_DA_RipUp,Rip up,撕破
apparel_straw_hat_DA_Dismantle,Dismantle,拆解
apparel_leather_apron_DA_Dismantle,Dismantle,拆解
apparel_leather_sandals_DA_Dismantle,Dismantle,拆解
apparel_cloth_coat_DA_RipUp,Rip up,撕破
apparel_bp_cloth_scarf_CardName,Cloth Scarf,布围巾
apparel_bp_cloth_scarf_CardDescription,A cloth scarf worn around the neck.,一条围在脖子上的布围巾。
apparel_bp_cloth_scarf_UnlockConditionsDesc,Earn the Weaver's trust,赢得织工的信任
apparel_bp_foot_wraps_CardName,Foot Wraps,裹脚布
apparel_bp_foot_wraps_CardDescription,Strips of cloth wound around the feet. Crude improvised footwear.,缠绕在双脚上的布条，简陋的临时鞋履。
apparel_bp_foot_wraps_UnlockConditionsDesc,Small Cloth Needed,需要小块布料
apparel_bp_hand_wraps_CardName,Hand Wraps,裹手布
apparel_bp_hand_wraps_CardDescription,Cloth strips wrapped around the hands. Minimal but better than nothing.,缠绕在双手上的布条，聊胜于无。
apparel_bp_hand_wraps_UnlockConditionsDesc,Small Cloth Needed,需要小块布料
apparel_bp_chaperon_CardName,Chaperon,兜帽披肩
apparel_bp_chaperon_CardDescription,A cloth hood with a short cape covering the head and shoulders.,一顶带有短披肩的布兜帽，遮住头部和肩膀。
apparel_bp_chaperon_UnlockConditionsDesc,"Show the Weaver a scarf you've sewn, and earn her trust",向织工展示你缝制的围巾，并赢得她的信任
apparel_bp_straw_hat_CardName,Straw Hat,草帽
apparel_bp_straw_hat_CardDescription,A wide-brimmed hat woven from dried straw.,用干草编织的宽檐帽。
apparel_bp_straw_hat_UnlockConditionsDesc,Straw needed,需要干草
apparel_bp_leather_apron_CardName,Leather Apron,皮围裙
apparel_bp_leather_apron_CardDescription,A tough leather apron worn over the torso.,一条穿在躯干外的坚韧皮围裙。
apparel_bp_leather_apron_UnlockConditionsDesc,Bring the Weaver a large piece of leather,为织工带来一大块皮革
apparel_bp_leather_sandals_CardName,Leather Sandals,皮凉鞋
apparel_bp_leather_sandals_CardDescription,Simple sandals cut from leather and laced with twine.,用皮革裁成、麻绳系紧的简易凉鞋。
apparel_bp_leather_sandals_UnlockConditionsDesc,Bring the Weaver a small piece of leather,为织工带来一小块皮革
apparel_bp_cloth_coat_CardName,Cloth Coat,布大衣
apparel_bp_cloth_coat_CardDescription,A full-length woven cloth coat.,一件及地的织布大衣。
apparel_bp_cloth_coat_UnlockConditionsDesc,Bring the Weaver a large cloth,为织工带来一大块布料
Combat_And_Armor_StoneMace_CardName,Stone Mace,石锤
Combat_And_Armor_StoneMace_CardDescription,A stone-headed mace lashed to a stick. Deals heavy blunt damage.,石头锤头绑在木棍上制成的锤子，能造成沉重的钝击伤害。
Combat_And_Armor_StoneMace_Dismantle_ActionName,Dismantle,拆解
Combat_And_Armor_StoneMace_Dismantle_ActionDescription,Break apart the mace to recover materials.,拆开石锤，回收材料。
Combat_And_Armor_QuiltedVest_CardName,Quilted Vest,棉背心
Combat_And_Armor_QuiltedVest_CardDescription,A padded cloth vest offering basic torso protection against cuts and blows.,一件填充棉絮的布背心，能为躯干提供基础的防割防击保护。
Combat_And_Armor_QuiltedVest_Dismantle_ActionName,Dismantle,拆解
Combat_And_Armor_QuiltedVest_Dismantle_ActionDescription,Take apart the vest to recover cloth and twine.,拆开背心，回收布料和细绳。
Combat_And_Armor_QuiltedCap_CardName,Quilted Cap,棉帽
Combat_And_Armor_QuiltedCap_CardDescription,A thick padded cap offering basic head protection.,一顶厚实的棉絮帽，能提供基础的头部保护。
Combat_And_Armor_QuiltedCap_Dismantle_ActionName,Dismantle,拆解
Combat_And_Armor_QuiltedCap_Dismantle_ActionDescription,Take apart the cap to recover cloth and twine.,拆开帽子，回收布料和细绳。
Combat_And_Armor_BoneLamellar_CardName,Bone Lamellar Armor,骨甲
Combat_And_Armor_BoneLamellar_CardDescription,Overlapping bone plates laced together with sinew over leather backing. Strong torso protection.,用肌腱把层叠的骨板绑缚在皮革衬底上制成，能为躯干提供强力保护。
Combat_And_Armor_BoneLamellar_Dismantle_ActionName,Dismantle,拆解
Combat_And_Armor_BoneLamellar_Dismantle_ActionDescription,"Break apart the armor to recover bone, leather, and sinew.",拆开铠甲，回收骨头、皮革和筋腱。
Combat_And_Armor_Bp_StoneMace_CardName,Stone Mace,石锤
Combat_And_Armor_Bp_StoneMace_CardDescription,Craft a stone-headed mace.,制作一把石头锤头的锤子。
Combat_And_Armor_Bp_StoneMace_UnlockConditionsDesc,The village armory opens (Reputation 50),村庄军械库开放（声誉50）
Combat_And_Armor_Bp_QuiltedVest_CardName,Quilted Vest,棉背心
Combat_And_Armor_Bp_QuiltedVest_CardDescription,Sew a padded cloth vest for torso protection.,缝制一件填充棉絮的布背心，用于保护躯干。
Combat_And_Armor_Bp_QuiltedVest_UnlockConditionsDesc,The Weaver and Professor's winter fieldwork,织工与教授的冬季野外工作
Combat_And_Armor_Bp_QuiltedCap_CardName,Quilted Cap,棉帽
Combat_And_Armor_Bp_QuiltedCap_CardDescription,Sew a padded cloth cap for head protection.,缝制一顶填充棉絮的布帽，用于保护头部。
Combat_And_Armor_Bp_QuiltedCap_UnlockConditionsDesc,Complete the Professor's first specimen commission,完成教授的首次标本委托
Combat_And_Armor_Bp_BoneLamellar_CardName,Bone Lamellar Armor,骨甲
Combat_And_Armor_Bp_BoneLamellar_CardDescription,Assemble overlapping bone plates into torso armor.,将层叠的骨板组装成躯干护甲。
Combat_And_Armor_Bp_BoneLamellar_UnlockConditionsDesc,Bring the Professor bones or antler for his reconstruction,为教授的复原工作带来骨头或鹿角
CharacterTraits_Perk_Angler_PerkName,Angler,垂钓者
CharacterTraits_Perk_Angler_PerkDescription,"You've spent years by the water. Start with a fishing rod, line, and bait. Your patience gives you a constant fishing advantage.",你在水边度过了许多年岁月。开局携带钓竿、鱼线与鱼饵。你的耐心为你带来持续的钓鱼加成。
CharacterTraits_Perk_GreenThumb_PerkName,Green Thumb,绿手指
CharacterTraits_Perk_GreenThumb_PerkDescription,"Plants thrive under your care. Start with Turnroot seeds, Meadowgrass seeds, and a Flint Hoe. Your attentiveness gives you a constant foraging advantage.",在你的照料下，植物长势喜人。开局携带翻根种子、牧草种子与燧石锄。你的细心为你带来持续的采集加成。
CharacterTraits_Perk_StrongKidneys_PerkName,Strong Kidneys,强肾
CharacterTraits_Perk_StrongKidneys_PerkDescription,"Your body retains water efficiently. You become thirsty significantly more slowly than normal, requiring less frequent drinks to stay hydrated.",你的身体能高效地保留水分。口渴的速度比常人慢得多，无需频繁饮水即可保持水分充足。
CharacterTraits_Perk_NaturalTrader_PerkName,Natural Trader,天生商人
CharacterTraits_Perk_NaturalTrader_PerkDescription,"You have a knack for dealing with people. Start with a significantly advanced Social skill, making trader interactions and NPC negotiations more favourable from the outset.",你天生擅长与人打交道。开局即拥有大幅领先的社交技能，从一开始就能在交易与谈判中占得先机。
CharacterTraits_Perk_Swimmer_PerkName,Swimmer,游泳好手
CharacterTraits_Perk_Swimmer_PerkDescription,You are at home in the water. Start with a head start in the Swimming skill and a constant swimming aid that reduces the stamina cost of crossing water.,你在水中如鱼得水。开局即拥有领先的游泳技能，并持续获得游泳辅助加成，降低涉水的耐力消耗。
CharacterTraits_Perk_Trapper_PerkName,Trapper,设陷者
CharacterTraits_Perk_Trapper_PerkDescription,"You know how to set a trap and read the land. Start with a Snare Trap, Log Trap, Flint Knife, and Rustic Spear, plus a head start in the Trapping skill.",你懂得布设陷阱、辨读地形。开局携带套索陷阱、原木陷阱、燧石小刀与简陋长矛，并拥有领先的陷阱技能。
Pottery_Sculpture_Pigment_CardName,Pigment,颜料
Pottery_Sculpture_Pigment_CardDescription,A fine colored powder made by grinding charcoal. Used to paint and decorate pottery.,将木炭研磨成的细腻彩色粉末，用于绘制和装饰陶器。
Pottery_Sculpture_PaintedBowl_CardName,Painted Clay Bowl,彩绘陶碗
Pottery_Sculpture_PaintedBowl_CardDescription,A clay bowl decorated with hand-painted designs. Beautiful and functional.,一只饰有手绘图案的陶碗，美观又实用。
Pottery_Sculpture_PaintedBowl_UsageDurability,Durability,耐久度
Pottery_Sculpture_PaintedBowl_Broken,The painted bowl has shattered.,彩绘碗已经碎裂。
Pottery_Sculpture_PaintedVase_CardName,Painted Clay Vase,彩绘陶瓶
Pottery_Sculpture_PaintedVase_CardDescription,An ornamental vase adorned with painted patterns. A fine display piece with increased trade value.,一只饰有彩绘图案的装饰花瓶，是绝佳的陈列品，交易价值也更高。
Pottery_Sculpture_PaintedVase_UsageDurability,Durability,耐久度
Pottery_Sculpture_PaintedVase_Broken,The painted vase has shattered.,彩绘花瓶已经碎裂。
Pottery_Sculpture_FigurineDragon_CardName,Dragon Figurine,龙形陶像
Pottery_Sculpture_FigurineDragon_CardDescription,A small clay figurine sculpted into the shape of a dragon. Intricately detailed and valuable for trade.,一尊雕成龙形的小陶像，做工精细，颇具交易价值。
Pottery_Sculpture_FigurineDragon_UsageDurability,Durability,耐久度
Pottery_Sculpture_FigurineDragon_Broken,The dragon figurine has crumbled.,龙形塑像已经碎裂剥落。
Pottery_Sculpture_FigurineBear_CardName,Bear Figurine,熊形陶像
Pottery_Sculpture_FigurineBear_CardDescription,A small clay figurine shaped like a bear. A charming decoration and a fine trade good.,一尊熊形小陶像，既是可爱的装饰品，也是不错的交易货物。
Pottery_Sculpture_FigurineBear_UsageDurability,Durability,耐久度
Pottery_Sculpture_FigurineBear_Broken,The bear figurine has crumbled.,熊形塑像已经碎裂剥落。
Pottery_Sculpture_Bp_Pigment_CardName,Pigment,颜料
Pottery_Sculpture_Bp_Pigment_CardDescription,Grind charcoal into a fine pigment powder using a hand stone.,用研磨石把木炭磨成细腻的颜料粉末。
Pottery_Sculpture_Bp_Pigment_UnlockConditionsDesc,Charcoal Needed,需要木炭
Pottery_Sculpture_Bp_PaintedBowl_CardName,Painted Clay Bowl,彩绘陶碗
Pottery_Sculpture_Bp_PaintedBowl_CardDescription,Paint decorative designs onto a clay bowl using pigment.,用颜料在陶碗上绘制装饰图案。
Pottery_Sculpture_Bp_PaintedBowl_UnlockConditionsDesc,Bring the Inn Keeper a hot cooked stew,为旅店老板带来一份热腾腾的炖菜
Pottery_Sculpture_Bp_PaintedVase_CardName,Painted Clay Vase,彩绘陶瓶
Pottery_Sculpture_Bp_PaintedVase_CardDescription,Adorn a clay vase with painted patterns using pigment.,用颜料在陶瓶上绘制彩色图案。
Pottery_Sculpture_Bp_PaintedVase_UnlockConditionsDesc,Bring the Inn Keeper a wine or second brew for the top shelf,为旅店老板带来一瓶葡萄酒，或一份可以摆上高层酒架的二酿酒
Pottery_Sculpture_Bp_FigurineDragon_CardName,Dragon Figurine,龙形陶像
Pottery_Sculpture_Bp_FigurineDragon_CardDescription,Sculpt a small dragon from clay using a knife.,用小刀把陶土雕成一条小龙。
Pottery_Sculpture_Bp_FigurineDragon_UnlockConditionsDesc,Bring the Professor metal nuggets for his dragon cast,为教授的巨龙铸像带来金属块
Pottery_Sculpture_Bp_FigurineBear_CardName,Bear Figurine,熊形陶像
Pottery_Sculpture_Bp_FigurineBear_CardDescription,Sculpt a small bear from clay using a knife.,用小刀把陶土雕成一只小熊。
Pottery_Sculpture_Bp_FigurineBear_UnlockConditionsDesc,Clay Needed,需要粘土
Pottery_Sculpture_ClayBeads_CardName,Clay Beads,陶珠
Pottery_Sculpture_ClayBeads_CardDescription,A string of small handcrafted clay beads strung on twine. Worn as a necklace or traded as decorative goods.,一串用麻绳穿起的手工陶珠，可作项链佩戴，也可作装饰品交易。
Pottery_Sculpture_ClayBeads_UsageDurability,Durability,耐久度
Pottery_Sculpture_ClayBeads_Broken,The beads have broken apart.,珠子已经散落破碎。
Pottery_Sculpture_Bp_ClayBeads_CardName,Clay Beads,陶珠
Pottery_Sculpture_Bp_ClayBeads_CardDescription,Shape small beads from clay and string them on twine.,用陶土捏出小珠子，再用麻绳穿成一串。
Pottery_Sculpture_Bp_ClayBeads_UnlockConditionsDesc,Earn the village's reputation,赢得村庄的声誉
Combat_And_Armor_StoneMace_UsageDurability.CardStatName,Durability,耐久度
Combat_And_Armor_QuiltedVest_UsageDurability.CardStatName,Durability,耐久度
Combat_And_Armor_QuiltedCap_UsageDurability.CardStatName,Durability,耐久度
Combat_And_Armor_BoneLamellar_UsageDurability.CardStatName,Durability,耐久度
Combat_And_Armor_WoodenShield_CardName,Wooden Shield,木盾
Combat_And_Armor_WoodenShield_CardDescription,"Planks lashed together with leather straps and twine. A crude but effective shield worn on the forearm.

<b>MUST BE EQUIPPED TO WORK</b>","用皮带和麻绳把木板绑在一起制成，是绑在前臂上的简陋却有效的盾牌。

<b>必须装备后才能生效</b>"
Combat_And_Armor_WoodenShield_UsageDurability.CardStatName,Durability,耐久度
Combat_And_Armor_WoodenShield_Dismantle_ActionName,Dismantle,拆解
Combat_And_Armor_WoodenShield_Dismantle_ActionDescription,Break apart the shield to recover planks and bindings.,拆开盾牌，回收木板和绑带。
Comfort_HeatherWreath_CardName,Heather Wreath,石楠花环
Comfort_HeatherWreath_CardDescription,A wreath woven from fresh heather blossoms. The gentle fragrance and soft colours lift the spirit while it lasts.,用新鲜石楠花编成的花环，淡淡的芳香和柔和的色彩能在花环凋谢前提振精神。
Comfort_HeatherWreath_Wilted,The heather wreath has wilted and crumbled.,石楠花环已经枯萎散落。
Comfort_WindChimes_CardName,Wind Chimes,风铃
Comfort_WindChimes_CardDescription,Bone fragments strung on twine. Their gentle clatter in the breeze brings a sense of calm and home.,用麻绳串起的骨片风铃，随风轻响，带来宁静与归属感。
Comfort_WindChimes_UsageDurability,Durability,耐久度
Comfort_WindChimes_Broken,The wind chimes have broken apart.,风铃已经破碎散落。
Comfort_WindChimes_DA_Dismantle,Dismantle,拆解
Comfort_Bedroll_CardName,Bedroll,睡垫
Comfort_Bedroll_CardDescription,A rolled mat of cloth stuffed with straw. Provides a modest sleeping surface and improves rest quality when present in your camp.,一卷填满干草的布垫，能提供简单的睡眠场所，放在营地中还能提升休息质量。
Comfort_Bedroll_UsageDurability,Durability,耐久度
Comfort_Bedroll_WornOut,The bedroll has worn through and fallen apart.,睡袋已经磨穿散架。
Comfort_Bedroll_DA_Dismantle,Dismantle,拆解
CeramicLamp_CardName,Ceramic Lamp,陶灯
CeramicLamp_CardDescription,A small open clay lamp with a wick channel. Burns fat for steady light. Fill with fat then light from a fire source.,一盏带灯芯槽的敞口小陶灯，燃烧油脂以提供稳定光源。先加入油脂，再用火源点燃。
CeramicLamp_FuelCapacity_CardStatName,Fat,脂肪
CeramicLamp_Refuel_ActionName,Refuel with Fat,添加油脂
CeramicLamp_Refuel_ActionDescription,Add fat to the lamp's reservoir.,往灯的油槽里添加油脂。
CeramicLamp_Light_ActionName,Light Lamp,点亮油灯
CeramicLamp_Light_ActionDescription,Light the lamp from a fire source.,用火源点燃这盏灯。
CeramicLamp_NeedsFuel,The lamp needs fat first.,这盏灯需要先加油脂。
CeramicLampLit_CardName,Lit Ceramic Lamp,燃烧的陶灯
CeramicLampLit_CardDescription,A small clay lamp burning fat for light. Consumes fuel slowly. Extinguish to refuel.,一盏燃烧油脂发光的小陶灯，燃料消耗缓慢。熄灭后可重新加注燃料。
CeramicLampLit_FuelCapacity_CardStatName,Fat,脂肪
CeramicLampLit_FuelOut_ActionName,Lamp Burns Out,油灯熄灭
CeramicLampLit_FuelOut_ActionDescription,The lamp runs out of fat.,灯里的油脂用完了。
CeramicLampLit_Extinguish_ActionName,Extinguish,熄灭
CeramicLampLit_Extinguish_ActionDescription,Put out the lamp.,熄灭这盏灯。
Combat_And_Armor_Bp_WoodenShield_CardName,Wooden Shield,木盾
Combat_And_Armor_Bp_WoodenShield_CardDescription,Lash planks together with leather and twine to form a sturdy shield.,用皮革和麻绳把木板绑在一起，制成一面坚固的盾牌。
Combat_And_Armor_Bp_WoodenShield_UnlockConditionsDesc,Resolve Ash's boar hunt,解决艾什的野猪狩猎事件
Comfort_Bp_HeatherWreath_CardName,Heather Wreath,石楠花环
Comfort_Bp_HeatherWreath_CardDescription,Weave fresh heather blossoms and twine into a fragrant wreath.,用新鲜石楠花和麻绳编织成一个芳香的花环。
Comfort_Bp_HeatherWreath_UnlockConditionsDesc,Heather Flowers Needed,需要石楠花
Comfort_Bp_WindChimes_CardName,Wind Chimes,风铃
Comfort_Bp_WindChimes_CardDescription,String bone fragments on twine to make soothing wind chimes.,用麻绳串起骨片，制成悦耳的风铃。
Comfort_Bp_WindChimes_UnlockConditionsDesc,Hear one of the Inn Keeper's fireside stories through to the end,听旅店老板讲完一则炉边故事
Comfort_Bp_Bedroll_CardName,Bedroll,睡垫
Comfort_Bp_Bedroll_CardDescription,Sew cloth panels and stuff with rye straw for a portable sleeping mat.,缝制布片并填入黑麦秸秆，制成一张便携睡垫。
Comfort_Bp_Bedroll_UnlockConditionsDesc,Large Cloth Needed,需要大块布料
CeramicLamp_Bp_CardName,Ceramic Lamp,陶灯
CeramicLamp_Bp_CardDescription,Shape clay into a shallow oil lamp with a wick channel.,用陶土塑出一盏带灯芯槽的浅口油灯。
CeramicLamp_Bp_UnlockConditionsDesc,Clay Needed,需要粘土
CharacterTraits_Perk_Insomniac_PerkName,Insomniac,失眠者
CharacterTraits_Perk_Insomniac_PerkDescription,You struggle to get a full night's rest. Your sleep clock drains faster making it harder to stay rested.,你很难睡上一夜好觉。睡眠值消耗更快，让你更难保持精力充沛。
CharacterTraits_Perk_Sinker_PerkName,Sinker,旱鸭子
CharacterTraits_Perk_Sinker_PerkDescription,You are dense in the water. Your stamina drains faster making physical exertion more costly.,你在水中格外沉重。耐力消耗更快，使体力劳动的代价更高。
CharacterTraits_Perk_WeakStomach_PerkName,Weak Stomach,肠胃虚弱
CharacterTraits_Perk_WeakStomach_PerkDescription,Your stomach is easily upset. Nausea takes longer to recover from lingering well after the cause is gone.,你的肠胃十分敏感。恶心感消退得更慢，即便病因已经消失也会久久不散。
CharacterTraits_Perk_BlackThumb_PerkName,Black Thumb,黑手指
CharacterTraits_Perk_BlackThumb_PerkDescription,"Plants wither under your care. Your foraging aids fade faster than they build, making gathering food from the land less reliable.",在你的照料下，植物容易枯萎。采集加成消退的速度快于积累，让你从野外获取食物更不可靠。
CharacterTraits_Perk_BadKidneys_PerkName,Bad Kidneys,弱肾
CharacterTraits_Perk_BadKidneys_PerkDescription,"Your body sheds water quickly. You become thirsty noticeably faster than normal, requiring more frequent drinks to stay hydrated.",你的身体流失水分很快。口渴的速度明显比常人快，需要更频繁地饮水才能保持水分充足。
Comfort_Bedroll_Placed_CardName,Bedroll,睡垫
Comfort_Bedroll_Placed_CardDescription,"A sleeping mat laid out on the ground. Provides insulation while resting on it. Needs occasional maintenance or it will fall apart.

Roll it back up to carry it with you.","铺在地上的睡垫，躺卧时能起到保温作用。需要偶尔维护，否则会散架。

将其卷起即可随身携带。"
Comfort_Bedroll_Placed_DA_Nap,Nap,小憩
Comfort_Bedroll_Placed_DA_Sleep,Sleep,睡觉
Comfort_Bedroll_Placed_DA_Dismantle,Roll Up,卷起
Comfort_Bp_Bedroll_Place_CardName,Place Bedroll,铺设睡垫
Comfort_Bp_Bedroll_Place_CardDescription,Unroll a bedroll on the ground as a sleeping surface.,将睡垫展开铺在地上，作为睡眠场所。
Comfort_Bp_Bedroll_Place_UnlockConditionsDesc,Bedroll Needed,需要睡袋
Comfort_DownMattress_CardName,Down Mattress,羽绒床垫
Comfort_DownMattress_CardDescription,"A thick mattress of heavy cloth panels stuffed full of down feathers, bound tight with fiber and twine. Far softer than any bedroll.",用厚布片填满羽绒、再以纤维和麻绳紧紧捆扎而成的厚实床垫，比任何睡垫都要柔软得多。
Comfort_DownMattress_UsageDurability,Durability,耐久度
Comfort_DownMattress_WornOut,The mattress has worn through and the down has scattered.,床垫已经磨穿，羽绒散落一地。
Comfort_DownMattress_DA_Dismantle,Dismantle,拆解
Comfort_Bp_DownMattress_CardName,Down Mattress,羽绒床垫
Comfort_Bp_DownMattress_CardDescription,"Sew heavy cloth panels and stuff them with down feathers, bound tight with fiber and twine, for a plush sleeping surface.",缝制厚布片并填入羽绒，再用纤维和麻绳紧紧捆扎，制成柔软的睡眠垫层。
Comfort_Bp_DownMattress_UnlockConditionsDesc,Large Cloth Needed,需要大块布料
Comfort_CopperBedFrame_CardName,Copper Bed Frame,铜制床架
Comfort_CopperBedFrame_CardDescription,A sturdy wooden bed frame reinforced with hammered copper joints. Needs a mattress before it's worth sleeping on.,一副用锻打铜件加固接口的坚固木床架，需要配上床垫才能真正用来睡觉。
Comfort_CopperBedFrame_DA_Dismantle,Dismantle,拆解
Comfort_Bp_CopperBedFrame_CardName,Copper Bed Frame,铜制床架
Comfort_Bp_CopperBedFrame_CardDescription,Build a bed frame from wood planks braced with hammered copper sheet joints. Requires the Copper Sheet blueprint (Advanced Copper Tools).,用木板搭建床架，并以锻打铜片接口加固。需要「铜板」蓝图（来自高级铜具模组）。
Comfort_Bp_CopperBedFrame_UnlockConditionsDesc,Earn the Inn Keeper's friendship (30) and a Copper Sheet (Advanced Copper Tools),赢得旅店老板的友谊（30）并拥有一块铜板（需要高级铜具）
Comfort_ComfortableBed_Placed_CardName,Comfortable Bed,舒适床铺
Comfort_ComfortableBed_Placed_CardDescription,A proper bed: a down-stuffed mattress mounted on a copper-braced wooden frame. The best night's sleep you can build in the wild.,一张真正的床：羽绒床垫安装在铜件加固的木床架上，是野外能搭建出的最佳睡眠场所。
Comfort_ComfortableBed_Placed_CardHelpSection,"<b>Usage:</b> Nap or Sleep on it for the best rest available, and its warmth passively lifts perceived temperature while you're in this environment.

<b>Take Apart:</b> Splits the bed back into its Down Mattress and Copper Bed Frame so you can move it to a new camp.","<b>用途：</b>在上面小睡或过夜可获得最佳休息效果，它的暖意还会在你身处此环境时被动提升体感温度。

<b>拆解：</b>将床拆分回羽绒床垫和铜制床架，方便你搬到新的营地。"
Comfort_ComfortableBed_Placed_DA_Nap,Nap,小憩
Comfort_ComfortableBed_Placed_DA_Sleep,Sleep,睡觉
Comfort_ComfortableBed_Placed_DA_TakeApart,Take Apart,拆卸
Comfort_Bp_ComfortableBed_CardName,Comfortable Bed,舒适床铺
Comfort_Bp_ComfortableBed_CardDescription,Mount a down-stuffed mattress onto a copper-braced bed frame. The most comfortable sleeping surface you can build.,将羽绒床垫安装到铜件加固的床架上，是你能搭建出的最舒适睡眠场所。
Comfort_Bp_ComfortableBed_UnlockConditionsDesc,Earn the Inn Keeper's friendship (15),赢得旅店老板的友谊（15）
CMC_VillagePath_CardName,Village Path,村间小径
CMC_Env_VillagePath_CardName,Village Path,村间小径
CMC_VillagePath_CardDescription,A tangled thicket of oak trees marked by winding paths and dense undergrowth.,一片橡树交错的密林，蜿蜒的小径穿行其间，灌木丛生。
CMC_VillagePath_CardHelpSection,"<b>Oak Thicket:</b>

<b>Flora:</b> Oaks, Healer's Moss, Fireroot, Springberries (spring), Acorns (autumn), Forest Caps.

<b>Fauna:</b> Squirrels, Partridges, Foxes.","<b>橡树林：</b>

<b>植物：</b>橡树、疗伤地衣、火根、春莓（春季）、橡子（秋季）、森伞菇。

<b>动物：</b>松鼠、灰山鹑、狐狸。"
CMC_VillageFarm_CardName,Village Farm,村庄农田
CMC_Env_VillageFarm_CardName,Village Farm,村庄农田
CMC_VillageFarm_CardDescription,"An expansive cleared field ideal for cultivation, with mixed pine and open grassland.",一片开阔的清理地，适合耕种，四周混杂着松树和开阔草地。
CMC_VillageFarm_CardHelpSection,"<b>Pine Clearing, Cultivated:</b>

<b>Conditions:</b> Acidic soil.

<b>Flora:</b> Pines, birch, appleweed, healer's moss, fireroot, and meadowgrass border the tilled ground. The farm rotates seasonal fields (flax in spring, turnroot in summer, rye in autumn), and wild garlic grows wild along the margins.

<b>Fauna:</b> Quiet. The worked soil draws little wildlife beyond the odd forager's basket.","<b>松树林隙，人工种植：</b>

<b>环境条件：</b>酸性土壤。

<b>植物：</b>松树、白桦树、柰草、疗伤地衣、火根和牧草环绕着耕地。农田按季节轮种（春季亚麻、夏季翻根、秋季黑麦），野蒜则沿田埂边缘自然生长。

<b>动物：</b>寂静无声。这片被耕种过的土地除了偶尔路过的采集者，几乎吸引不到什么野生动物。"
CMC_Village_CardName,Village,村庄
CMC_Env_Village_CardName,Village,村庄
CMC_Village_CardDescription,"A settled oak clearing transformed into a thriving village, its stone and timber structures forming the heart of the settlement.",一片已被开发的橡木林隙，如今已发展成一座繁荣的村庄，石木结构的建筑构成了聚落的核心。
CMC_Village_CardHelpSection,"<b>Oak Clearing, Settled:</b>

<b>Flora:</b> Oaks and birch still ring the square, with appleweed, fireroot, and turnroot holding on at the clearing's edge, though most of the original ground has given way to the Inn, Academy, Market Stall, and cottages.

<b>Fauna:</b> Squirrels, foxes, and does still pass along the treeline at dusk, kept well clear of the buildings by the daily bustle.","<b>橡木林隙，聚居地：</b>

<b>植物：</b>广场四周仍环绕着橡树和白桦树，柰草、火根和翻根在林隙边缘顽强生长，不过原有的大部分土地已经让位给了旅店、学院、集市摊位和各家小屋。

<b>动物：</b>松鼠、狐狸和母鹿仍会在黄昏时分沿林线经过，但日常的喧嚣让它们始终与建筑保持着距离。"
CMC_ForagingForest_CardName,Foraging Forest,觅食林
CMC_Env_ForagingForest_CardName,Foraging Forest,觅食林
CMC_ForagingForest_CardDescription,"A dense pine forest with abundant undergrowth of ferns, mushrooms, and wild plants surrounding a still pond.",一片茂密的松树林，环绕着一汪静谧的池塘，林下生长着丰富的蕨类、蘑菇和野生植物。
CMC_ForagingForest_CardHelpSection,"<b>Pine Grove, Pond:</b>

<b>Conditions:</b> Acidic soil.

<b>Flora:</b> Pines, Healer's Moss, Fireroot, Bilberries (summer), and Pine Nuts (autumn) ring a still pond. This is the richest foraging ground in the valley: bracket fungus, forest caps, spirit mushrooms, fairyweed, wolfsbane, and wild garlic turn up regularly, with the occasional acorn cache or bird nest.

<b>Fauna:</b> Partridges, Foxes, Does, Stags, and Wolves range through the trees, with frogs at the pond's edge. A stray cat is sometimes seen prowling here around dusk.","<b>松木林地，池塘：</b>

<b>环境条件：</b>酸性土壤。

<b>植物：</b>松树、疗伤地衣、火根、越橘（夏季）和松子（秋季）环绕着一汪静谧的池塘。这里是山谷中最富饶的采集地：树舌、森伞菇、灵魂菇、仙灵草、乌头和野蒜时常可见，偶尔还能找到橡子藏匿处或鸟巢。

<b>动物：</b>灰山鹑、狐狸、母鹿、公鹿和狼群在林间出没，青蛙则栖息在池塘边缘。黄昏时分，偶尔能看见一只流浪猫在此徘徊。"
CMC_HuntersCrossing_CardName,Hunter's Crossing,猎人岔口
CMC_Env_HuntersCrossing_CardName,Hunter's Crossing,猎人岔口
CMC_HuntersCrossing_CardDescription,"A natural crossroads in the forest where game trails converge, marked by badger sett-diggings along the banks.",森林中一处天然的交汇处，各条兽径在此汇聚，岸边分布着獾群挖掘的洞穴痕迹。
CMC_HuntersCrossing_CardHelpSection,"<b>Pine Clearing:</b>

<b>Conditions:</b> Acidic soil.

<b>Flora:</b> Pines, Birch, Appleweed, Healer's Moss, Fireroot, Pine Nuts (autumn), Fly Agaric, Meadowgrass.

<b>Fauna:</b> Squirrels are the more common sight along this trail; badger setts dug into the banks nearby mark the den the diggers keep to by day.","<b>松树林隙：</b>

<b>环境条件：</b>酸性土壤。

<b>植物：</b>松树、白桦树、柰草、疗伤地衣、火根、松子（秋季）、毒蝇伞、牧草。

<b>动物：</b>松鼠是这条小径上更常见的身影；附近岸边挖掘的獾穴标记着挖掘者白天蛰伏的巢穴。"
CMC_DeerMeadow_CardName,Stillwater Meadow,静水草甸
CMC_Env_DeerMeadow_CardName,Stillwater Meadow,静水草甸
CMC_DeerMeadow_CardDescription,"A pine grove meadow centered on a still pond, where deer come to drink and graze.",一片以静谧池塘为中心的松林草甸，鹿群常来此饮水觅食。
CMC_DeerMeadow_CardHelpSection,"<b>Pine Grove, Pond:</b>

<b>Conditions:</b> Acidic soil.

<b>Flora:</b> Pines, Healer's Moss, Fireroot, Bilberries (summer), Pine Nuts (autumn), around a still pond.

<b>Fauna:</b> Partridges, Foxes, Does, Stags, and Wolves; the deer that give this meadow its name are a common sight grazing near the water.","<b>松木林地，池塘：</b>

<b>环境条件：</b>酸性土壤。

<b>植物：</b>松树、疗伤地衣、火根、越橘（夏季）、松子（秋季）环绕着一汪静谧的池塘。

<b>动物：</b>灰山鹑、狐狸、母鹿、公鹿和狼群；正是这片草甸得名的由来——鹿群常在水边觅食，是这里常见的景象。"
CMC_BadgerWarren_CardName,Sett Warren,獾巢地
CMC_Env_BadgerWarren_CardName,Sett Warren,獾巢地
CMC_BadgerWarren_CardDescription,A pine-covered hillside pockmarked with sett-diggings and burrow entrances.,一片松树覆盖的山坡，坡面布满了獾群挖掘的洞穴和地洞入口。
CMC_BadgerWarren_CardHelpSection,"<b>Pine Clearing:</b>

<b>Conditions:</b> Acidic soil.

<b>Flora:</b> Pines, Birch, Appleweed, Healer's Moss, Fireroot, Pine Nuts (autumn), Fly Agaric, Meadowgrass.

<b>Fauna:</b> Sett-diggings and burrows pockmark the hillside; the badger colony the warren is named for keeps mostly out of sight by day.","<b>松树林隙：</b>

<b>环境条件：</b>酸性土壤。

<b>植物：</b>松树、白桦树、柰草、疗伤地衣、火根、松子（秋季）、毒蝇伞、牧草。

<b>动物：</b>山坡上布满了洞穴和地洞；使这片穴地得名的獾群大多在白天藏身不出。"
CharacterTraits_Perk_VillagePath_PerkName,Village Pathfinder,村庄探路者
CharacterTraits_Perk_VillagePath_PerkDescription,"You know of an old path across the river, east of the River Clearing, and the bridge is already standing. The Village Path is yours from day one, no construction required.",你知道一条穿过河流的古道，就在河边空地以东，桥梁早已架好。从第一天起，村间小径便已属于你，无需再行建造。
CharacterTraits_Perk_VillageInn_PerkName,Village Inn,旅店旧友
CharacterTraits_Perk_VillageInn_PerkDescription,"The innkeeper across the river already counts you among friends. You start with a head start on his friendship, and he skips the formal introductions: the village's construction projects, trade, and Academy study are open to you from your first day.",河对岸的旅店老板早已将你视为朋友。开局即拥有领先的友谊值，他也省去了寒暄客套：从第一天起，村庄的建设项目、交易与学院课程便已向你敞开。
CharacterTraits_Perk_VillageFounder_PerkName,Village Founder,村庄奠基人
CharacterTraits_Perk_VillageFounder_PerkDescription,"You've been here before — long before today. The Miller's Cottage, the Weaver's Cottage, the Village Hall, and the Apothecary's Cabin are already standing, their residents already moved in, and the Inn Keeper, Professor, Miller, Weaver, and Apothecary all treat you like an old friend. All four of their first errands are already settled.",你早已来过此地——远在今日之前。磨坊主的小屋、织工的小屋、村公所与药剂师的小屋都已建成，住户也已入住，旅店老板、教授、磨坊主、织工与药剂师都将你视为故交。他们四人的第一件差事都已经办妥。
CharacterTraits_Perk_Graduate_PerkName,Graduate,毕业生
CharacterTraits_Perk_Graduate_PerkDescription,"You already hold a full Academy education. Architecture, Metallurgy, Herbalism, Fishing, Armorer, and Medicine are all complete — you carry every discipline's graduate perk and their blueprint rewards from the start, without ever setting foot in the Lecture Hall.",你已完成学院的全部学业。建筑学、冶金学、药草学、钓鱼、制甲与医学课程悉数修毕——从一开始你就拥有每门学科的毕业生特质及其蓝图奖励，无需踏入讲堂半步。
Combat_And_Armor_StoneMace_OnZero,Stone Mace Broken!,石锤已损坏！
Combat_And_Armor_WoodenShield_OnZero,Shield Destroyed!,盾牌已损毁！
Combat_And_Armor_QuiltedVest_OnZero,Vest Destroyed!,背心已损毁！
Combat_And_Armor_BoneLamellar_OnZero,Armor Destroyed!,铠甲已损毁！
Combat_And_Armor_QuiltedCap_OnZero,Cap Destroyed!,帽子已损毁！
CMC_IronFishingRodFittings_CardName,Iron Fishing Rod Fittings,铁制钓竿配件
CMC_IronFishingRodFittings_CardDescription,Iron hook eyelet and reel fittings for a superior fishing rod. Combine with a long stick and fishing line to complete the rod.,用于制作优质钓竿的铁制导环和卷线器配件，与长木棍和钓线组合即可制成完整的钓竿。
Bp_CMC_IronFishingRodFittings_CardName,Iron Fishing Rod Fittings,铁制钓竿配件
Bp_CMC_IronFishingRodFittings_CardDescription,Forge iron fittings for a superior fishing rod. Requires a heated iron nugget and a forge hammer.,锻造优质钓竿所需的铁制配件。需要一块加热过的铁块和一把锻造锤。
Bp_CMC_IronFishingRodFittings_UnlockConditionsDesc,Iron Nugget and Forge Hammer Needed,需要铁块与锻锤
CMC_IronFishingRod_CardName,Iron Fishing Rod,铁制钓竿
CMC_IronFishingRod_CardDescription,A well-crafted rod with iron fittings a long stick and rustic line. Provides a fishing advantage and aids stamina recovery while carried.,一根用铁制配件、长木棍和粗制钓线精心制作的钓竿。能提升钓鱼效率，随身携带时还有助于耐力恢复。
CMC_IronFishingRod_UsageDurability,Durability,耐久度
CMC_IronFishingRod_OnZero,Rod Broken!,鱼竿已损坏！
CMC_IronFishingRod_Dismantle_ActionName,Dismantle,拆解
CMC_IronFishingRod_Dismantle_ActionDescription,"Take the rod apart to recover the iron fittings, long stick, and fishing line.",拆开鱼竿，回收铁制配件、长木棍和钓鱼线。
CMC_IronFishingRod_Fish_ActionName,Cast Line,抛竿垂钓
CMC_IronFishingRod_Fish_ActionDescription,Cast your iron-fitted line into the water and wait for a bite.,把这根带铁制配件的钓线抛入水中，等待鱼儿上钩。
Bp_CMC_IronFishingRod_CardName,Iron Fishing Rod,铁制钓竿
Bp_CMC_IronFishingRod_CardDescription,Assemble a superior fishing rod from iron fittings a long stick and a rustic fishing line. Provides a fishing advantage and aids stamina recovery while carried.,用铁制配件、长木棍和粗制钓线组装出一根优质钓竿。能提升钓鱼效率，随身携带时还有助于耐力恢复。
Bp_CMC_IronFishingRod_UnlockConditionsDesc,Iron Fishing Rod Fittings Needed,需要铁制钓竿配件
CMC_OldGrowthBark_CardName,Old Growth Bark,古树皮
CMC_OldGrowthBark_CardDescription,"Thick bark peeled from the ancient oaks of the Foraging Forest. Rich with aromatic tannins, ground together with wild garlic into a soothing herb paste.",从觅食林古老橡树上剥下的厚实树皮，富含芳香单宁，与野蒜一同研磨可制成舒缓的草药糊。
CMC_GardenTrellis_Placed_CardName,Garden Trellis,花园棚架
CMC_GardenTrellis_Placed_CardDescription,A wooden trellis erected in the garden. Its orderly frame lifts the spirit and makes the space feel tended and alive.,一座竖立在花园中的木制棚架，整齐的结构令人心情舒畅，也让这片空间显得生机盎然、精心打理。
CMC_GardenTrellis_Placed_DA_Dismantle,Dismantle,拆解
CMC_GardenTrellis_Placed_Weathered,The garden trellis has rotted away.,花园棚架已经腐朽消失。
Bp_CMC_GardenTrellis_CardName,Garden Trellis,花园棚架
Bp_CMC_GardenTrellis_CardDescription,Lash long sticks together with rope into a climbing-plant frame.,用绳子把长木棍绑扎在一起，制成攀爬植物的支架。
Pottery_Sculpture_FigurineCastle_CardName,Castle Figurine,城堡陶像
Pottery_Sculpture_FigurineCastle_CardDescription,A small clay figurine shaped like a miniature tower with crenellations. Intricate work prized by traders and collectors.,一尊形似带雉堞微型塔楼的小陶像，工艺精细，深受商人和收藏家青睐。
Pottery_Sculpture_FigurineCastle_UsageDurability,Durability,耐久度
Pottery_Sculpture_FigurineCastle_Broken,The castle figurine has crumbled.,城堡塑像已经碎裂剥落。
Pottery_Sculpture_Bp_FigurineCastle_CardName,Castle Figurine,城堡陶像
Pottery_Sculpture_Bp_FigurineCastle_CardDescription,Sculpt a miniature castle tower from clay using a knife. A more intricate piece than the other figurines.,用小刀把陶土雕成一座微型城堡塔楼，比其他陶像更为精细复杂。
Pottery_Sculpture_Bp_FigurineCastle_UnlockConditionsDesc,Bring the Professor clay for his ruined castle,为教授的废墟城堡带来粘土
Pottery_Sculpture_StoneTiles_CardName,Stone Tiles,石砖
Pottery_Sculpture_StoneTiles_CardDescription,"Flat stone pieces chipped and shaped smooth, a mark of skilled craftsmanship. Can be laid as a tiled floor in cabins and mud huts, or sold as a modest trade good.",经过精心凿磨、打磨光滑的扁平石块，是精湛工艺的体现。可铺设在小屋和泥屋中作为地板，也可作为普通商品出售。
Pottery_Sculpture_Bp_StoneTiles_CardName,Stone Tiles,石砖
Pottery_Sculpture_Bp_StoneTiles_CardDescription,"Chip a stone flat and square. Produces several polished tiles that can be laid as flooring in cabins and mud huts, or sold in trade.",把石头凿成扁平方正的形状，可制成多块抛光石砖，用作小屋和泥屋的地板，也可用于交易。
Pottery_Sculpture_Bp_StoneTiles_UnlockConditionsDesc,Stone Needed,需要石头
Pottery_Sculpture_HerbPaste_CardName,Herb Paste,草药糊
Pottery_Sculpture_HerbPaste_CardDescription,"A thick paste ground from wild garlic and old growth bark in a stone mortar. Has a sharp, bitter flavor but eases the body and lifts the spirits.",用石臼将野蒜和古树皮研磨成的浓稠糊状物，味道辛辣苦涩，却能舒缓身体、提振精神。
Pottery_Sculpture_HerbPaste_Spoiled,The herb paste has gone rancid.,草药膏已经变质腐坏。
Pottery_Sculpture_HerbPaste_DA_Eat,Eat,食用
Pottery_Sculpture_Bp_HerbPaste_CardName,Herb Paste,草药糊
Pottery_Sculpture_Bp_HerbPaste_CardDescription,Grind wild garlic and old growth bark together using a stone or hammer. The resulting paste provides nourishment and comfort.,用石头或锤子把野蒜和古树皮一同研磨。制成的糊状物能提供滋养与安慰。
Pottery_Sculpture_Bp_HerbPaste_UnlockConditionsDesc,Help the Apothecary forage three fresh herbs,帮助药剂师采集三种新鲜草药
Comfort_WovenWallHanging_CardName,Woven Wall Hanging,编织壁挂
Comfort_WovenWallHanging_CardDescription,A panel of dried rye straw woven into a decorative hanging and dyed with natural pigment. Warm earthy tones make any space feel more like home.,用干黑麦秸秆编织而成的装饰挂饰，并染以天然颜料。温暖的大地色调能让任何空间都更有家的感觉。
Comfort_WovenWallHanging_Weathered,The wall hanging has dried out and crumbled away.,壁挂已经干裂剥落。
Comfort_WovenWallHanging_Bp_CardName,Woven Wall Hanging,编织壁挂
Comfort_WovenWallHanging_Bp_CardDescription,Weave dried rye straw into a decorative panel and dye it with natural pigment.,用干黑麦秸秆编织成装饰挂毯，并用天然颜料染色。
Comfort_TricolorWallHanging_CardName,Tricolor Wall Hanging,三色壁挂
Comfort_TricolorWallHanging_CardDescription,A panel of woven reeds dyed in three natural pigment colors. The bold banded patterns fill a shelter with warmth and life.,一块用芦苇编织、染有三种天然颜料色彩的挂毯，鲜明的条纹图案为居所增添了温暖与生气。
Comfort_TricolorWallHanging_Weathered,The wall hanging has dried out and crumbled away.,壁挂已经干裂剥落。
Comfort_TricolorWallHanging_Bp_CardName,Tricolor Wall Hanging,三色壁挂
Comfort_TricolorWallHanging_Bp_CardDescription,Weave dried reeds into a decorative panel and dye sections with three different natural pigments.,用干芦苇编织成装饰挂毯，并分区染上三种不同的天然颜料。
IncenseBurner_CardName,Incense Burner,香炉
IncenseBurner_CardDescription,"A small clay vessel shaped to hold smoldering dried grass. Fill with rye straw and light from a fire to release a calming, grassy fragrance.",一只塑形用来盛放阴燃干草的小陶器。填入黑麦秸秆并用火点燃，即可释放出令人平静的草香。
IncenseBurner_FuelCapacity_CardStatName,Straw,稻草
IncenseBurner_Refuel_ActionName,Fill with Straw,填入干草
IncenseBurner_Refuel_ActionDescription,Pack dried rye straw into the burner vessel.,把风干黑麦秸秆装入香炉容器。
IncenseBurner_Light_ActionName,Light Incense,点燃熏香
IncenseBurner_Light_ActionDescription,Touch a flame to the straw to start it smoldering.,用火点燃秸秆，让它开始阴燃。
IncenseBurner_NeedsFuel,The burner needs straw first.,这个香炉需要先添加秸秆。
IncenseBurner_Bp_CardName,Incense Burner,香炉
IncenseBurner_Bp_CardDescription,Shape clay into a small open-topped vessel for burning dried grass.,用陶土塑出一只敞口小容器，用于焚烧干草。
IncenseBurner_Bp_UnlockConditionsDesc,The Apothecary and Inn Keeper's morning-after remedy,药剂师与旅店老板的宿醉解药
IncenseBurnerLit_CardName,Lit Incense Burner,燃烧的香炉
IncenseBurnerLit_CardDescription,"Smoldering dried grass fills the air with a warm, grassy fragrance. Settle nearby and let the spirit ease.",阴燃的干草让空气中弥漫着温暖的草香，坐在旁边能让精神得到舒缓。
IncenseBurnerLit_FuelCapacity_CardStatName,Straw,稻草
IncenseBurnerLit_FuelOut_ActionName,Incense Burns Out,熏香燃尽
IncenseBurnerLit_FuelOut_ActionDescription,The straw has finished burning.,秸秆已经燃尽。
IncenseBurnerLit_Extinguish_ActionName,Extinguish,熄灭
IncenseBurnerLit_Extinguish_ActionDescription,Snuff out the smoldering straw.,掐灭阴燃的秸秆。
Comfort_StrawMat_Placed_CardName,Straw Mat,草席
Comfort_StrawMat_Placed_CardDescription,"A woven mat of rye straw laid flat on the ground. Simple underfoot comfort, far better than bare earth.",一张用黑麦秸秆编织、平铺在地上的草席，简单却舒适，远胜过赤脚踩在裸露的泥地上。
Comfort_StrawMat_Placed_Weathered,The straw mat has rotted away.,草席已经腐朽消失。
Comfort_StrawMat_Placed_DA_RollUp,Roll Up,卷起
Comfort_StrawMat_Placed_DA_RollUp_Description,Roll up the mat and recover some straw.,卷起草席，回收一些稻草。
Comfort_StrawMat_Bp_CardName,Straw Mat,草席
Comfort_StrawMat_Bp_CardDescription,Weave rye straw into a flat floor mat bound with twine.,用黑麦秸秆编织成一张平整的地席，并用麻绳捆扎固定。
Pottery_PaintedPlate_CardName,Painted Clay Plate,彩绘陶盘
Pottery_PaintedPlate_CardDescription,"A flat clay plate decorated with careful brushwork and natural pigment. Serves food in style, or displays well on a shelf.",一只以精细笔触和天然颜料装饰的扁平陶盘，既可优雅地盛放食物，也适合摆放展示。
Pottery_PaintedPlate_Bp_CardName,Painted Clay Plate,彩绘陶盘
Pottery_PaintedPlate_Bp_CardDescription,Paint decorative designs onto a clay plate using pigment.,用颜料在陶盘上绘制装饰图案。
Pottery_PaintedPlate_Bp_UnlockConditionsDesc,The Miller and Inn Keeper's baking day,磨坊主与旅店老板的烘焙日
Pottery_PaintedCup_CardName,Painted Clay Cup,彩绘陶杯
Pottery_PaintedCup_CardDescription,"A small painted clay cup decorated with natural pigment. Holds a small measure of water, tea, or broth, and looks far better than a plain bowl.",一只以天然颜料装饰的小陶杯，可盛放少量水、茶或汤，比普通陶碗更加美观。
Pottery_PaintedCup_Bp_CardName,Painted Clay Cup,彩绘陶杯
Pottery_PaintedCup_Bp_CardDescription,Paint designs on a small clay bowl to create a decorative drinking cup.,在小陶碗上绘制图案，制成一只装饰性的饮用杯。
Pottery_PaintedCup_Bp_UnlockConditionsDesc,Bring the Inn Keeper a beer or ale for brew night,在酿酒之夜为旅店老板带来一杯啤酒或麦芽酒
Pottery_PaintedCup_UsageDurability,Durability,耐久度
Pottery_PaintedCup_Broken,The painted cup has shattered.,彩绘杯已经碎裂。
Pottery_PaintedPlate_UsageDurability,Durability,耐久度
Pottery_PaintedPlate_Broken,The painted plate has shattered.,彩绘盘已经碎裂。
CMC_FishingNet_CardName,Fishing Net,渔网
CMC_FishingNet_CardDescription,A hand-thrown casting net knotted from twine and stretched on sticks. Heave it into the water to catch several fish at once. Wears out after repeated use.,一张用麻绳编结、以木棍撑开的手抛渔网。抛入水中即可一次捕获多条鱼，反复使用后会磨损。
CMC_FishingNet_UsageDurability_CardStatName,Casts,撒网次数
CMC_FishingNet_WornOut,The fishing net has worn through and can no longer be cast.,渔网已经磨破，无法再撒网了。
CMC_FishingNet_DA_CastNet,Cast Net,撒网
CMC_FishingNet_DA_CastNet_Description,Throw the net into the water and haul it back with fish.,把网撒入水中，拉回来时会带着鱼。
CMC_FishingNet_Bp_CardName,Fishing Net,渔网
CMC_FishingNet_Bp_CardDescription,Knot twine into a wide casting net stretched across long sticks.,用麻绳编结出一张宽大的渔网，撑在长木棍上。
CMC_FishingNet_Bp_UnlockConditionsDesc,Twine Needed,需要细绳
CharacterTraits_Perk_PastLifeMemories_PerkName,Past Life Memories,前世记忆
CharacterTraits_Perk_PastLifeMemories_PerkDescription,"You retain skills from another life. Deep knowledge in crafting, cooking, herbalism, woodworking, and knapping comes to you with surprising ease.",你保留着来自另一段人生的技艺。制作、烹饪、药草学、木工与打制的精深知识，对你而言竟出奇地容易上手。
CharacterTraits_Perk_Prospector_PerkName,Prospector,探矿者
CharacterTraits_Perk_Prospector_PerkDescription,"You have a trained eye for stone and ore. Start with a head start in Knapping and Metalworking, plus a selection of useful stones to get you started.",你练就了一双识别矿石的慧眼。开局即拥有领先的打制与金工技能，并附带一些趁手的石料助你起步。
CharacterTraits_Perk_MineralRich_PerkName,Mineral Rich,矿产丰饶
CharacterTraits_Perk_MineralRich_PerkDescription,"You come from a land blessed with abundant stone. Start with a collection of flint, greenstone, and a whetstone ready to work with.",你来自矿藏丰饶之地。开局携带一批燧石、绿石与一块可供使用的磨刀石。
CharacterTraits_Perk_PeacefulFarmer_PerkName,Peaceful Farmer,安宁农夫
CharacterTraits_Perk_PeacefulFarmer_PerkDescription,"You spent your years tending crops and cooking simple meals. Start with a head start in Cooking, an enhanced foraging bonus, seeds to plant, a flint hoe, and a bowl to carry your harvest.",你多年来一直耕种作物、烹制简单的餐食。开局即拥有领先的烹饪技能，并获得增强的采集加成，附带种子、燧石锄与一只用来盛放收成的碗。
CharacterTraits_Perk_AbundantGrowth_PerkName,Abundant Growth,茂盛生长
CharacterTraits_Perk_AbundantGrowth_PerkDescription,"The land seems to respond to your presence. Your foraging aid builds at double its normal rate, and you start with a selection of seeds and forageable plants.",大地似乎对你的存在有所回应。采集加成的积累速度是常人的两倍，开局还附带一些种子与可采集的植物。
CharacterTraits_Perk_Trollblood_PerkName,Trollblood,巨魔之血
CharacterTraits_Perk_Trollblood_PerkDescription,Your blood clots with unusual speed and you shake off pain quickly. Wounds stop bleeding noticeably faster and aches fade sooner than they would for others.,你的血液凝结得异常迅速，也能很快甩掉痛楚。伤口止血的速度明显比常人更快，疼痛也消退得更早。
CharacterTraits_Perk_SpirituallyHarmonious_PerkName,Spiritually Harmonious,灵性和谐
CharacterTraits_Perk_SpirituallyHarmonious_PerkDescription,"You are at peace with the world around you. Your insight into the spirit realm is exceptional and stress washes over you without finding purchase, fading faster than it would for others.",你与周遭的世界相处融洽。你对灵界的洞察力非同寻常，压力从你身上掠过却难以停驻，消退的速度也比常人更快。
CharacterTraits_Perk_WideHands_PerkName,Wide Hands,宽厚双手
CharacterTraits_Perk_WideHands_PerkDescription,"Your large, dexterous hands are made for working. Start with a head start in Crafting and Knapping, with a consistent crafting quality bonus on everything you make.",你那双宽厚灵巧的手天生适合劳作。开局即拥有领先的制作与打制技能，你制作的一切物品都会持续获得品质加成。
CharacterTraits_Perk_Claws_PerkName,Claws,利爪
CharacterTraits_Perk_Claws_PerkDescription,"Your fingernails grow hard and talon-like, giving you an edge in close quarters. Start with a head start in Knife Fighting and Melee Fighting, and your natural weapons give constant bonuses to ambush and chase actions.",你的指甲坚硬如爪，在近身搏斗中占尽优势。开局即拥有领先的刀战与近战技能，你的天生武器还会持续为伏击与追击行动提供加成。
CharacterTraits_Perk_Troglodyte_PerkName,Troglodyte,穴居者
CharacterTraits_Perk_Troglodyte_PerkDescription,A life spent in caves and cramped tunnels has made you sure-footed and constantly alert. Start with a head start in Climbing and enhanced climbing and alertness aids.,长年在洞穴与狭窄隧道中生活，让你脚步稳健、时刻警觉。开局即拥有领先的攀爬技能，并获得增强的攀爬与警觉加成。
CharacterTraits_Perk_ExiledArtist_PerkName,Exiled Artist,放逐艺术家
CharacterTraits_Perk_ExiledArtist_PerkDescription,"Forced from your homeland, you carry your craft with you. Start with a head start in Pottery, two lumps of clay for sculpting, charcoal for pigment, and a basket to carry your work.",被迫离开故土的你，随身带着自己的手艺。开局即拥有领先的陶艺技能，附带两块可供塑形的粘土、用作颜料的木炭，以及一只盛放作品的篮子。
CharacterTraits_Perk_BornMark_PerkName,Born Mark,天生印记
CharacterTraits_Perk_BornMark_PerkDescription,You were born with a distinctive mark that the spirits take notice of. Fortune smiles on you slightly more often than on others.,你生来便带有一道显眼的印记，连灵体都对此有所留意。幸运略微更常眷顾于你。
CharacterTraits_Perk_Aged_PerkName,Aged,年迈
CharacterTraits_Perk_Aged_PerkDescription,The years have taken their toll. Your body recovers stamina more slowly and aches linger longer than they should.,岁月在你身上留下了痕迹。体力恢复得更慢，疼痛也比常理更久不散。
CharacterTraits_Perk_Bleeder_PerkName,Bleeder,凝血不良
CharacterTraits_Perk_Bleeder_PerkDescription,"Your blood does not clot well. Wounds bleed for significantly longer than they should, making even minor injuries into dangerous situations.",你的血液难以凝结。伤口出血的时间明显长于常理，哪怕是轻伤也可能演变为危险的局面。
CharacterTraits_Perk_SpirituallyTroubled_PerkName,Spiritually Troubled,灵性不安
CharacterTraits_Perk_SpirituallyTroubled_PerkDescription,"The spirits do not look kindly upon you. Stress weighs heavier and lingers longer, and the unease of an unfriendly spirit world keeps your nerves on edge.",灵体并不善待你。压力压得更重、消退得更慢，来自不友善灵界的不安也让你的神经时刻紧绷。
CharacterTraits_Perk_WeakenedGrowth_PerkName,Weakened Growth,生长迟滞
CharacterTraits_Perk_WeakenedGrowth_PerkDescription,"The land yields little for you. Your foraging aid builds up at half its normal rate, making wild food sources far less reliable.",大地对你格外吝啬。采集加成的积累速度只有常人的一半，使野外食物来源远不可靠。
CharacterTraits_Perk_Leper_PerkName,Leper,麻风病患者
CharacterTraits_Perk_Leper_PerkDescription,"Your body is ravaged by a wasting affliction. Pain is a constant companion, skin conditions flare persistently, and nausea saps your will to act.",你的身体饱受消耗性疾病的摧残。疼痛如影随形，皮肤病症持续发作，恶心感也不断消磨你行动的意志。
CharacterTraits_Perk_Fugitive_PerkName,Fugitive,逃亡者
CharacterTraits_Perk_Fugitive_PerkDescription,"You fled your old life in a hurry with little more than the clothes on your back. You begin haunted by fear and stress from the ordeal, and the anxiety of being hunted never quite leaves you.",你仓皇逃离了过去的生活，几乎只带着身上的衣物。开局便被那段磨难留下的恐惧与压力所困扰，被追捕的焦虑也始终挥之不去。
CharacterTraits_Perk_LostTourist_PerkName,Lost Tourist,迷路游客
CharacterTraits_Perk_LostTourist_PerkDescription,"You stumbled into this wilderness entirely by accident. You miss civilization and familiar faces. Start with some social skills, but loneliness and stress build faster in the wild.",你完全是误打误撞才闯入这片荒野。你怀念文明与熟悉的面孔。开局附带一些社交技能，但在荒野中孤独感与压力也积累得更快。
CharacterTraits_Perk_SeasonalAllergies_PerkName,Seasonal Allergies,季节性过敏
CharacterTraits_Perk_SeasonalAllergies_PerkDescription,"Spring is agony. Nausea and Rash build much faster throughout the year, and each spring triggers a severe allergic flare.",春天对你而言是种煎熬。恶心与皮疹全年积累得都快得多，每逢春季更会引发严重的过敏发作。
CharacterTraits_Perk_DeadlyDisease_PerkName,Deadly Disease,致命恶疾
CharacterTraits_Perk_DeadlyDisease_PerkDescription,"A debilitating disease ravages your body. You begin severely impaired with elevated Nausea, Pain, Rash, and Stress, and these conditions worsen slowly over time without treatment.",一种令人衰弱的疾病正侵蚀你的身体。开局便严重虚弱，恶心、疼痛、皮疹与压力值都居高不下，若不加以治疗，这些症状还会随时间缓慢恶化。
CharacterTraits_Perk_Lunacy_PerkName,Lunacy,月疯症
CharacterTraits_Perk_Lunacy_PerkDescription,"Your sanity ebbs and flows with the moon. Stress and madness grow as the moon waxes. At the full moon, an overwhelming urge grips you.",你的神志随月相盈亏起伏。月相渐圆时，压力与疯狂随之增长。满月之时，一股难以抗拒的冲动会攫住你。
CharacterTraits_Perk_Agoraphobia_PerkName,Agoraphobia,广场恐惧症
CharacterTraits_Perk_Agoraphobia_PerkDescription,Open spaces fill you with dread. Stress and Fear build steadily while you are exposed to the open environment.,空旷之地令你惶恐不安。身处开阔环境时，压力与恐惧会持续累积。
CharacterTraits_Perk_Nyctophobia_PerkName,Nyctophobia,黑暗恐惧症
CharacterTraits_Perk_Nyctophobia_PerkDescription,The dark terrifies you. Fear and Stress build at night when no light source is present.,黑暗令你感到恐惧。夜间若没有光源，恐惧与压力便会持续累积。
CharacterTraits_Perk_SensitiveSkin_PerkName,Sensitive Skin,敏感肌肤
CharacterTraits_Perk_SensitiveSkin_PerkDescription,Your skin burns easily. Sun Allergy builds faster whenever you are exposed to sunlight.,你的皮肤极易灼伤。每当暴露在阳光下，日光过敏便会更快累积。
CharacterTraits_Perk_LactoseIntolerant_PerkName,Lactose Intolerant,乳糖不耐症
CharacterTraits_Perk_LactoseIntolerant_PerkDescription,Your body cannot process dairy. Consuming dairy products causes severe Nausea and Pain.,你的身体无法消化乳制品。食用乳制品会引发严重的恶心与疼痛。
CharacterTraits_Perk_Drunkard_PerkName,Drunkard,酒鬼
CharacterTraits_Perk_Drunkard_PerkDescription,You cannot resist a drink. Alcohol hits twice as hard and brings Stress with it. Sobriety breeds restlessness.,你无法抵挡酒的诱惑。酒精对你的影响是常人的两倍，还会随之带来压力。而清醒时则会滋生烦躁不安。
CMC_Imp_RiverBridge_CardName,River Bridge,河桥
CMC_Imp_RiverBridge_CardDescription,A sturdy wooden bridge spanning the river at the clearing. Build this at the River Clearing to open the eastern path toward the village.,一座横跨林隙河流的坚固木桥。在河边林隙建造此桥可开通通往村庄的东侧道路。
CMC_Imp_StoneTileFloor_CardName,Stone Tile Floor,石砖地面
CMC_Imp_StoneTileFloor_CardDescription,"Polished stone tiles set into a bed of clay, covering the ground in a smooth, even floor. Increases comfort and insulation. Can be laid in cabins and mud huts.",用抛光石砖嵌入粘土基层，铺成平整均匀的地面。能提升舒适度和保温效果，可铺设在小屋和泥屋中。
CMC_MarketStallKit_CardName,Market Stall Kit,集市摊位套件
CMC_MarketStallKit_CardDesc,"A portable market stall. Can only be assembled in the village: merchants need foot traffic to buy your wares. Once placed, drop trade goods into the stall inventory and collect earnings as copper or salt over time.",一个可携带的集市摊位。只能在村庄内组装：商人需要人流才会购买你的货物。放置之后，把交易货物投入摊位库存，随着时间推移，就能以铜或盐的形式收取收益。
CMC_MarketStallKit_Help,Market Stall Kit,集市摊位套件
CMC_MarketStall_DA_SetUp,Set Up Stall,搭建摊位
CMC_MarketStall_CardName,Market Stall,集市摊位
CMC_MarketStall_CardDesc,A small trading post set up in the village. Drop trade goods into the stall and merchants will buy them over time. Collect earnings as copper nuggets or salt. Watch out: thieves sometimes strike unattended stalls.,一处架设在村庄内的小型交易点。把交易货物投入摊位，商人会随着时间购买它们。以铜块或盐的形式收取收益。当心：无人看管的摊位有时会遭窃贼光顾。
CMC_MarketStall_SD1_Name,Sales Revenue,销售收入
CMC_MarketStall_DA_CollectCopper,Collect as Copper,以铜块形式收取
CMC_MarketStall_DA_CollectSalt,Collect as Salt,以盐形式收取
CMC_MarketStall_DA_PackUp,Pack Up Stall,收起摊位
CMC_MarketStall_BP_Name,Market Stall,集市摊位
CMC_MarketStall_BP_Desc,"Build a market stall using planks, cloth, rope, and a Copper Chest for the coin lockbox. The finished kit can only be assembled in the village.",使用木板、布料、绳子，再用一个铜制箱子作为钱币保险箱，建造一个集市摊位。做好的套件只能在村庄内组装。
CMC_MarketStall_BP_UnlockDesc,Requires a Copper Chest,需要一个铜制箱子
CMC_Inn_CardName,Village Inn,旅店
CMC_Inn_CardDescription,"A warm inn kept by a friendly innkeeper. Step inside for a meal, a bed for the night, or some paying work.",一间由和蔼的旅店老板经营的温馨旅店。进去可以用餐、投宿一晚，或找些有偿工作。
CMC_Inn_Help,Inn,旅店
CMC_Inn_DA_Enter,Enter the Inn,进入旅店
CMC_Inn_DA_Enter_Fade,Entering the inn...,正在进入旅店……
CMC_InnInterior_CardName,Village Inn,旅店
CMC_InnInteriorLocation_CardName,Village Inn,旅店
CMC_InnExit_CardName,Inn Door,旅店大门
CMC_InnExit_DA_Exit,Exit,离开
CMC_InnExit_DA_Exit_Fade,Leaving the inn...,正在离开旅店……
CMC_InnCounter_CardName,Inn Counter,旅店柜台
CMC_InnCounter_CardDescription,"The Inn Keeper serves hot meals and rents out beds from behind this counter. Drag Salt, metal Nuggets, or Duros Coins onto the counter to fund your Inn Account (holds up to 500); a meal or a night's stay draws 50 from that balance. Drag Firewood onto the counter to sell it for Salt. There is usually odd work available too, paid in copper nuggets.",旅店老板在这个柜台后供应热食、出租床铺。将盐、金属块或杜洛斯硬币拖到柜台上即可为你的旅店账户充值（上限500）；一顿饭或一晚住宿会从余额中扣除50。将木柴拖到柜台上可以换取盐。这里通常也有些零工可做，报酬以铜块支付。
CMC_InnCounter_DA_Meal,Purchase Meal,购买餐食
CMC_InnCounter_DA_Meal_Desc,"Draws 50 from your Inn Account. Restores Satiation, Thirst, and Fullness. Provides Protein, Iron, and Vitamins. Tastes great.",从你的旅店账户中扣除50。恢复饱食度、口渴度和肠胃充盈度，提供蛋白质、铁和维生素，味道很棒。
CMC_InnCounter_DA_Sleep,Stay the Night,留宿一晚
CMC_InnCounter_DA_Sleep_Desc,"Draws 50 from your Inn Account. Rest for up to 6 hours, restoring Wakefulness and Energy. You'll wake early if your vitals reach a critical warning (thirst, temperature, bleeding, illness, or nature's call).",从你的旅店账户中扣除50。最多休息6小时，恢复清醒度和精力。若生命体征达到危急警报（口渴、体温、出血、疾病或如厕需求），你会提前醒来。
CMC_InnCounter_DA_Sleep_Interrupt_Thirsty,I'm too thirsty to sleep...,太渴了，睡不着……
CMC_InnCounter_DA_Sleep_Interrupt_Hot,I'm too hot to sleep...,太热了，睡不着……
CMC_InnCounter_DA_Sleep_Interrupt_Cold,I'm too cold to sleep...,太冷了，睡不着……
CMC_InnCounter_DA_Sleep_Interrupt_Bleeding,I'm losing too much blood...,我失血过多了……
CMC_InnCounter_DA_Sleep_Interrupt_Nauseous,I'm not feeling well...,我感觉不太舒服……
CMC_InnCounter_DA_Sleep_Interrupt_Underweight,I'm not feeling well...,我感觉不太舒服……
CMC_InnCounter_DA_Sleep_Interrupt_Storm,I can't sleep in the middle of a storm!,暴风雨这么大，我睡不着！
CMC_InnCounter_DA_Sleep_Interrupt_Bladder,I really need to Pee!,我真的很想上厕所（小便）！
CMC_InnCounter_DA_Sleep_Interrupt_Bowel,I really need to Poop!,我真的很想上厕所（大便）！
CMC_InnCounter_DA_Work,Work Odd Jobs,做零工
CMC_InnCounter_Prog_Account,Inn Account,旅店账户
CMC_InnCounter_CI_Deposit,Deposit Currency,存入货币
CMC_InnCounter_CI_Deposit_Desc,"Adds the value of the dragged Salt, Nugget, or Duros Coin to the Inn Account (max 500).",把拖动的盐、金属块或杜洛斯币的价值存入旅店账户（上限500）。
CMC_InnCounter_CI_SellFirewood,Sell Firewood,出售柴火
CMC_InnCounter_CI_SellFirewood_Desc,"Hand over a bundle of firewood for the hearth. Oak and Alder fetch 2 Salt; Birch, Pine, and Willow fetch 1.",交出一捆柴火供炉灶使用。橡木和桤木能换2份盐；桦木、松木和柳木能换1份。
CMC_InnKeeper_AgentName,Inn Keeper,旅店老板
CMC_InnKeeper_AgentDescription,"Keeps the Village Inn running: meals, a bed, and a friendly ear.",打理着村庄旅店的一切事务：饭菜、床铺，还有一双愿意倾听的耳朵。
CMC_InnKeeper_Chat_ActionName,Chat,交谈
CMC_InnKeeper_Chat_ActionDescription,Share a few words with the Inn Keeper over a mug of something warm.,端着一杯热乎的东西，和旅店老板聊上几句。
CMC_InnKeeper_Talk,Talk,交谈
CMC_InnKeeperTalk_SceneTitle,The Inn Keeper,旅店老板
CMC_InnKeeperTalk_Start_Line,"Well now, come in out of the dark, traveler. Fire's warm and the stew's on. What'll it be?",哎呀，快从外头的黑暗里进来吧，旅人。炉火正暖，炖菜也在锅里咕嘟着呢。想来点什么？
CMC_InnKeeperTalk_Start_Answer_Tale,Tell me a tale of the forest.,给我讲讲森林的故事吧。
CMC_InnKeeperTalk_Start_Answer_FoundCat,I found Ash. He's safe. See for yourself.,我找到艾什了，他很安全，你自己看看吧。
CMC_InnKeeperTalk_Start_Answer_Trade,Let's see your pantry.,让我看看你的储藏柜吧。
CMC_InnKeeperTalk_Start_Answer_Leave,Just warming my hands.,只是来暖暖手。
CMC_InnKeeperTalk_Forest1_Line,"Old-timers say this forest was old when the hills were young. Cross the water at the River Clearing and the trees start listening, and past the Green Glade, out in the Old Woods and the Primeval Woods beyond, they do more than listen. My gran swore she watched a great oak pull up its roots by moonlight and stride off between the groves. Folk call it the Wandering Oak, and nobody cuts timber where it's passed.",老一辈的人说，这片森林在群山还年轻的时候就已经苍老了。渡过河边空地的水流，树木便开始竖起耳朵倾听；再往前，穿过绿荫空地，进入老林子和更深处的远古林地，它们做的可就不只是倾听了。我祖母发誓说，她曾在月光下亲眼看见一棵大橡树拔起根须，在林间大步走开。村里人管它叫“漫游橡树”，它走过的地方，没人敢去砍伐。
CMC_InnKeeperTalk_Forest1_Answer_GoOn,Go on.,接着说。
CMC_InnKeeperTalk_Forest1_Answer_Enough,Maybe another night.,改天晚上再说吧。
CMC_InnKeeperTalk_Forest2_Line,"Mind you, not everything walking those woods is timber. Shepherds up by the Moon Hills tell of the Humming Widow's lullaby drifting down after dusk, and away south in the Black Mire squats the Hag, she'll trade you wonders, sure, but her bargains cost dearer than salt. And on the coldest nights, when every wolf in the forest goes quiet at once? That's the Primeval Wolf passing through, and even the bears in the Bear Cave hold their breath.",不过啊，在那片林子里走动的，可不都是些木头精怪。月丘那边的牧羊人说，黄昏之后能听见“哼唱寡妇”的摇篮曲随风飘来；再往南边的黑泥沼里蹲着那个巫婆，她愿意跟你交换些稀奇东西，没错，可她的交易代价，比盐还贵。还有啊，最冷的那些夜里，要是整片森林里的狼突然一起安静下来——那就是远古狼在经过，就连熊穴里的熊都得屏住呼吸。
CMC_InnKeeperTalk_Forest2_Answer_True,Is any of it true?,这些都是真的吗？
CMC_InnKeeperTalk_Forest3_Line,"True enough that I keep salt on the sill and the fire lit. The forest gives: mushrooms, game, timber, and it takes. House rule: respect the groves, mind the mire, and be indoors by full dark.",真到我一直在窗台上放着盐、炉火从不熄灭的地步。森林给予：蘑菇、猎物、木材，它也索取。这屋子的规矩是：敬重树林，小心泥沼，天黑透之前一定要待在屋里。
CMC_InnKeeperTalk_Forest3_Answer_Mind,You've gone quiet. Something on your mind?,你突然不说话了，是在想什么吗？
CMC_InnKeeperTalk_Forest3_Answer_Thanks,A fine tale. Thanks for the telling.,好故事，谢谢你讲给我听。
CMC_InnKeeperTalk_Cat1_Line,"Aye, it's our Ash. The inn's cat, gray as woodsmoke, eyes like embers, best mouser this side of the river. He slipped out three nights back and hasn't come home. A forager swears she saw him in the Foraging Forest, off the Village Path, prowling the ferns at dusk. Those trees are the Old Woods' little sister, no place for a house cat after dark.",唉，是我们家艾什。旅店的猫，毛色灰得像炊烟，眼睛亮得像炭火，是这条河这边最会抓老鼠的猫。三天前的晚上他溜出去，就再没回来。有个采集者信誓旦旦地说，在村间小径边上的觅食林里看见他，黄昏时分正在蕨丛里游荡。那片林子算是老林子的小妹妹，天黑之后可不是家猫该待的地方。
CMC_InnKeeperTalk_Cat1_Answer_Help,I'll keep an eye out for him.,我会留意找他的。
CMC_InnKeeperTalk_Cat1_Answer_Decline,Cats find their own way home.,猫自己会找到回家的路的。
CMC_InnKeeperTalk_Cat2_Line,"Bless you. Dusk, mind, he never prowls by daylight. And he won't come to calling; hold out a bit of meat or fish and keep very still. Bring him home safe, or keep him fed, and he'll keep you.",太感谢你了。记住是黄昏时分，他白天从不出去游荡。叫他的名字是没用的，拿点肉或鱼出来，安安静静地等着就行。把他平安带回来，或者好好喂饱他，他也会一直陪着你的。
CMC_InnKeeperTalk_Cat2_Answer_Ok,I will.,我会的。
CMC_InnKeeperTalk_CatThanks_Line,"Ash! Look at him, riding your pack like he owns it. Ha! He's chosen you, then; cats do the choosing, never us. Keep him fed and he'll keep the rats from your stores. Here, supper's on the house, and a little something for the road.",艾什！你看看他，趴在你的背包上，那副神气活现的样子，好像那包本来就是他的。哈！这么说，他选中你了；猫从来都是自己挑人，可轮不到我们挑。好好喂着他，他就会替你把老鼠赶出储藏室。来，今晚这顿饭我请，再给你带点路上吃的。
CMC_InnKeeperTalk_CatThanks_Answer_Ok,He's in good hands. Thank you.,他在我这儿会过得很好的，谢谢你。
CMC_LostCat_StatName,The Inn Keeper's Cat,旅店老板的猫
CMC_LostCat_StatDescription,Hidden tracker for the Inn Keeper's lost cat.,隐藏追踪器：旅店老板走失的猫。
CMC_StrayCat_CardName,Ash the Stray Cat,流浪猫艾什
CMC_StrayCat_CardDescription,"A slate-gray cat with ember-orange eyes, watching from the ferns. This must be Ash, the Village Inn's lost mouser. He keeps his distance, but his nose twitches at your pack. A bit of meat or fish might win his trust.",一只灰蓝色的猫，眼睛如炭火般橙红，正从蕨丛中注视着你。这一定就是艾什——旅店走失的捕鼠猫。它与你保持着距离，但鼻子却不停地嗅着你的背包。也许一点肉或鱼能换来它的信任。
CMC_StrayCat_CI_OfferFood,Offer Food,喂食
CMC_StrayCat_CI_OfferFood_Desc,Hold out a morsel and keep very still.,拿出一小块食物，保持静止不动。
CMC_InnCat_CardName,Ash the Cat,猫咪艾什
CMC_InnCat_CardDescription,"The Village Inn's slate-gray mouser, now quite convinced you belong to him. He takes most of his water from his prey, hunts what he pleases, and sleeps where he pleases, but a fed cat is a loyal one, and his purr is a balm on lonely nights.",旅店那只灰蓝色的捕鼠猫，如今已经完全认定你是属于它的。它大部分水分都从猎物中获取，想捕猎就捕猎，想睡哪就睡哪，但吃饱的猫总是忠诚的，它的呼噜声是孤独夜晚的一剂良药。
CMC_InnCat_Hunger,Hunger,饥饿
CMC_InnCat_Thirst,Thirst,口渴度
CMC_InnCat_Hunger_OnZero,Wanders Off,走失
CMC_InnCat_Thirst_OnZero,Wanders Off,走失
CMC_InnCat_Care,Care,照料度
CMC_InnCat_Care_OnZero,Wanders Off,走失
CMC_InnCat_DA_Pet,Pet,抚摸
CMC_InnCat_DA_Play,Play,玩耍
CMC_InnCat_CI_Feed,Feed,喂食
CMC_InnCat_CI_Feed_Fail,He sniffs it and walks away. Not hungry yet.,他闻了闻，转身走开了，还不饿。
CMC_InnCat_CI_GiveWater,Give Water,给水
CMC_InnCat_CI_GiveWater_Fail,Not thirsty yet.,还不渴。
CMC_Professor_AgentName,The Professor,教授
CMC_Professor_AgentDescription,Teaches the Academy's courses and keeps the lecture hall in order.,教授学院的各门课程，并维持讲堂的秩序。
CMC_Professor_Talk,Talk,交谈
CMC_ProfessorGreeting_SceneTitle,The Professor,教授
CMC_ProfessorGreeting_Start_Answer_About,What is this place?,这是什么地方？
CMC_ProfessorGreeting_Start_Answer_Report,Anything new to report?,有什么新消息要汇报吗？
CMC_ProfessorGreeting_Start_Answer_Farewell,Farewell.,告别。
CMC_ProfessorGreeting_AboutAcademy_Line,"The Academy. A stone hall of learning, built so the village's trades don't have to be relearned from scratch by every generation. Architecture, metallurgy, herbalism, and more. Sit long enough at the lectern and you'll graduate knowing something useful.",学院。一座石造的学问殿堂，建立的目的，是让村中的技艺不必每一代人都从头习得。建筑学、冶金学、药草学，等等诸多学科。只要在讲台前坐得够久，毕业之时，你必将学有所成。
CMC_ProfessorGreeting_AboutAcademy_Answer_Ok,I see.,明白了。
CMC_ProfessorGreeting_AboutFarm_Line,"The village farmland. Furrows, fences, and a farmer who tolerates my rummaging. Turnroot and fireroot come up well here if the soil is kept soft. Half of practical botany is just knowing where to dig.",村庄的农田。田垄、篱笆，还有一位容忍我到处翻找的农夫。只要土壤保持松软，翻根和火根在这里长得很好。实用植物学有一半的学问，不过是知道该往哪里挖掘。
CMC_ProfessorGreeting_AboutVillage_Line,"The village proper. Market stalls, trades, and more gossip than a lecture hall. If you want to know how the world actually works, spend an afternoon at a merchant's table.",村庄本体。集市摊位、买卖交易，还有比讲堂里更多的闲话。若想了解这世界真正运作的方式，不妨在商贩的摊子前消磨一个下午。
CMC_ProfessorGreeting_AboutForest_Line,"The Foraging Forest. Wild, generous, and a touch spiteful about the nettles. Most of the Academy's herbarium was gathered under that canopy, one careful clearing at a time.",觅食林。野性而慷慨，唯独对荨麻这件事上带着一点恶意。学院标本室里的大部分草药，都是在那片林冠之下，一片空地一片空地地小心采集来的。
CMC_ProfessorGreeting_AboutPath_Line,"The old village path, the road between everywhere and everywhere else. Gravel, fenceposts, and the occasional useful stone. A scholar walks it more than he would like to admit.",古老的村间小径，连接着此处与彼处的道路。碎石、篱笆桩，偶尔还能捡到些有用的石头。一位学者在这条路上走过的次数，比他愿意承认的要多得多。
CMC_ProfessorGreeting_AboutInn_Line,"The inn. A warm hearth, warmer cider, and the innkeeper's cat underfoot. I take my evenings here when the lecture hall grows too quiet. Even a scholar needs company now and then.",旅店。温暖的炉火，更暖的苹果酒，还有旅店老板的猫在脚边打转。每当讲堂变得过于寂静，我便会在此处度过夜晚。即便是学者，偶尔也需要陪伴。
CMC_ProfessorGreeting_DayGated_Line,"Since you ask, the lecture hall has been busy. Given a few more days I expect I'll have proper work for a pair of willing hands.",既然你问起，讲堂近来颇为忙碌。再过几日，我料想会有正经的事务，需要一双愿意帮忙的手。
CMC_ProfessorGreeting_DayGated_Answer_Ok,I'll keep that in mind.,我会记在心上的。
CMC_MeleeFighting_GameName,Melee Fighting,近战格斗
CMC_MeleeFighting_Description,Increases your success chances and damage when fighting with melee weapons.,提高使用近战武器战斗时的成功率和伤害。
CMC_VillageField_YieldStat,Yield,产量
CMC_VillageField_Flax_CardName,Flax Field,亚麻田
CMC_VillageField_Flax_CardDescription,"A patch of flax growing wild at the old village farm. The blue flowers nod in the spring breeze. It can be harvested through the season, but the soil gives only so much before the patch is spent.",一片在旧村庄农田上野生的亚麻地。蓝色的花朵在春风中轻轻摇曳。整个季节内都可以采收，但土地的产出有限，采尽后这片地便会枯竭。
CMC_VillageField_Flax_DA_Harvest,Harvest Flax,收获亚麻
CMC_VillageField_Flax_Spent,The flax patch has given all it can this season.,这片亚麻田本季已经耗尽产出了。
CMC_VillageField_Turnroot_CardName,Turnroot Field,翻根田
CMC_VillageField_Turnroot_CardDescription,"Rows of turnroot swelling in the summer soil of the old village farm. They can be pulled through the season, but the patch is spent once the ground is bare.",旧村庄农田的夏季土壤中，一排排翻根正在膨大。整个季节内都可以拔取，但土地被采空后这片地便会枯竭。
CMC_VillageField_Turnroot_DA_Harvest,Harvest Turnroot,收获翻根
CMC_VillageField_Turnroot_Spent,The turnroot patch has given all it can this season.,这片翻根田本季已经耗尽产出了。
CMC_VillageField_Rye_CardName,Rye Field,黑麦田
CMC_VillageField_Rye_CardDescription,"Tall rye ripening gold across the autumn village farm. It can be cut through the season, but once the field is reaped there is no more until next year.",秋季村庄农田上，金黄的黑麦已然成熟。整个季节内都可以收割，但一旦田地被收割完毕，就要等到来年才有新的收成。
CMC_VillageField_Rye_DA_Harvest,Harvest Rye,收获黑麦
CMC_VillageField_Rye_Spent,The rye field has been reaped bare for the season.,这片黑麦田本季已经被收割一空。
CMC_VillageField_HealthStat,Health,健康度
CMC_Academy_CardName,Village Academy,学院
CMC_Academy_CardDescription,"A stone hall of learning where the village masters teach their trades. Step inside to enroll in courses on architecture, metallurgy, or herbalism.",一座石造的学问殿堂，村中的师傅们在此传授各自的技艺。进去即可报名建筑学、冶金学或药草学课程。
CMC_Academy_Help,Academy,学院
CMC_Academy_DA_Enter,Enter the Academy,进入学院
CMC_Academy_DA_Enter_Fade,Entering the academy...,正在进入学院……
CMC_AcademyInterior_CardName,Village Academy,学院
CMC_AcademyInteriorLocation_CardName,Village Academy,学院
CMC_AcademyExit_CardName,Academy Door,学院大门
CMC_AcademyExit_DA_Exit,Exit,离开
CMC_AcademyExit_DA_Exit_Fade,Leaving the academy...,正在离开学院……
CMC_AcademyLectern_CardName,Lecture Hall,讲堂
CMC_AcademyLectern_CardDescription,"The academy masters lecture here. Drag Salt, metal Nuggets, or Duros Coins onto the lectern to fund your Tuition Account (holds up to 1000); each two-hour study session draws 100 from that balance, including the final exam. Choose a subject below to advance its coursework; when only one session remains, sit the final exam to earn your degree.",学院的师傅们在此授课。将盐、金属块或杜洛斯硬币拖到讲台上即可为你的学费账户充值（上限1000）；每两小时的学习课时会从余额中扣除100，期末考试同样如此。在下方选择一门科目以推进课程进度；当只剩最后一节课时，参加期末考试即可获得学位。
CMC_AcademyLectern_DA_Architecture,Study Architecture,学习建筑学
CMC_AcademyLectern_DA_Architecture_Desc,"A two-hour lecture on load-bearing frames and waterworks. The full course takes 72 hours of study; each session draws 100 from your Tuition Account. When one session remains, the final exam becomes available.",一堂两小时的课程，讲授承重框架与水利工程。整门课程需要72小时的学习时间；每次上课都会从你的学费账户中扣除100。剩下最后一节课时，期末考试便会开放。
CMC_AcademyLectern_DA_Metallurgy,Study Metallurgy,学习冶金学
CMC_AcademyLectern_DA_Metallurgy_Desc,"A two-hour session at the assay bench. The full course takes 60 hours of study; each session draws 100 from your Tuition Account. When one session remains, the final exam becomes available.",一堂两小时的课程，在化验台前进行。整门课程需要60小时的学习时间；每次上课都会从你的学费账户中扣除100。剩下最后一节课时，期末考试便会开放。
CMC_AcademyLectern_DA_Herbalism,Study Herbalism,学习药草学
CMC_AcademyLectern_DA_Herbalism_Desc,"A two-hour session among the herb gardens. The full course takes 30 hours of study; each session draws 100 from your Tuition Account. When one session remains, the final exam becomes available.",一堂两小时的课程，在药草园中进行。整门课程需要30小时的学习时间；每次上课都会从你的学费账户中扣除100。剩下最后一节课时，期末考试便会开放。
CMC_AcademyLectern_DA_ArchitectureFinal,Final Exam: Architecture,期末考试：建筑学
CMC_AcademyLectern_DA_ArchitectureFinal_Desc,"The final two-hour examination. Pass it to earn the Architecture degree: unlocks the Water-Driven Sawmill and Grinding Mill blueprints, and, together with a Metallurgy degree, the Water-Driven Forge and Workshop.",最后一场两小时的考试。通过后即可获得建筑学学位：解锁水力锯木厂和水力磨坊的蓝图，若再搭配冶金学学位，还可解锁水力锻炉和水力工坊。
CMC_AcademyLectern_DA_MetallurgyFinal,Final Exam: Metallurgy,期末考试：冶金学
CMC_AcademyLectern_DA_MetallurgyFinal_Desc,"The final two-hour examination. Pass it to earn the Metallurgy degree: unlocks the Copper Sheet recipe, and, together with an Architecture degree, the Water-Driven Forge and Workshop.",最后一场两小时的考试。通过后即可获得冶金学学位：解锁铜板配方，若再搭配建筑学学位，还可解锁水力锻炉和水力工坊。
CMC_AcademyLectern_DA_HerbalismFinal,Final Exam: Herbalism,期末考试：药草学
CMC_AcademyLectern_DA_HerbalismFinal_Desc,The final two-hour examination. Pass it to earn the Herbalism degree: from then on you gather twice as much whenever you forage.,最后一场两小时的考试。通过后即可获得药草学学位：从此以后，每次采集所得的数量都会翻倍。
CMC_AcademyLectern_Prog_Architecture,Architecture,建筑学
CMC_AcademyLectern_Prog_Metallurgy,Metallurgy,冶金学
CMC_AcademyLectern_Prog_Herbalism,Herbalism,药草学
CMC_AcademyLectern_Prog_Tuition,Tuition Account,学费账户
CMC_AcademyLectern_CI_Deposit,Deposit Currency,存入货币
CMC_AcademyLectern_CI_Deposit_Desc,"Adds the value of the dragged Salt, Nugget, or Duros Coin to the Tuition Account (max 1000).",把拖动的盐、金属块或杜洛斯币的价值存入学费账户（上限1000）。
CMC_AcademyLectern_StudyBlocked,The coursework is complete; sit the final exam.,课程学习已完成，请参加期末考试。
CMC_AcademyLectern_FinalNotReady,You are not ready for the final examination.,你还没有准备好参加期末考试。
CharacterTraits_Perk_HigherEducation_PerkName,Higher Education,高等教育
CharacterTraits_Perk_HigherEducation_PerkDescription,"Retired trait. The village Academy now stands for every character, and its courses gate their blueprint rewards for everyone; this trait no longer appears at character creation and has no effect. It is kept only so older saves that selected it remain valid.",已停用特质。村庄学院如今对所有角色开放，其课程也统一决定所有人的蓝图奖励；此特质不再出现于角色创建界面，也不再产生任何效果，仅为保留旧存档中已选择此特质角色的有效性而存在。
CharacterTraits_Perk_GradArchitecture_PerkName,Architecture Graduate,建筑学毕业生
CharacterTraits_Perk_GradArchitecture_PerkDescription,"You completed the Academy's architecture course. The Water-Driven Sawmill and Grinding Mill blueprints are yours, and together with a Metallurgy degree, the Water-Driven Forge and Workshop.",你完成了学院的建筑学课程。水力锯木厂与水力磨坊的蓝图已归你所有，若再修完冶金学学位，还可获得水力锻造炉与水力工坊。
CharacterTraits_Perk_GradMetallurgy_PerkName,Metallurgy Graduate,冶金学毕业生
CharacterTraits_Perk_GradMetallurgy_PerkDescription,"You completed the Academy's metallurgy course. The Copper Sheet recipe is yours, and together with an Architecture degree, the Water-Driven Forge and Workshop.",你完成了学院的冶金学课程。铜板的配方已归你所有，若再修完建筑学学位，还可获得水力锻造炉与水力工坊。
CharacterTraits_Perk_GradHerbalism_PerkName,Herbalism Graduate,药草学毕业生
CharacterTraits_Perk_GradHerbalism_PerkDescription,You completed the Academy's herbalism course. You spot twice as much whenever you forage.,你完成了学院的药草学课程。每次采集时，你的发现量都是常人的两倍。
CharacterTraits_Perk_GradFishing_PerkName,Fishing Graduate,钓鱼毕业生
CharacterTraits_Perk_GradFishing_PerkDescription,"You completed the Academy's fishing course. The Iron Fishing Rod recipe is yours, and you've learned to read the water for a better catch.",你完成了学院的钓鱼课程。铁制钓竿的配方已归你所有，你也学会了如何读懂水情以获得更好的渔获。
CharacterTraits_Perk_GradArmorer_PerkName,Armorer Graduate,制甲毕业生
CharacterTraits_Perk_GradArmorer_PerkDescription,"You completed the Academy's armorer course. The copper and iron armor recipes (Breastplate, Helmet, Greaves, Gauntlets) are yours.",你完成了学院的制甲课程。铜制与铁制护甲（胸甲、头盔、护胫、护手）的配方已归你所有。
CharacterTraits_Perk_GradMedicine_PerkName,Medicine Graduate,医学毕业生
CharacterTraits_Perk_GradMedicine_PerkDescription,You completed the Academy's medicine course. You know how to properly dress a wound and manage pain: wounds clot and aches fade noticeably faster.,你完成了学院的医学课程。你懂得如何正确包扎伤口、控制疼痛：伤口凝血与疼痛消退的速度都明显更快。
CMC_AcademyLectern_DA_Fishing,Study Fishing,学习钓鱼
CMC_AcademyLectern_DA_Fishing_Desc,"A two-hour session mending nets and reading water. The full course takes 24 hours of study; each session draws 100 from your Tuition Account. When one session remains, the final exam becomes available.",一堂两小时的课程，修补渔网并研读水情。整门课程需要24小时的学习时间；每次上课都会从你的学费账户中扣除100。剩下最后一节课时，期末考试便会开放。
CMC_AcademyLectern_DA_FishingFinal,Final Exam: Fishing,期末考试：钓鱼
CMC_AcademyLectern_DA_FishingFinal_Desc,The final two-hour examination. Pass it to earn the Fishing degree: unlocks the Iron Fishing Rod recipe and teaches you to read the water for a better catch.,最后一场两小时的考试。通过后即可获得钓鱼学位：解锁铁制鱼竿配方，并教会你研判水情以获得更好的渔获。
CMC_AcademyLectern_DA_Armorer,Study Armorer,学习制甲
CMC_AcademyLectern_DA_Armorer_Desc,"A two-hour session at the armorer's bench, hammering fittings and fitting straps. The full course takes 24 hours of study; each session draws 100 from your Tuition Account. When one session remains, the final exam becomes available.",一堂两小时的课程，在制甲台前锤打配件、调整皮带。整门课程需要24小时的学习时间；每次上课都会从你的学费账户中扣除100。剩下最后一节课时，期末考试便会开放。
CMC_AcademyLectern_DA_ArmorerFinal,Final Exam: Armorer,期末考试：制甲
CMC_AcademyLectern_DA_ArmorerFinal_Desc,"The final two-hour examination. Pass it to earn the Armorer degree: unlocks the copper and iron armor recipes (Breastplate, Helmet, Greaves, Gauntlets).",最后一场两小时的考试。通过后即可获得制甲学位：解锁铜制和铁制护甲配方（胸甲、头盔、护胫、护手）。
CMC_AcademyLectern_DA_Medicine,Study Medicine,学习医学
CMC_AcademyLectern_DA_Medicine_Desc,"A two-hour session studying wound care and pain management. The full course takes 24 hours of study; each session draws 100 from your Tuition Account. When one session remains, the final exam becomes available.",一堂两小时的课程，学习伤口护理和疼痛管理。整门课程需要24小时的学习时间；每次上课都会从你的学费账户中扣除100。剩下最后一节课时，期末考试便会开放。
CMC_AcademyLectern_DA_MedicineFinal,Final Exam: Medicine,期末考试：医学
CMC_AcademyLectern_DA_MedicineFinal_Desc,"The final two-hour examination. Pass it to earn the Medicine degree: from then on, wounds clot and aches fade noticeably faster.",最后一场两小时的考试。通过后即可获得医学学位：从此以后，伤口凝血和疼痛消退的速度都会明显加快。
CMC_AcademyLectern_Prog_Fishing,Fishing,钓鱼
CMC_AcademyLectern_Prog_Armorer,Armorer,制甲
CMC_AcademyLectern_Prog_Medicine,Medicine,医学
Combat_And_Armor_FireHardenedSpear_CardName,Fire-Hardened Spear,火淬长矛
Combat_And_Armor_FireHardenedSpear_CardDescription,"A simple wooden spear whose point has been hardened in fire. Crude, but deadly in trained hands.",一把简易的木矛，矛尖经过火焰淬硬。虽然简陋，但在训练有素之人手中依然致命。
Combat_And_Armor_FireHardenedSpear_UsageDurability.CardStatName,Durability,耐久度
Combat_And_Armor_FireHardenedSpear_OnZero,Fire-Hardened Spear Broken!,火淬长矛已损坏！
Combat_And_Armor_FireHardenedSpear_Dismantle_ActionName,Dismantle,拆解
Combat_And_Armor_FireHardenedSpear_Dismantle_ActionDescription,Break the spear apart to recover the shaft.,拆开长矛，回收矛杆。
Combat_And_Armor_Bp_FireHardenedSpear_CardName,Fire-Hardened Spear,火淬长矛
Combat_And_Armor_Bp_FireHardenedSpear_CardDescription,Sharpen a stick and harden the point over a fire.,削尖一根木棍，并在火上淬硬矛尖。
Combat_And_Armor_Bp_FireHardenedSpear_UnlockConditionsDesc,Find Ash and bring him home,找到艾什并带他回家
CharredTipStrike_ActionName,Charred-Tip Strike,焦尖突刺
CharredTipStrike_ActionSuccessLog.LogText,the fire-hardened point punches clean through {0}'s guard!,火淬的矛尖狠狠刺穿了{0}的防御！
CharredTipStrike_ActionFailureLog.LogText,"you jab with your {1}, but {0} twists away just in time...",你用{1}猛刺过去，可{0}及时扭身躲开了……
DMG_Char_Name,Char,灼烧
SpearThrow_ActionSuccessLog.LogText,you hurl your {1} and it finds its mark in {0} with a satisfying thud!,你掷出{1}，它带着一声闷响，稳稳命中了{0}！
CMC_InnKeeperTalk_Start_Answer_Forage,Any good foraging nearby?,附近有什么好的采集地点吗？
CMC_InnKeeperTalk_Start_Answer_StayOrWork,"Room for the night, or work?",想问问住宿，还是有活儿要做？
CMC_InnKeeperTalk_Start_Forage_Line,"The Foraging Forest off the Village Path is thick with mushrooms and berries most of the year, and the ferns hide more than they let on. Mind you're back before full dark, that's all I ask.",村间小径旁的觅食林，一年到头大半时候都长满了蘑菇和浆果，那些蕨丛底下藏的东西，可比看上去的多。只要你在天黑透之前回来就行，我就这一个要求。
CMC_InnKeeperTalk_Start_Forage_Answer_Thanks,Good to know. Thank you.,知道了，谢谢你。
CMC_InnKeeperTalk_Start_StayOrWork_Line,"Bed's yours for the asking, and there's always some odd job wants doing around the place. See the counter for either one, I keep the accounts there.",床铺随时都给你留着，这地方也总有些零活等人做。这两件事都去柜台找我，账都记在那儿。
CMC_InnKeeperTalk_Start_StayOrWork_Answer_Ok,I'll see to it.,我会去看看的。
CMC_InnKeeperTalk_Week2_Line,"Settling in a bit more now, are you? The season's turning, and I've got fresh goods laid in. Care to see what's on offer, or shall I finish that tale I owe you?",看样子你在这儿住得更顺手了，是吧？季节在换，我也进了些新货。想看看有什么可卖的，还是让我把欠你的那个故事讲完？
CMC_InnKeeperTalk_Week2_Answer_Trade,What's fresh this time of year?,这个季节有什么新货？
CMC_InnKeeperTalk_Week2_Answer_Tale,Tell me that tale now.,现在就把故事讲完吧。
CMC_InnKeeperTalk_Week2_Answer_Stay,I'll take a bed for the night.,我今晚要一张床。
CMC_InnKeeperTalk_Week2_Answer_Leave,Just passing through.,只是路过而已。
CMC_InnKeeperTalk_Week3_Line,"You've stayed through more than one moon now. Feels right to tell you properly how this place came to be. I came to this valley as a boy, with my mother and father. Nothing here then but river and trees.",你在这儿住的日子都不止一个月了。是时候好好跟你说说这地方是怎么来的了。我还是个孩子的时候，跟着父母来到这片山谷。那时候这儿什么都没有，只有河流和树。
CMC_InnKeeperTalk_Week3_Answer_GoOn,How did the Inn come to be?,这家旅店是怎么开起来的？
CMC_InnKeeperTalk_Week3_Answer_Later,Maybe another time.,改天再说吧。
CMC_InnKeeperTalk_Week3_Backstory2_Line,"My father dug the cellar with his own two hands, and my mother never turned a traveler from the door once the dark caught them out. Word spread. More came to stay than we had room for, so we raised walls around the hearth, then a roof, then the Inn you're sitting in now. I've been thinking it's time this place grew again. The village could use more hands, and truth is, I could use help seeing it done.",我父亲亲手挖出了地窖，我母亲呢，只要有旅人被夜色困住，从没让人吃过闭门羹。消息就这么传开了。来投宿的人越来越多，屋子都不够住，我们就绕着炉火砌起墙，接着盖上屋顶，就成了你现在坐着的这家旅店。我一直在想，是时候让这地方再壮大一次了。村子需要更多的人手，说实话，我也需要有人帮忙把这事办成。
CMC_InnKeeperTalk_Week3_Backstory2_Answer_Help,I'll help however I can.,我会尽力帮忙的。
CMC_InnKeeperTalk_Week3_Backstory2_Answer_Progress,How's the well coming along?,水井修得怎么样了？
CMC_InnKeeperTalk_Week3_Backstory2_Answer_Later,Some other day.,改天再说吧。
CMC_InnKeeperTalk_AshCheckIn_Line,"Ash treating you well? That cat's got more opinions than the miller's wife, but he's happier for having you.",艾什对你还好吧？那猫的主意比磨坊主的老婆还多，不过有了你，他明显开心多了。
CMC_InnKeeperTalk_AshCheckIn_Answer_Mouser,Never better. Catches mice every night.,好得很，他每晚都能抓到老鼠。
CMC_InnKeeperTalk_AshCheckIn_Answer_Lazy,Sleeps most of the day. Spoiled rotten.,大半天都在睡觉，被我惯坏了。
CMC_InnKeeperTalk_AshCheckIn_Answer_Pack,He's decided he owns my pack now.,他现在把我的背包当成自己的地盘了。
CMC_InnKeeperTalk_AshCheckIn_Answer_Company,Keeps me company on the cold nights.,冷夜里他一直陪着我。
CMC_InnKeeperTalk_AshCheckIn_Answer_Gone,Truth is… he wandered off. Haven't seen him in days.,说实话……他跑丢了，我好几天没见着他了。
CMC_InnKeeperTalk_AshLostAgain_Line,"Gone off again, has he? That's Ash for you — slips his collar the moment your back's turned. Same as before: try the Foraging Forest off the Village Path, at dusk when he prowls the ferns. Bring a bit of meat or fish and keep still, and he'll pick you a second time. He always does.",又跑了，是吧？这就是艾什的脾气——你一转身，他项圈一甩就没影了。老办法：去村间小径边上的觅食林找找，黄昏时候他就在蕨丛里晃悠。带点肉或鱼，安静地等着，他还会再选你一次的。他一向如此。
CMC_InnKeeperTalk_AshLostAgain_Answer_Ok,I'll bring him home.,我会把他带回家的。
CMC_InnKeeperTalk_AshHuntHint_Line,"Haven't seen that cat of yours since yesterday's dusk. He had the look — ears up, tail low, nose testing the wind — then slipped off toward Hunter's Crossing when the light went. When Ash moves like that, there's quarry involved and he means to see it through. You need to get to Hunter's Crossing soon; he'll have tracked something dangerous into the thicket and he won't want to face a boar alone.",从昨天黄昏起就没见着你那只猫了。他当时那模样——耳朵竖着，尾巴压低，鼻子迎风嗅着——天一黑就朝猎人岔口那边溜走了。艾什要是这副样子，那就是盯上猎物了，非要追到底不可。你得尽快赶去猎人岔口；他多半是跟着什么危险的东西钻进了灌木丛，一只猫可对付不了一头野猪。
CMC_InnKeeperTalk_AshHuntHint_Answer_Go,I'll go find him.,我这就去找他。
CMC_InnKeeperTalk_AshHuntHint_Answer_Manage,He can hold his own.,他能应付得来的。
CMC_InnKeeperTalk_AshHuntHint2_Line,He can — but a boar doesn't play fair. Follow the game trail east past the old standing stones and you'll reach the Crossing soon enough. Go on.,他是能应付——可野猪从不讲规矩。沿着兽径往东走，过了那些古老的立石，很快就能到岔口。快去吧。
CMC_InnKeeperTalk_AshHuntHint2_Answer_OnMyWay,On my way.,这就出发。
CMC_AshTakeover_StatName,The Inn Keeper's Worry,旅店老板的忧虑
CMC_AshTakeover_StatDescription,"Hidden tracker for the Ash reveal, armed at village week 6 once the Well is built.",隐藏追踪器：艾什剧情揭晓，村庄第6周水井建成后启动。
CMC_InnStoryIndex_StatName,The Inn Keeper's Current Tale,旅店老板的当前故事
CMC_InnStoryIndex_StatDescription,Hidden tracker for which seasonal story thread is active.,隐藏追踪器：记录当前激活的季节性故事线。
CMC_InnStoryStep_StatName,The Inn Keeper's Tale Progress,旅店老板的故事进度
CMC_InnStoryStep_StatDescription,Hidden tracker for progress through the active seasonal story.,隐藏追踪器：记录当前激活季节性故事的进度。
CMC_InnLastSeason_StatName,The Inn Keeper's Last Season Seen,旅店老板上次所见的季节
CMC_InnLastSeason_StatDescription,Hidden bookkeeping stat for seasonal story rerolls.,隐藏记账统计：用于季节性故事的重新抽取。
CMC_InnWellPlansGiven_StatName,The Inn Keeper's Offer,旅店老板的提议
CMC_InnWellPlansGiven_StatDescription,Hidden tracker for whether the Well Plans have been given.,隐藏追踪器：记录水井图纸是否已经给出。
CMC_WellPlans_CardName,Well Plans,水井图纸
CMC_WellPlans_CardDescription,"A charcoal sketch of a stone-lined well, twice the depth of the Inn's old root cellar. The Inn Keeper drew it from memory, the way his father once dug the cellar by hand. Keep it on hand to start the dig in the Village.",一张炭笔绘制的石砌水井草图，深度是旅店老地窖的两倍。旅店老板凭记忆画下了它，就像当年他父亲徒手挖出那座地窖一样。随身携带即可在村庄开始挖掘。
CMC_WellPlans_DA_Discard_ActionName,Discard the Old Sketch,丢弃旧图纸
CMC_WellPlans_DA_Discard_ActionDescription,The well stands finished in the village. The Inn Keeper's sketch has served its purpose.,村里的水井已经建成。旅店老板的这张草图已经完成了它的使命。
CMC_VillageWell_CardName,Village Well,村庄水井
CMC_VillageWell_CardDescription,"A deep, stone-lined well sunk twice as deep as the Inn's root cellar. Draw water here any time by dragging an empty container to it.",一口深邃的石砌水井，深度是旅店地窖的两倍。将空容器拖到这里即可随时打水。
CMC_VillageWell_CI_Draw_ActionName,Draw Water,打水
CMC_VillageWell_CI_Draw_ActionDescription,Fill an empty container from the well.,用井水装满一个空容器。
Bp_CMC_VillageWell_CardName,Village Well,村庄水井
Bp_CMC_VillageWell_CardDescription,"Dig a deep, stone-lined well in the village, twice the depth of the Inn's old root cellar, following the Inn Keeper's charcoal sketch. Can only be built at the Village.",依照旅店老板的炭笔草图，在村庄中挖掘一口深邃的石砌水井，深度是旅店老地窖的两倍。只能在村庄建造。
Bp_CMC_VillageWell_UnlockConditionsDesc,Have the Inn Keeper's well plans in hand while at the Village,在村庄内持有旅店老板的水井图纸
CMC_InnKeeperTalk_Wolves_1_Line,"Coldest winter in memory, that one. The wolves came down out of the high country thin and bold, right up to the fences, and old Tomas swore one of them looked him dead in the eye through his own window glass. Nobody much wanted watch duty after dark that season, and I don't blame them one bit. Traps came up empty three nights running, and torches only bought an hour's peace before the wolves crept back closer each time. It was the miller's wife who noticed something the rest of us had missed: the wolves never came within twenty paces of the smokehouse. Turned out the smell put their noses clean off the scent of anything worth hunting.",那是记忆里最冷的一个冬天。狼群从高地上下来，一个个又瘦又大胆，直冲到篱笆边上，老托马斯还发誓说，有一只狼隔着他自家的窗玻璃死死盯着他的眼睛看。那一季没什么人愿意夜里守夜，我一点也不怪他们。陷阱连着三夜都是空的，火把也只能换来一个钟头的太平，狼群每次都还是悄悄靠得更近。是磨坊主的老婆注意到了大家都没留意的事：狼群从来不靠近熏房二十步以内。原来那股气味把它们的鼻子熏得什么值得猎的东西都闻不出来了。
CMC_InnKeeperTalk_Wolves_1_Answer_GoOn,So what did she do about it?,那她后来怎么做的？
CMC_InnKeeperTalk_Wolves_2_Line,"Traps came up empty three nights running, and torches only bought an hour's peace before the wolves crept back. It was the miller's wife who noticed something the rest of us had missed: the wolves never came within twenty paces of the smokehouse. Turned out the smell put their noses clean off the scent of anything worth hunting.",陷阱连着三夜都是空的，火把也只能换来一个钟头的太平，狼群还是会悄悄靠回来。是磨坊主的老婆注意到了大家都没留意的事：狼群从来不靠近熏房二十步以内。原来那股气味把它们的鼻子熏得什么值得猎的东西都闻不出来了。
CMC_InnKeeperTalk_Wolves_2_Answer_GoOn,So what did she do?,那她怎么做的？
CMC_InnKeeperTalk_Wolves_3_Line,"She called the whole village into the square and had us hang strips of smoked hide and old fish bones along every fence post and gate, thick as bunting at a festival. Ripest the village ever smelled, I'll tell you, half the children held their noses just walking to bed, but by the third night not a single wolf set paw within a stone's throw of the walls. It held clean through to spring, and once the deer wandered back down from the hills the wolves lost interest in us entirely and went back to easier hunting. We still hang a strip of smoked hide over the north gate every winter to this day, more habit now than need, though old Tomas won't sleep a wink without it there. Funny thing, how a bit of good honest stink saved an entire village.",她把全村人都召集到广场上，让我们把熏制的兽皮条和陈年鱼骨挂满每一根篱笆桩和大门，密得跟节庆的彩带似的。我跟你说，那是村子有史以来最难闻的一次，一半的孩子睡觉前都得捂着鼻子走，可到第三天夜里，连一只狼的爪子都没敢踏进围墙一箭之地。这法子一直撑到了春天，等鹿群重新从山上下来，狼群对我们彻底失了兴趣，回去找更好猎的东西了。直到今天，我们每年冬天还是会在北门挂一条熏兽皮，多半是习惯了，倒不是真有必要，不过老托马斯要是没挂着，一晚上都别想睡着。说来也怪，一点老老实实的臭味，竟然救了一整个村子。
CMC_InnKeeperTalk_Wolves_3_Answer_GoOn,Did it hold?,这法子撑住了吗？
CMC_InnKeeperTalk_Wolves_4_Line,"Held clean through to spring, and once the deer wandered back down from the hills, the wolves lost interest in us entirely and went back to easier hunting. We still hang a strip of smoked hide over the north gate every winter to this day, more habit now than need, though old Tomas won't sleep a wink without it there. Funny thing, how a bit of good honest stink saved an entire village.",一直撑到了春天，等鹿群重新从山上下来，狼群对我们彻底失了兴趣，回去找更好猎的东西了。直到今天，我们每年冬天还是会在北门挂一条熏兽皮，多半是习惯了，倒不是真有必要，不过老托马斯要是没挂着，一晚上都别想睡着。说来也怪，一点老老实实的臭味，竟然救了一整个村子。
CMC_InnKeeperTalk_Wolves_4_Answer_Thanks,That's a fine tale. Thanks for telling it.,真是个好故事，谢谢你讲给我听。
CMC_InnKeeperTalk_Wolves_4_Answer_Wry,Noted: avoid the miller's wife at supper.,记住了：晚饭时候离磨坊主的老婆远点。
CMC_InnKeeperTalk_Mushroom_1_Line,"Had a peddler come through one autumn, sharp dressed fellow, full of opinions about foraging he had no business holding. Insisted he knew his mushrooms better than any village forager, picked himself a nice fat cap out past the tree line, and ate it raw before anyone could stop him, wrong cap as it turned out, and wrong by quite a margin. Within the hour he was convinced the inn's rafters were speaking to him in verse, and not bad verse either, by his own account. He climbed up on this very table, arms out like a scarecrow, and announced to the whole common room that he'd been made an honorary badger, then spent a good twenty minutes bowing to the fireplace, calling it 'Your Grace.'",有一年秋天，来了个货郎，穿得整整齐齐，对采集这门事有一堆本不该他说的意见。他非说自己认蘑菇比村里任何采集者都强，跑到林线外头挑了个肥肥胖胖的伞盖，还没等人拦住就生吃了下去，结果那菇认错了，而且错得离谱。不到一个钟头，他就深信旅店的房梁在用诗句跟他说话，据他自己讲，那诗句押韵还挺不错。他爬上这张桌子，张开双臂像个稻草人，跟满屋子的人宣布自己被封为“荣誉獾”，接着朝壁炉鞠了整整二十分钟的躬，一口一个“殿下”。
CMC_InnKeeperTalk_Mushroom_1_Answer_GoOn,How did the night end?,那天晚上后来怎么样了？
CMC_InnKeeperTalk_Mushroom_2_Line,"Within the hour he was convinced the inn's rafters were speaking to him in verse, and not bad verse either, by his own account. He climbed up on this very table, arms out like a scarecrow, and announced to the whole common room that he'd been made an honorary badger. Spent a good twenty minutes bowing to the fireplace, calling it 'Your Grace.'",不到一个钟头，他就深信旅店的房梁在用诗句跟他说话，据他自己讲，那诗句押韵还挺不错。他爬上这张桌子，张开双臂像个稻草人，跟满屋子的人宣布自己被封为“荣誉獾”。接着朝壁炉鞠了整整二十分钟的躬，一口一个“殿下”。
CMC_InnKeeperTalk_Mushroom_2_Answer_GoOn,Then what?,然后呢？
CMC_InnKeeperTalk_Mushroom_3_Line,"He tried to trade his boots to the cat for what he called 'safe passage through the badger kingdom,' and the cat, being a sensible creature, wanted nothing to do with any of it. Somewhere in there he became convinced his own shadow was following him with intent to rob him, and spent a solid hour negotiating with it in the corner while my father just kept refilling water and moving the sharp objects out of reach. Come sunrise he woke up on the floor, boots still on his feet, utterly baffled why every soul in the inn was grinning at him over breakfast. Swore off foraging for himself forever after, and paid double for a proper forager's basket before he left, no questions asked. To this day I tell every newcomer: if you don't know the mushroom, ask before you eat it, that peddler's shadow is still owed an apology somewhere.",他还想拿自己的靴子跟猫交换，说是换取“安全通过獾王国”，猫呢，是个明白事理的家伙，压根不想搭理这套。中间他还一度深信自己的影子在跟踪他，图谋不轨，硬是在角落里跟影子“谈判”了足足一个钟头，我父亲在旁边一个劲儿地添水，顺手把尖利的东西都收远了些。天亮的时候，他在地板上醒来，靴子还穿在脚上，完全搞不明白为什么吃早饭时满屋子人都冲他笑。从那以后他发誓再也不自己采蘑菇，临走前二话不说，花双倍的价钱买了个像样的采集篮子。直到今天，我还是会跟每个新来的人说：认不出蘑菇，吃之前先问一句，那个货郎的影子，欠着一份道歉呢，还没还清。
CMC_InnKeeperTalk_Mushroom_3_Answer_GoOn,How did the night end?,那天晚上后来怎么样了？
CMC_InnKeeperTalk_Mushroom_4_Line,"Come sunrise he woke up on the floor, boots still on his feet, utterly baffled why every soul in the inn was grinning at him over breakfast. Swore off foraging for himself forever after, and paid double for a proper forager's basket before he left, no questions asked. To this day I tell every newcomer: if you don't know the mushroom, ask before you eat it, that peddler's shadow is still owed an apology somewhere.",天亮的时候，他在地板上醒来，靴子还穿在脚上，完全搞不明白为什么吃早饭时满屋子人都冲他笑。从那以后他发誓再也不自己采蘑菇，临走前二话不说，花双倍的价钱买了个像样的采集篮子。直到今天，我还是会跟每个新来的人说：认不出蘑菇，吃之前先问一句，那个货郎的影子，欠着一份道歉呢，还没还清。
CMC_InnKeeperTalk_Mushroom_4_Answer_Thanks,I'll be sure to ask first.,我一定会先问清楚的。
CMC_InnKeeperTalk_Mushroom_4_Answer_Wry,Honorary badger. I like that title.,“荣誉獾”，这称号我挺喜欢。
CMC_InnKeeperTalk_Fish_1_Line,"Now this one my uncle swears is true, though he swears a great many things are true. Out on the river one summer evening, quiet water, not a ripple, when something took his line so hard it nearly dragged him clean off the bank, bending his rod into a shape no rod ought to bend into. He fought it for the better part of an hour, or so he tells it, and each retelling the hour grows a little longer. Said the fish surfaced once, just once, and looked him square in the eye with an expression he could only describe as disappointed in him personally. By his account it was the size of a rowboat, though the size seems to grow a bit with every winter that passes too.",这个故事，我叔叔发誓是真的，不过他发誓是真的事情多了去了。一个夏日的傍晚，他在河边钓鱼，水面平静得没有一丝涟漪，忽然有什么东西猛地咬住了他的钓线，差点把他整个人拽下河岸，鱼竿都弯成了不该有的形状。他跟那东西较量了大半个钟头——至少他自己是这么说的，而且每次重讲，这“大半个钟头”都会变得更长一点。他说那条鱼浮出水面过一次，就那么一次，直勾勾地盯着他的眼睛，那表情，他形容说只能叫“对他本人感到失望”。据他讲，那鱼有一艘小船那么大，不过这尺寸似乎也随着一年年冬天过去，越长越大了。
CMC_InnKeeperTalk_Fish_1_Answer_GoOn,Did he land it?,他把鱼钓上来了吗？
CMC_InnKeeperTalk_Fish_2_Line,"Fought it for the better part of an hour, or so he tells it, and each retelling the hour grows a little longer. Said the fish surfaced once, just once, and looked him square in the eye with an expression he could only describe as disappointed in him personally. By his account it was the size of a rowboat, though the size seems to grow a bit with every winter that passes too.",他跟那东西较量了大半个钟头——至少他自己是这么说的，而且每次重讲，这“大半个钟头”都会变得更长一点。他说那条鱼浮出水面过一次，就那么一次，直勾勾地盯着他的眼睛，那表情，他形容说只能叫“对他本人感到失望”。据他讲，那鱼有一艘小船那么大，不过这尺寸似乎也随着一年年冬天过去，越长越大了。
CMC_InnKeeperTalk_Fish_2_Answer_GoOn,Did he land it?,他把鱼钓上来了吗？
CMC_InnKeeperTalk_Fish_3_Line,"Just as he had it near the bank, close enough to touch, the line snapped clean through, and the fish gave what he insists was a mocking little flick of its tail before it vanished back under. He came home soaked to the bone, empty handed, and utterly certain it was the finest fish that had ever lived in that river or any other, and nobody else was there to see a scale of it, of course, which he says is exactly the sort of detail a truly legendary fish arranges for itself. Half the village has started calling that stretch of river 'the old man's grief' just to needle him over it. He still fishes that same spot every summer, same rod even, waiting on what he calls a proper rematch. I've long since given up asking whether any of it happened the way he says, a good fish story doesn't need much truth in it to be worth the telling.",就在快要把鱼拉到岸边、伸手就能摸到的时候，钓线“啪”地一声断了，那鱼——他坚持说——甩了甩尾巴，那神气活像在嘲笑他，然后就沉回水底不见了。他浑身湿透地回到家，两手空空，却打心底认定那是那条河、乃至任何一条河里活过的最好的一条鱼，当然了，也没别人在场看见哪怕一片鱼鳞，他说这正是一条真正的传奇之鱼该安排的细节。村里有一半人开始把那段河叫“老头的伤心地”，就为了拿这事逗他。他每年夏天还是去那个老地方钓鱼，用的还是那根老鱼竿，等着他嘴里说的“堂堂正正的复仇之战”。我早就不问他讲的到底是不是真事了，一个好的钓鱼故事，本来就用不着多少真话才值得讲。
CMC_InnKeeperTalk_Fish_3_Answer_GoOn,So nobody can back up the story?,这么说没人能证实这个故事？
CMC_InnKeeperTalk_Fish_4_Line,"Not one soul, no, but my uncle tells it with such conviction that half the village has started calling that stretch of river 'the old man's grief' just to needle him. He still fishes that same spot every summer, same rod even, waiting on what he calls a proper rematch. I've long since given up asking whether any of it happened the way he says, a good fish story doesn't need much truth in it to be worth the telling.",一个人也没有，不过我叔叔讲得那么信誓旦旦，村里有一半人都开始把那段河叫“老头的伤心地”，专门拿来逗他。他每年夏天还是去那个老地方钓鱼，用的还是那根老鱼竿，等着他嘴里说的“堂堂正正的复仇之战”。我早就不问他讲的到底是不是真事了，一个好的钓鱼故事，本来就用不着多少真话才值得讲。
CMC_InnKeeperTalk_Fish_4_Answer_Thanks,"A tale worth its salt, true or not.",不管真假，这故事都值得一听。
CMC_InnKeeperTalk_Fish_4_Answer_Wry,"That fish has a story too, I bet.",我猜那条鱼自己也有个故事要讲。
CMC_InnKeeperTalk_Miller_1_Line,"The miller's a proud man about that wheel of his, always has been, and one autumn a traveling grain merchant made the mistake of saying so within earshot. Merchant claimed his own family mill back wherever he hailed from could grind a sack of grain to fine flour faster than any wheel in this whole forest, and the miller near dropped his pipe hearing that. Wager was struck right there in the square before either of them thought better of it: a full cask of the inn's best cider against the merchant's finest travel cloak, first to grind a sack to proper baking flour wins outright. Half the village turned up to watch, more for the spectacle of two stubborn men than any real interest in flour, and the miller wouldn't let anyone near his wheel to help, said a fair contest needed a fair hand, his own.",磨坊主对他那座水车向来骄傲得很，一向如此。有一年秋天，一个跑单的粮商不识趣，当着他的面把这话说了出来。粮商说，他老家那座祖传的磨坊，磨一袋谷子出细面粉，比这片森林里的任何水车都快，磨坊主听完差点把烟斗都摔了。两人还没来得及多想，就当场在广场上打了赌：拿旅店最好的一桶苹果酒，赌粮商那件最好的旅行斗篷，谁先把一袋谷子磨成能烤面包的细面粉，谁就赢。半个村子的人都跑来看热闹，与其说是关心面粉，不如说是想看两个犟脾气的人怎么斗气。磨坊主谁都不让靠近他的水车帮忙，说公平的较量得靠一双公平的手，他自己的手。
CMC_InnKeeperTalk_Miller_1_Answer_GoOn,So what happened?,后来怎么样了？
CMC_InnKeeperTalk_Miller_2_Line,"Wager was struck right there in the square before either of them thought better of it: a full cask of the inn's best cider against the merchant's finest travel cloak, first to grind a sack to proper baking flour wins outright. Half the village turned up to watch, more for the spectacle of two stubborn men than any real interest in flour. The miller wouldn't let anyone near his wheel to help, said a fair contest needed a fair hand, his own.",两人还没来得及多想，就当场在广场上打了赌：拿旅店最好的一桶苹果酒，赌粮商那件最好的旅行斗篷，谁先把一袋谷子磨成能烤面包的细面粉，谁就赢。半个村子的人都跑来看热闹，与其说是关心面粉，不如说是想看两个犟脾气的人怎么斗气。磨坊主谁都不让靠近他的水车帮忙，说公平的较量得靠一双公平的手，他自己的手。
CMC_InnKeeperTalk_Miller_2_Answer_GoOn,Who was winning?,谁占了上风？
CMC_InnKeeperTalk_Miller_3_Line,"Merchant's method was all elbow grease and a hand quern he'd hauled along in his cart, fast at first but his arms gave out well before the sack did. The miller, meanwhile, had quietly diverted a touch more water onto his own wheel the night before, swearing up and down it was coincidence and the river was simply generous that week, and nobody quite believed him but nobody could prove otherwise either. Miller finished first by a good margin, flour fine as powder snow, and the merchant handed over that cloak with about as much grace as a man can manage while grumbling the whole time. They shared the cask of cider together that same night, thick as old friends by the time it was empty, and the merchant still stops through every harvest to needle the miller about that river's 'generosity.' Nobody's proven a thing, mind you, but that mill has never once run slow since.",粮商的法子全靠力气和他自己车上带来的手磨，一开始还挺快，可他的胳膊撑不住那一整袋谷子。磨坊主呢，前一晚悄悄往自己的水车多引了点水，嘴上一口咬定是巧合，说那周河水本来就丰沛，谁也不太信他，可谁也拿不出证据反驳。磨坊主遥遥领先地磨完了，面粉细得像雪粉，粮商一边嘟囔一边交出了那件斗篷，脸上还硬撑着几分风度。那天晚上他俩把那桶苹果酒一起喝光了，喝到最后倒像是多年的老友。粮商到现在每年收获季还会路过，专门挖苦磨坊主那条河的“慷慨”。别看谁也没证实过什么，那座磨坊从那以后就没再慢过。
CMC_InnKeeperTalk_Miller_3_Answer_GoOn,Who won the wager?,谁赢了这场赌局？
CMC_InnKeeperTalk_Miller_4_Line,"Miller finished first by a good margin, flour fine as powder snow, and the merchant handed over that cloak with about as much grace as a man can manage while grumbling the whole time. They shared the cask of cider together that same night, thick as old friends by the time it was empty, and the merchant still stops through every harvest to needle the miller about that river's 'generosity.' Nobody's proven a thing, mind you, but that mill has never once run slow since.",磨坊主遥遥领先地磨完了，面粉细得像雪粉，粮商一边嘟囔一边交出了那件斗篷，脸上还硬撑着几分风度。那天晚上他俩把那桶苹果酒一起喝光了，喝到最后倒像是多年的老友。粮商到现在每年收获季还会路过，专门挖苦磨坊主那条河的“慷慨”。别看谁也没证实过什么，那座磨坊从那以后就没再慢过。
CMC_InnKeeperTalk_Miller_4_Answer_Thanks,Sounds like the miller found a clever edge.,听起来磨坊主找到了个聪明的窍门。
CMC_InnKeeperTalk_Miller_4_Answer_Wry,I wonder how generous that river really was.,我倒想知道那条河到底有多“慷慨”。
CMC_InnKeeperTalk_Ferryman_1_Line,"There's an old crossing further down the river, past where most folk care to wander, where they say a ferryman still waits for passengers who never quite arrive. My grandmother told it first, how on certain fog thick nights you can hear the creak of oarlocks out on the water with no boat in sight to match the sound; she never crossed there after dark again, not once in her whole life. Story goes he ferried travelers across for a fair coin his whole life, honest work, until one crossing in a storm the current took the boat and him with it, and he was never found. Some say he still keeps to his old post out of habit more than haunting, waiting on a fare that drowned along with him. Others say he's simply forgotten he's not needed anymore, and keeps rowing all the same.",河的下游有个老渡口，在大多数人都懒得去的地方，据说那儿还有个摆渡人，在等着永远不会到来的乘客。这故事最早是我祖母讲的，她说在雾特别浓的夜里，能听见水面上桨架“吱呀”作响，可根本看不见船的影子；打那以后，她这辈子再没在天黑后渡过那条河，一次都没有。故事是这么说的：他一辈子靠公道的价钱摆渡旅人，本本分分，直到有一次遇上暴风雨，水流把船和他一起卷走了，再没找到过。有人说他还守着老岗位，与其说是作祟，不如说是习惯，在等一个跟他一起淹死的乘客。也有人说，他只是忘了自己已经不被需要了，还在照样划着船。
CMC_InnKeeperTalk_Ferryman_1_Answer_GoOn,Has anyone seen him?,有人见过他吗？
CMC_InnKeeperTalk_Ferryman_2_Line,"Story goes he ferried travelers across for a fair coin his whole life, honest work, until one crossing in a storm the current took the boat and him with it, and he was never found. Some say he still keeps to his old post out of habit more than haunting, waiting on a fare that drowned along with him. Others say he's simply forgotten he's not needed anymore, and keeps rowing all the same.",故事是这么说的：他一辈子靠公道的价钱摆渡旅人，本本分分，直到有一次遇上暴风雨，水流把船和他一起卷走了，再没找到过。有人说他还守着老岗位，与其说是作祟，不如说是习惯，在等一个跟他一起淹死的乘客。也有人说，他只是忘了自己已经不被需要了，还在照样划着船。
CMC_InnKeeperTalk_Ferryman_2_Answer_GoOn,Has anyone seen him?,有人见过他吗？
CMC_InnKeeperTalk_Ferryman_3_Line,"A trapper I knew swore he saw a lantern bobbing low over the water one autumn night, right where the old landing used to stand before the river shifted its course. Called out to it, thinking it a traveler in trouble, and the light simply drifted off downstream without a word of answer, faster than any current should carry it. He didn't go back to that stretch of river again, not for trapping, not for anything, and truth be told I don't think anyone else rightly wants to either. Some tales are better left as tales, a light on the water, an old creak of oarlocks, nothing more than that so long as you keep your distance and mind your own crossing. All the same, if you ever find yourself down by that old landing after dark, I'd thank you to walk the long way round instead, just to be safe.",我认识的一个猎人发誓说，有一年秋夜，他看见一盏灯笼低低地在水面上晃悠，就在河流改道之前那个老渡口所在的位置。他冲着灯喊了一声，以为是遇上麻烦的旅人，结果那灯光一言不发地顺流飘走了，速度快得不像任何水流能带动的。从那以后他再没回过那段河，捕猎也好，别的事也罢，说实话我看谁都不太想去。有些故事最好就留作故事——水面上的一盏灯，桨架古老的“吱呀”声，仅此而已，只要你保持距离，管好自己的渡口就行。不过话说回来，你要是哪天天黑后正好路过那个老渡口，我劝你还是绕远路走，安全第一。
CMC_InnKeeperTalk_Ferryman_3_Answer_GoOn,Did he ever find out the truth of it?,他后来查出真相了吗？
CMC_InnKeeperTalk_Ferryman_4_Line,"No, and truth be told I don't think anyone rightly wants to. Some tales are better left as tales, a light on the water, an old creak of oarlocks, nothing more than that so long as you keep your distance and mind your own crossing. All the same, if you ever find yourself down by that old landing after dark, I'd thank you to walk the long way round instead, just to be safe.",没有，说实话我看谁都不太想查。有些故事最好就留作故事——水面上的一盏灯，桨架古老的“吱呀”声，仅此而已，只要你保持距离，管好自己的渡口就行。不过话说回来，你要是哪天天黑后正好路过那个老渡口，我劝你还是绕远路走，安全第一。
CMC_InnKeeperTalk_Ferryman_4_Answer_Thanks,"I'll take the long way round, just in case.",我会绕远路走的，以防万一。
CMC_InnKeeperTalk_Ferryman_4_Answer_Wry,Maybe he just wants exact fare.,说不定他只是想要个整数的船钱。
CMC_ClayFlats_CardName,Clay Shoal,粘土沙洲
CMC_Env_ClayFlats_CardName,Clay Shoal,粘土沙洲
CMC_ClayFlats_CardDescription,"Low-lying wetland flats dominated by alder trees, with patches of exposed clay ideal for digging.",一片以桤木为主的低洼湿地滩地，散布着适合挖掘的裸露粘土。
CMC_ClayFlats_CardHelpSection,"<b>Alder Clearing, Wetlands, Riverbank:</b>

<b>Conditions:</b> Acidic and humid soil.

<b>Flora:</b> Alders, Bog Myrtle, Kingcup, Forest Caps, Spirit Mushrooms.

<b>Fauna:</b> Frogs, Mosquitoes.

<b>Also:</b> A clay-rich mound along the bank can be dug for raw clay.","<b>桤木林隙，湿地，河岸：</b>

<b>环境条件：</b>酸性潮湿土壤。

<b>植物：</b>桤木、沼泽香木、驴蹄草、森伞菇、灵魂菇。

<b>动物：</b>青蛙、蚊子。

<b>另外：</b>河岸边一处富含粘土的土丘可挖掘出生粘土。"
CMC_MarshHollow_CardName,Sodden Hollow,泥泞洼地
CMC_Env_MarshHollow_CardName,Sodden Hollow,泥泞洼地
CMC_MarshHollow_CardDescription,"A boggy depression filled with marsh plants, willows, and alder growth, with standing pools of water.",一处泥泞的洼地，长满沼泽植物、柳树和桤木，散布着积水的水洼。
CMC_MarshHollow_CardHelpSection,"<b>Alder Clearing:</b>

<b>Flora:</b> Alders, Willows, Birch, Appleweed, Moss.

<b>Fauna:</b> Mosquitoes.","<b>桤木林隙：</b>

<b>植物：</b>桤木、柳树、白桦树、柰草、苔藓。

<b>动物：</b>蚊子。"
CMC_MossyClearing_CardName,Moss-Grown Clearing,苔痕空地
CMC_Env_MossyClearing_CardName,Moss-Grown Clearing,苔痕空地
CMC_MossyClearing_CardDescription,A shaded oak clearing where moisture and shade have encouraged thick moss growth on the damp ground.,一片荫蔽的橡木林隙，潮湿和阴凉的环境让地面长出了厚厚的苔藓。
CMC_MossyClearing_CardHelpSection,"<b>Oak Clearing:</b>

<b>Flora:</b> Oaks, Birch, Appleweed, Healer's Moss, Spirit Mushrooms, Acorns (autumn), Forest Caps.

<b>Fauna:</b> Squirrels, Boars.","<b>橡木林隙：</b>

<b>植物：</b>橡树、白桦树、柰草、疗伤地衣、灵魂菇、橡子（秋季）、森伞菇。

<b>动物：</b>松鼠、野猪。"
CMC_PineTrail_CardName,Pine Trail,松林小径
CMC_Env_PineTrail_CardName,Pine Trail,松林小径
CMC_PineTrail_CardDescription,"A narrow path winding through dense pine forest, its floor soft with needles and moss.",一条穿行于茂密松林间的狭窄小径，地面铺满松针和苔藓，踩上去松软舒适。
CMC_PineTrail_CardHelpSection,"<b>Pine Grove:</b>

<b>Conditions:</b> Acidic soil.

<b>Flora:</b> Pines, Healer's Moss, Fireroot, Bilberries (summer), Pine Nuts (autumn), Fly Agaric.

<b>Fauna:</b> Squirrels.","<b>松木林地：</b>

<b>环境条件：</b>酸性土壤。

<b>植物：</b>松树、疗伤地衣、火根、越橘（夏季）、松子（秋季）、毒蝇伞。

<b>动物：</b>松鼠。"
CMC_HighGrove_CardName,Highland Pines,高地松林
CMC_Env_HighGrove_CardName,Highland Pines,高地松林
CMC_HighGrove_CardDescription,"An elevated pine grove with tall, straight trees spaced among moss-covered rocks, offering clear views across the surrounding landscape.",一片地势较高的松林，笔直高大的树木分布在长满苔藓的岩石间，可以俯瞰周围的景色。
CMC_HighGrove_CardHelpSection,"<b>Pine Grove:</b>

<b>Conditions:</b> Acidic soil. Windy.

<b>Flora:</b> Pines, Healer's Moss, Fireroot, Bilberries (summer), Pine Nuts (autumn), Fly Agaric.

<b>Fauna:</b> Squirrels, Partridges, Foxes, Does, Stags, Wolves.","<b>松木林地：</b>

<b>环境条件：</b>酸性土壤，多风。

<b>植物：</b>松树、疗伤地衣、火根、越橘（夏季）、松子（秋季）、毒蝇伞。

<b>动物：</b>松鼠、灰山鹑、狐狸、母鹿、公鹿、狼。"
Bp_CMC_CottageMiller_CardName,Miller's Cottage,磨坊主的小屋
Bp_CMC_CottageMiller_CardDescription,"Raise a small stone-and-timber cottage in the village, a modest home, not a landmark. Can only be built at the Village.",在村庄中建起一座石木结构的小屋，只是一处朴素的住所，并非地标建筑。只能在村庄建造。
Bp_CMC_CottageMiller_UnlockConditionsDesc,Hear the Inn Keeper's plans for the village,听取旅店老板对村庄的规划
CMC_CottageMiller_CardName,Miller's Cottage,磨坊主的小屋
CMC_CottageMiller_CardDescription,A small stone-and-timber cottage in the village. Someone's clearly fixing the place up; the whole street feels a little more lived-in for it.,村庄中一座石木结构的小屋。显然有人正在修葺这里，整条街也因此多了几分烟火气。
CMC_CottageMiller_DA_Enter,Enter the Cottage,进入小屋
CMC_CottageMiller_DA_Enter_Fade,Entering the cottage...,正在进入小屋……
CMC_MillerCottageInterior_CardName,Miller's Cottage,磨坊主的小屋
CMC_MillerCottageInteriorLocation_CardName,Miller's Cottage,磨坊主的小屋
CMC_MillerCottageExit_CardName,Cottage Door,小屋门
CMC_MillerCottageExit_DA_Exit,Exit,离开
CMC_MillerCottageExit_DA_Exit_Fade,Leaving the cottage...,正在离开小屋……
Bp_CMC_CottageWeaver_CardName,Weaver's Cottage,织工的小屋
Bp_CMC_CottageWeaver_CardDescription,"Raise a second village cottage on the same stone-and-timber frame as the first, finished with cloth hangings, woven fiber, and rope lashings. Can only be built at the Village.",以与第一座相同的石木结构，在村中建起第二座小屋，用布挂饰、编织纤维和绳索加以修饰。只能在村庄建造。
Bp_CMC_CottageWeaver_UnlockConditionsDesc,Hear the Inn Keeper's plans for the village,听取旅店老板对村庄的规划
CMC_CottageWeaver_CardName,Weaver's Cottage,织工的小屋
CMC_CottageWeaver_CardDescription,"A second village cottage, its walls hung with dyed cloth and its frame lashed tight with rope. Cozier than Miller's place, if a little draftier.",村中的第二座小屋，墙上挂着染色的布料，木架用绳索紧紧捆扎。比磨坊主的小屋更温馨，不过也更透风些。
CMC_CottageWeaver_DA_Enter,Enter the Cottage,进入小屋
CMC_CottageWeaver_DA_Enter_Fade,Entering the cottage...,正在进入小屋……
CMC_WeaverCottageInterior_CardName,Weaver's Cottage,织工的小屋
CMC_WeaverCottageInteriorLocation_CardName,Weaver's Cottage,织工的小屋
CMC_WeaverCottageExit_CardName,Cottage Door,小屋门
CMC_WeaverCottageExit_DA_Exit,Exit,离开
CMC_WeaverCottageExit_DA_Exit_Fade,Leaving the cottage...,正在离开小屋……
Bp_CMC_VillageHall_CardName,Village Hall,村公所
Bp_CMC_VillageHall_CardDescription,"The village's civic centerpiece, a genuine landmark, raised stage by stage from heavy foundation stones to plastered civic walls. Its Notice Board will track the village's growing renown. Can only be built at the Village.",村庄的公共核心建筑，一座真正的地标，从沉重的地基石块到抹灰的公共墙壁，需分阶段建造完成。它的告示板将追踪村庄日益增长的声望。只能在村庄建造。
Bp_CMC_VillageHall_UnlockConditionsDesc,Hear the Inn Keeper's plans for the village,听取旅店老板对村庄的规划
CMC_VillageHall_CardName,Village Hall,村公所
CMC_VillageHall_CardDescription,"The village's civic centerpiece, raised in stone and plaster. Its Notice Board tracks the village's growing renown, earned from every cottage, well, bridge, and market stall the settlement has built.",村庄的公共核心建筑，以石材和灰泥建成。它的告示板追踪着村庄日益增长的声望，每一座小屋、水井、桥梁和集市摊位的建成都会为其增添声望。
CMC_VillageHall_SD1_Name,Village Renown,村庄声望
CMC_VillageHall_DA_Enter,Enter the Village Hall,进入村公所
CMC_VillageHall_DA_Enter_Fade,Entering the Village Hall...,正在进入村公所……
CMC_VillageHallInterior_CardName,Village Hall,村公所
CMC_VillageHallInteriorLocation_CardName,Village Hall,村公所
CMC_VillageHallExit_CardName,Village Hall Door,村公所大门
CMC_VillageHallExit_DA_Exit,Exit,离开
CMC_VillageHallExit_DA_Exit_Fade,Leaving the Village Hall...,正在离开村公所……
CMC_BoardTown_CardName,Village Standing,村庄状况
CMC_BoardTown_CardDescription,A civic board summarizing the village's current standing and the finished works that now count toward it.,一块公共告示板，概述了村庄当前的状况以及已计入其中的建成工程。
CMC_BoardInnKeeper_CardName,Inn Keeper's Board,旅店老板的告示板
CMC_BoardInnKeeper_CardDescription,A small board where the Inn Keeper posts news of the Inn.,一块小告示板，旅店老板在此张贴旅店的消息。
CMC_BoardMiller_CardName,Miller's Board,磨坊主的告示板
CMC_BoardMiller_CardDescription,A small board where the Miller posts news of the Cottage.,一块小告示板，磨坊主在此张贴小屋的消息。
CMC_BoardWeaver_CardName,Weaver's Board,织工的告示板
CMC_BoardWeaver_CardDescription,A small board where the Weaver posts news of the Cottage.,一块小告示板，织工在此张贴小屋的消息。
CMC_BoardApothecary_CardName,Apothecary's Board,药剂师的告示板
CMC_BoardApothecary_CardDescription,A small board where the Apothecary posts news of the Cabin.,一块小告示板，药剂师在此张贴小屋的消息。
CMC_BoardProfessor_CardName,Professor's Board,教授的告示板
CMC_BoardProfessor_CardDescription,A small board where the Professor posts news of the Academy.,一块小告示板，教授在此张贴学院的消息。
CMC_VillageReputation_StatName,Village Reputation,村庄声誉
CMC_VillageReputation_StatDescription,"Net standing for the village: civic renown minus the player's own Village Crime. Shown as a Mental attribute in the character menu.",村庄的净声誉：公共声望减去玩家自身的村庄犯罪度。在角色菜单的"精神"栏中显示。
CMC_VillageCrime_StatName,Village Crime,村庄犯罪度
CMC_VillageCrime_StatDescription,"Hidden notoriety tracker for the village Watch: rises when thefts and attacks are detected. Feeds into Village Reputation but stays its own independent ledger.",隐藏恶名追踪器：村庄巡逻队使用，侦测到盗窃或袭击时会上升。会计入村庄声誉，但本身仍是独立记录。
CMC_InnFriendship_StatName,Inn Keeper Friendship,旅店老板友谊
CMC_InnFriendship_StatDescription,Hidden tracker: rises with each Chat. Gates warmer dialog and better trade prices at the Inn.,隐藏追踪器：每次交谈都会上升，用于解锁旅店更热络的对话和更优惠的交易价格。
CMC_InnWellCommented_StatName,The Inn Keeper's Well Remark,旅店老板对水井的评价
CMC_InnWellCommented_StatDescription,"Hidden tracker: 0 = has not yet remarked on the finished Village Well, 1 = remarked once.",隐藏追踪器：0=尚未提及建成的村庄水井，1=已提及一次。
CMC_InnBridgeCommented_StatName,The Inn Keeper's Bridge Remark,旅店老板对桥梁的评价
CMC_InnBridgeCommented_StatDescription,"Hidden tracker: 0 = has not yet remarked on the finished River Bridge, 1 = remarked once.",隐藏追踪器：0=尚未提及建成的河桥，1=已提及一次。
CMC_InnErrandState_StatName,The Inn Keeper's Errand,旅店老板的差事
CMC_InnErrandState_StatDescription,"Hidden tracker: 0 = no errand offered, 1 = accepted (delivery CI now active). Resets each season.",隐藏追踪器：0=尚未提出差事，1=已接受（交付互动现已激活）。每季重置。
CMC_InnGiftGiven_StatName,The Inn Keeper's Gift,旅店老板的礼物
CMC_InnGiftGiven_StatDescription,"Hidden tracker: 0 = gift not yet given, 1 = given (claimable exactly once).",隐藏追踪器：0=礼物尚未赠送，1=已赠送（仅可领取一次）。
CMC_InnRegularGranted_StatName,The Inn Keeper's Regard,旅店老板的赏识
CMC_InnRegularGranted_StatDescription,"Hidden tracker: 0 = Inn Regular perk not yet granted, 1 = granted (claimable exactly once).",隐藏追踪器：0=旅店常客特质尚未授予，1=已授予（仅可领取一次）。
CMC_InnWellHousewarming_StatName,The Well Housewarming,水井的乔迁之喜
CMC_InnWellHousewarming_StatDescription,"Hidden tracker: 0 = not yet told, 1 = told (claimable exactly once).",隐藏追踪器：0=尚未告知，1=已告知（仅可触发一次）。
CMC_Perk_InnRegular_PerkName,Inn Regular,旅店常客
CMC_Perk_InnRegular_PerkDescription,You've spent enough evenings at the Village Inn's hearth that it feels like home. Loneliness and stress creep up on you a little slower now.,你在村庄旅店的炉火旁度过了许多个夜晚，这里如今已如家一般。孤独感与压力如今累积得慢了一些。
CMC_InnKeeper_Regular_ActionName,Feel at Home,宾至如归
CMC_InnKeeper_Regular_ActionDescription,"""You know,"" the Inn Keeper says, ""you're not a stranger here anymore. This is your table, whenever you need it.""",“你知道吗，”旅店老板说道，“你在这儿已经不算外人了。这张桌子，随时都给你留着。”
CMC_InnKeeper_Gift_ActionName,Gift Wild Garlic,赠送野蒜
CMC_InnKeeper_Gift_ActionDescription,Hand over a bundle of wild garlic from your own foraging. The Inn Keeper's eyes light up.,把自己采来的一捆野蒜交给他。旅店老板眼睛一下子亮了起来。
CMC_InnKeeper_ErrandDeliver_ActionName,Deliver Dried Wild Garlic,递交风干野蒜
CMC_InnKeeper_ErrandDeliver_ActionDescription,Hand over the dried wild garlic the Inn Keeper asked for.,把旅店老板要的风干野蒜交给他。
CMC_InnKeeperTalk_WellRemark_Line,"Would you look at that. The well's finished, deep and cold and true. My father would have liked seeing it done. Thank you for lending a hand.",你瞧瞧这个。井修好了，又深又凉，做得扎扎实实。我父亲要是能看到这一幕，一定会喜欢的。谢谢你搭了把手。
CMC_InnKeeperTalk_WellRemark_Answer_Proud,It's good work. You should be proud.,干得漂亮，你该为此感到骄傲。
CMC_InnKeeperTalk_WellRemark_Answer_Modest,"Mostly the village's doing, really.",说到底，主要还是全村人的功劳。
CMC_InnKeeperTalk_BridgeRemark_Line,"I hear the river's got a proper bridge across it now. Used to be you'd take your chances fording it, or not go at all. Makes this whole valley feel a little smaller, a little friendlier.",听说河上现在有座像样的桥了。以前过河全靠碰运气，要不就干脆不去。这下整个山谷都显得小了一圈，也更亲近了些。
CMC_InnKeeperTalk_BridgeRemark_Answer_Useful,It's saved me a soaking more than once.,它可不止一次让我少挨了一身湿。
CMC_InnKeeperTalk_BridgeRemark_Answer_Agree,Smaller and friendlier sounds right.,“更小更亲近”，这话说得没错。
CMC_InnKeeperTalk_WellHousewarming_Line,"Actually, glad you're here. We're closing up early tonight and walking out to the well together, whole village, for a proper toast. Won't be long. Care to come, or mind the hearth while we're gone?",说起来，正好你在这儿。今晚我们准备早点打烊，全村人一起走去水井那边，好好敬一杯。不会太久。你是想一起去，还是留下来帮我看着炉火？
CMC_InnKeeperTalk_WellHousewarming_Answer_Join,Wouldn't miss it.,这种场合我可不能错过。
CMC_InnKeeperTalk_WellHousewarming_Answer_Watch,Go on. I'll keep an eye on things here.,你们去吧，这儿我来看着。
CMC_InnKeeperTalk_WellHousewarming_Toast_Line,"""To the well,"" he says later, cup raised against the dark, ""and to everyone fool enough to help dig it."" The whole village laughs and drinks. By the time the fire's died down, he's already talking about what to build next.",“敬这口井，”他后来举起杯子，对着夜色说道，“也敬所有傻乎乎跑来帮忙挖井的人。”全村人都笑着一饮而尽。等篝火渐渐熄灭时，他已经开始盘算接下来该建些什么了。
CMC_InnKeeperTalk_WellHousewarming_Toast_Answer_Exit,A fine toast.,敬得好。
CMC_InnKeeperTalk_ErrandOffer_Line,"Actually, I could use a hand with something. My dried wild garlic's run low and the stew's suffering for it. Bring me some and I'll make it worth your while.",说起来，我这儿正好有件事需要帮忙。风干野蒜快用完了，炖菜的味道都受了影响。给我带点来，我不会亏待你的。
CMC_InnKeeperTalk_ErrandOffer_Answer_Accept,I'll bring you some.,我会给你带一些来的。
CMC_InnKeeperTalk_ErrandOffer_Answer_Decline,Maybe another time.,改天再说吧。
CMC_InnKeeperTalk_ErrandActive_Line,"Still keeping an eye out for that dried wild garlic? No rush, but the stew's counting on you.",那风干野蒜的事，你还记着呢吧？不急，不过这炖菜可就指望你了。
CMC_InnKeeperTalk_ErrandActive_Answer_Working,Working on it.,正在办呢。
CMC_InnKeeperTalk_Friendship_Warm_Line,"There you are. Sit, sit. I've been saving the good chair for whoever wandered in looking like they needed it most, and lately that's usually you.",你可来了，坐吧坐吧。这把好椅子我一直留着，给那个看起来最需要它的人坐，最近啊，那个人多半就是你。
CMC_InnKeeperTalk_AboutProfessor_Answer_Ask,The Professor at the Academy?,学院里的那位教授吗？
CMC_InnKeeperTalk_AboutProfessor_Line,"The Professor? Sharp as a tack and twice as dry. Comes down from the Academy some evenings for a bowl of stew and to grumble about students who don't read. Good company, once you get a few words out of him.",教授啊？脑子跟针一样尖，嘴皮子却干得能起皮。有些晚上他会从学院下来喝碗炖菜，顺便抱怨几句不肯读书的学生。跟他多聊几句之后，其实是个挺不错的伴儿。
CMC_InnKeeperTalk_AboutProfessor_Answer_Exit,Good to know.,知道了。
CMC_ProfessorGreeting_AboutInnKeeper_Answer_Ask,What do you make of the Inn Keeper down the way?,你觉得那边的旅店老板怎么样？
CMC_ProfessorGreeting_AboutInnKeeper_Line,"The Inn Keeper? A good soul, and a better cook than any of us give credit for. I take my supper there most evenings, it's quieter than the lecture hall, and nobody asks me to grade anything.",旅店老板？心肠很好的一个人，厨艺也比我们这些人愿意承认的要好得多。我大半个晚上都在那儿吃饭，比讲堂安静多了，也没人缠着我批改作业。
CMC_ProfessorGreeting_AboutInnKeeper_Answer_Exit,Good to know.,知道了。
CMC_Professor_Menu_Trade,Got anything for trade?,有什么可以交易的吗？
CMC_Professor_Menu_WhereToday,Where were your rounds today?,你今天都去了哪些地方？
CMC_Professor_Menu_Studies,How am I doing as a student?,我作为学生表现如何？
CMC_Professor_Menu_Quiz,"Test me, Professor.",考考我吧，教授。
CMC_Professor_Menu_Advice,Any advice for a field scholar?,对一位田野学者有什么建议吗？
CMC_Professor_Menu_Backstory,How did you come to teach here?,你是怎么来这里任教的？
CMC_Professor_Menu_Ash,The innkeeper's cat has taken to me.,旅店老板的猫喜欢上我了。
CMC_Professor_Menu_Bridge,The river bridge is finished.,河上的桥修好了。
CMC_ProfessorGreeting_GiftVale_Answer,I had good teachers.,是因为我遇到了好老师。
CMC_ProfessorGreeting_GiftVale_Line,"Stand still a moment. Six courses. Six! In all my years at this lectern nobody has taken every degree the Academy offers. Consider yourself, formally, our first Valedictorian. This purse is the endowment prize; I've been guarding it for someone worth handing it to.",稍站一会儿。六门课程。整整六门！我在这讲台前执教这么多年，从没有人修完过学院开设的每一个学位。请你正式接受这个称号——我们的第一位优等毕业生。这个钱袋是基金奖学金；我一直守着它，等一个配得上它的人出现。
CMC_ProfessorGreeting_GiftFirst_Answer,"Thank you, Professor.",谢谢您，教授。
CMC_ProfessorGreeting_GiftFirst_Line,"One moment, before anything else. You've passed your first course. Do you know how few villagers ever finish one? Here, a small prize from the Academy's coffers. Put it toward your next enrollment, or don't; it's yours.",稍等一下，在别的事之前。你已经通过了你的第一门课程。你可知道，村里能修完一门课的人有多么稀少？来，这是学院金库里的一份小奖励。用它去报下一门课，或者不用，都随你，这是你的了。
CMC_ProfessorGreeting_TrustHigh_Line,"Come in, come in. Of everyone in this village, you're the only one who asks the right questions. Sit. What's on your mind?",进来吧，进来。在这个村子里，只有你会问出恰当的问题。坐下吧。你在想些什么？
CMC_ProfessorGreeting_TrustMid_Line,"Ah, my favorite irregular student. I was hoping you'd stop by. What shall it be today?",啊，我最喜欢的这位非正规学生。我一直盼着你能来。今天想谈些什么？
CMC_ProfessorGreeting_SeasonSpring_Line,"Spring again. The forest floor is a syllabus all its own, every seedling a footnote. What can I do for you?",又到了春天。林地本身就是一份教学大纲，每一株幼苗都是一条注脚。我能为你做些什么？
CMC_ProfessorGreeting_SeasonSummer_Line,A fine summer's day. I would lecture outdoors if the students wouldn't doze in the grass. What brings you?,好一个夏日。若不是学生们会在草地上打盹，我倒愿意到户外讲课。你此来所为何事？
CMC_ProfessorGreeting_SeasonAutumn_Line,"Autumn: harvest for farmers, examinations for scholars. Both reward preparation. Yes?",秋天：对农夫而言是收获，对学者而言是考试。二者都会回报有所准备的人。怎么了？
CMC_ProfessorGreeting_SeasonWinter_Line,Bitter out. A good season for study: the cold keeps the mind sharp and the students indoors. What do you need?,外面天寒地冻。倒是个宜于治学的季节：寒冷让头脑保持清醒，也让学生们乖乖待在室内。你需要什么？
CMC_Professor_Answer_Ok,"Noted, Professor.",明白了，教授。
CMC_ProfessorGreeting_NodePath_Line,"The path today: mostly gravel and gossip, but I picked up a few useful stones. Mind the ruts by the old fencepost if you head that way.",今日在小径上：大多是碎石和闲话，不过我捡到了几块有用的石头。你若朝那边去，留意老篱笆桩旁的车辙。
CMC_ProfessorGreeting_NodeFarm_Line,"The farmland. Good roots this time of year, if you know where the soil stays soft. The farmer thinks I'm mad, wading about the furrows with a satchel. He may be right.",农田。这个时节根茎长得不错，只要你知道哪里的土还软着。那位农夫觉得我疯了，提着个背包在田垄间跋涉。他大概说得没错。
CMC_ProfessorGreeting_NodeVillage_Line,"Just the village square, trading pleasantries and picking up oddments. One learns more at a market stall than in some lectures, though don't quote me to my students.",只是去了村广场，寒暄几句，顺手捡些零碎东西。有些道理，站在摊位前学到的，比在讲堂里学到的还多，不过这话你可别去转告我的学生。
CMC_ProfessorGreeting_NodeForest_Line,"The Foraging Forest. Mind the nettles. Worth every sting, though; the understory was generous today. Half my satchel came from a single clearing.",觅食林。小心荨麻。不过每一下刺痛都是值得的；今天林下层收获颇丰。我半个背包的东西，都来自同一块空地。
CMC_ProfessorGreeting_StudiesNone_Line,"Frankly? You've yet to sit a single final. The lectern takes deposits of salt, nuggets, or coin, and I promise the hours pass faster than you fear. Come. Ignorance is curable.",坦白说？你还没参加过一次期末考试呢。讲台账户收盐、金属块或硬币作为存款，我向你保证，时间过得比你担心的要快得多。来吧。无知是可以治愈的。
CMC_ProfessorGreeting_StudiesSome_Line,"Coming along well. You've a degree to your name, more than most who drift through here. Keep at it; the Academy's best shelf is reserved for those who finish all six.",进展不错。你名下已经有一个学位了，比大多数在这里晃悠的人都强。继续努力吧；学院最好的那格书架，是留给修完全部六门课程的人的。
CMC_ProfessorGreeting_StudiesAll_Line,"You've finished everything I can teach. It's an odd feeling, being out of material. Visit anyway; colleagues are rarer than students.",你已经修完了我能教授的一切。没有更多东西可教，这种感觉挺奇怪的。不过还是常来吧；同僚可比学生稀罕得多。
CMC_ProfessorGreeting_Advice_Line,Advice? Carry twine. Half of field scholarship is tying bundles. The other half is writing things down before you forget where you found them. And never eat a mushroom you can't name twice.,建议？随身带上细绳。田野学问有一半是在打包捆扎，另一半是在忘记东西是从哪儿找到的之前把它写下来。还有，绝不要吃一种你连叫出两遍名字都做不到的蘑菇。
CMC_Professor_Answer_GoOn,Go on.,请继续。
CMC_ProfessorGreeting_Backstory1_Line,"I taught in Duros, once: proper halls, proper stipends, proper politics. The politics won. A travelling merchant told me of a village raising an academy out of mud and stubbornness, and I found I preferred the stubbornness.",我曾在杜洛斯任教：正经的讲堂、正经的薪俸、正经的政治斗争。最后是政治斗争赢了。一位行商跟我说起，有个村子正靠着泥浆和固执建起一座学院，我发现，比起前者，我更偏爱后者。
CMC_ProfessorGreeting_Backstory2_Line,"The first winter I lectured to three farmers and a goat. The goat left. The farmers stayed; one of them built the desk you've seen me at. You ask why I stay; that desk is why. Now, enough of an old man's history.",第一个冬天，我对着三个农夫和一只山羊讲课。山羊后来走了。农夫们留了下来；其中一个人打造了你见过我坐着的那张书桌。你问我为什么留下来，那张书桌就是原因。好了，一个老头的往事，说到这里也就够了。
CMC_ProfessorGreeting_Ash_Line,So YOU'RE the one Ash chose. That cat used to prowl my lecture hall as if he held the deed to it. Mind he doesn't sleep on your notes; he has a scholar's instinct for the exact page you need.,原来艾什选中的人是你啊。那只猫以前老在我讲堂里游荡，那副神气，好像这地方的地契在他手里似的。小心别让他睡在你的笔记上；他有种学者般的直觉，总能精准地压在你最需要的那一页上。
CMC_ProfessorGreeting_Bridge_Line,"The river bridge, finished at last! Do you know what a bridge is to a village like this? A thesis in timber, proof we intend to be more than a clearing with opinions. Enrollment will thank you within the season.",河上的桥，总算修好了！你可知道，对这样一个村子来说，一座桥意味着什么？那是一篇用木料写成的论文，证明我们不甘心只做一片有主见的空地。用不了一季，学院的报名人数就会因你而增长。
CMC_ProfessorGreeting_QuizQ_Line,"Very well. A question from the entrance examination. A student returns from the forest fevered, with an angry wound. Which remedy do you reach for first?",很好。这是一道入学考试题。一名学生从森林归来，发着高烧，还带着一处红肿发炎的伤口。你会先取用哪种疗法？
CMC_Professor_Quiz_A_Mushroom,"Raw spirit mushrooms, chewed slowly.",生的灵魂菇，慢慢咀嚼。
CMC_Professor_Quiz_A_Poultice,"A plantain poultice, cleaned and bound.",车前草敷剂，清创后包扎。
CMC_Professor_Quiz_A_Tea,"A strong fireroot tea, piping hot.",一杯浓烈滚烫的火根茶。
CMC_ProfessorGreeting_QuizRight_Line,"Precisely. Clean it, draw it, bind it; the poultice does the arguing. Full marks. The Academy awards small prizes for sound fundamentals; here.",正是如此。清创、拔毒、包扎；敷剂自会起效。满分。学院会为扎实的基本功颁发小奖励；给你。
CMC_ProfessorGreeting_QuizWrong_Line,Mm. No. Your patient is now feverish AND disappointed. Review your herbals and ask me again. The examination allows retakes; the forest rarely does.,嗯，不对。你的病人现在不仅发着烧，还很失望。回去复习一下你的草药学，再来问我一次。考试允许重考，森林可不常给你这个机会。
CMC_ProfSpecimen_CardName,Specimen Request: 3 Nettle Leaves,标本请求：3片荨麻叶
CMC_ProfSpecimen_CardDescription,"The Professor could use three nettle leaves for his herbarium presses. A scholar's errand, paid in metal.",教授需要三片荨麻叶用于他的植物标本压制。这是一件学者的差事，报酬以金属支付。
CMC_ProfSpecimenThanks_Line,"Ah, perfect specimens, barely bruised! These go straight to the presses. Your pay, as promised. Keep an ear out; I'll have another errand within the week.",啊，完美的标本，几乎没有损伤！这些可以直接送去压制了。你的报酬，如约奉上。留意消息，一周之内我还会有新的差事。
CMC_Miller_AgentName,The Miller,磨坊主
CMC_Miller_AgentDescription,Moved into the Miller's Cottage a week after it was finished. Grinds the village's grain and keeps a pinch of every sack.,小屋建成一周后，磨坊主便搬了进来。他为全村磨制粮食，每袋都要抽取一小份作为报酬。
CMC_Miller_Talk,Talk,交谈
CMC_Miller_Chat_ActionName,Chat,交谈
CMC_Miller_Chat_ActionDescription,Trade a little village gossip while the grindstones turn.,趁磨石转动的空当，和他聊几句村里的闲话。
CMC_MillerTalk_SceneTitle,The Miller,磨坊主
CMC_MillerTalk_Start_Line,"Ah, the builder! I wondered when you'd come knocking. The cottage suits me fine: stout walls, a dry floor, and room enough for the grindstones. The village has a miller again.",啊，是你，那个盖房子的！我还在想你什么时候会来敲门呢。这小屋合我心意：墙壁结实，地板干燥，磨石也有地方摆。村子总算又有磨坊主了。
CMC_MillerTalk_Start_Answer_Work,How's the milling trade?,磨坊的生意怎么样？
CMC_MillerTalk_Start_Answer_Village,How do you like the village?,你觉得这村子怎么样？
CMC_MillerTalk_Start_Answer_Bye,Just passing through.,只是路过而已。
CMC_MillerTalk_Work_Line,"Steady. The farm carts me their grain and I send back flour, and I keep a pinch of every sack, which is how a miller stays fed. Bring me a good harvest some autumn and you'll see the stones sing.",稳当。农田那边把粮食车过来，我磨成面粉送回去，每袋抽一小份，磨坊主就靠这个吃饭。哪年秋天你给我带来个好收成，就能听见磨石唱歌了。
CMC_MillerTalk_Work_Answer_Bye,I'll leave you to it.,那我不打扰你了。
CMC_MillerTalk_Village_Line,"It's young yet, but it has good bones: a well, honest neighbors, and now a roof of my own. A place worth grinding for. You built a piece of that, you know.",这地方还年轻，不过底子不错：一口井，几个实诚的邻居，如今还有了我自己的屋顶。是个值得为它磨粮食的地方。你知道吗，这里头也有你出的一份力。
CMC_MillerTalk_Village_Answer_Bye,Glad to have you here.,很高兴你在这儿。
CMC_MillerMoveIn_StatName,Miller Move-In Day,磨坊主入住日
CMC_MillerMoveIn_StatDescription,Hidden tracker for the day the Miller moves into the finished cottage.,隐藏追踪器：记录磨坊主搬入建成小屋的那一天。
CMC_Weaver_AgentName,The Weaver,织工
CMC_Weaver_AgentDescription,Moved into the Weaver's Cottage a week after it was finished. Keeps a loom by the window and the village in cloth.,小屋建成一周后，织工便搬了进来。她在窗边支起一台织机，为全村提供布料。
CMC_Weaver_Talk,Talk,交谈
CMC_Weaver_Chat_ActionName,Chat,交谈
CMC_Weaver_Chat_ActionDescription,Pass the time to the clack of the loom and a bit of easy talk.,伴着织机咔嗒作响的节奏，和她轻松地聊聊天，消磨时光。
CMC_WeaverTalk_SceneTitle,The Weaver,织工
CMC_WeaverTalk_Start_Line,"Oh! Come in out of the wind. You're the one who raised this cottage, aren't you? I've set the loom up by the window, best light in the whole village, if you ask me.",哦！快进来避避风吧。你就是盖起这座小屋的人，对吧？我把织机摆在了窗边，要我说，这可是全村光线最好的地方。
CMC_WeaverTalk_Start_Answer_Work,What are you weaving?,你在织什么？
CMC_WeaverTalk_Start_Answer_Village,Settling in all right?,安顿得还顺利吗？
CMC_WeaverTalk_Start_Answer_Bye,I'll let you get back to it.,那我不打扰你干活了。
CMC_WeaverTalk_Work_Line,"Cloth for whoever needs it: plain and warm for winter, finer stuff when traders come through. A village that makes its own cloth never goes cold, that's what my mother always said.",谁需要布料我就织给谁：冬天要的是朴素保暖的，商人路过时就织些精细点的。一个能自己织布的村子，永远不会挨冻——我母亲一直这么说。
CMC_WeaverTalk_Work_Answer_Bye,Lovely work.,织得真好。
CMC_WeaverTalk_Village_Line,"Better than all right. Well water for washing wool, neighbors who wave hello, and a door that latches against the wind. I've thread enough to stay a long while; thank you for the roof, truly.",岂止是顺利。井水能洗羊毛，邻居见面都会打招呼，门也能挡住风。我这儿线够我用上好一阵子的了；谢谢你给我这个屋顶，真心的。
CMC_WeaverTalk_Village_Answer_Bye,Happy to have you in the village.,很高兴你能加入这个村子。
CMC_WeaverMoveIn_StatName,Weaver Move-In Day,织工入住日
CMC_WeaverMoveIn_StatDescription,Hidden tracker for the day the Weaver moves into the finished cottage.,隐藏追踪器：记录织工搬入建成小屋的那一天。
Combat_And_Armor_Club_CardName,Club,棍棒
Combat_And_Armor_Club_CardDescription,"A stout hardwood club carved from a tree trunk. Crude, but dependable blunt power.",一根用树干雕成的粗壮硬木棍棒，虽然简陋，但钝击威力可靠。
Combat_And_Armor_Club_UsageDurability.CardStatName,Durability,耐久度
Combat_And_Armor_Club_OnZero,Club Broken!,棍棒已损坏！
Combat_And_Armor_Club_Dismantle_ActionName,Carve Down,削砍
Combat_And_Armor_Club_Dismantle_ActionDescription,Carve the club down into a usable long stick.,把棍棒削成一根可用的长木棍。
Combat_And_Armor_Bp_Club_CardName,Club,棍棒
Combat_And_Armor_Bp_Club_CardDescription,Carve a stout club from a tree trunk.,用树干雕出一根粗壮的棍棒。
Combat_And_Armor_Bp_Club_UnlockConditionsDesc,Tree Trunk Needed,需要树干
Apparel_ClothMask_CardName,Cloth Mask,布口罩
Apparel_ClothMask_CardDescription,A simple cloth face covering tied behind the head. Keeps the wind and the worst of the dust off your face.,一块系在脑后的简易布制面罩，能挡住风沙，减轻脸部所受的尘土侵扰。
Apparel_ClothMask_UsageDurability.CardStatName,Condition,状况
Apparel_ClothMask_OnZero,The cloth mask has fallen apart.,布口罩已经破损散架。
Apparel_ClothMask_RipUp_ActionName,Rip up,撕破
Apparel_ClothMask_RipUp_ActionDescription,Rip the mask apart to recover the cloth.,撕开口罩，回收布料。
Apparel_Bp_ClothMask_CardName,Cloth Mask,布口罩
Apparel_Bp_ClothMask_CardDescription,Sew a simple face covering from a piece of cloth and twine.,用一块布和麻绳缝制一件简易的面部遮挡物。
Apparel_Bp_ClothMask_UnlockConditionsDesc,The Weaver and Apothecary's masks for powder work,织工与药剂师为粉尘作业准备的口罩
Apparel_LongJohns_CardName,Long Johns,保暖长裤
Apparel_LongJohns_CardDescription,"Snug cloth leggings worn under trousers. An extra layer between you and the cold, with a little padding besides.",一条贴身的布制内裤，穿在长裤内侧。为你抵御寒冷多加一层保护，还带有些许保暖填充。
Apparel_LongJohns_UsageDurability.CardStatName,Condition,状况
Apparel_LongJohns_OnZero,The long johns have worn through.,长内裤已经磨穿。
Apparel_LongJohns_RipUp_ActionName,Rip up,撕破
Apparel_LongJohns_RipUp_ActionDescription,Rip the long johns apart to recover the cloth.,撕开长内裤，回收布料。
Apparel_Bp_LongJohns_CardName,Long Johns,保暖长裤
Apparel_Bp_LongJohns_CardDescription,Sew snug cloth leggings to wear under trousers.,缝制一条贴身布裤，穿在长裤内侧。
Apparel_Bp_LongJohns_UnlockConditionsDesc,Bring the Weaver a bundle of wool or fiber,为织工带来一捆羊毛或纤维
Pottery_GlazedPlate_CardName,Glazed Clay Plate,釉面陶盘
Pottery_GlazedPlate_CardDescription,"A clay plate finished with a smooth ash glaze and refired. Far tougher than plain earthenware, and it wipes clean.",一只涂有光滑灰釉并经二次烧制的陶盘，比普通陶器坚固得多，也更容易擦拭干净。
Pottery_GlazedPlate_UsageDurability,Durability,耐久度
Pottery_GlazedPlate_Broken,The glazed plate has shattered.,上釉盘已经碎裂。
Pottery_Bp_GlazedPlate_CardName,Glazed Clay Plate,釉面陶盘
Pottery_Bp_GlazedPlate_CardDescription,"Coat a clay plate in ash glaze and refire it into tough, glossy tableware.",在陶盘上涂抹灰釉并二次烧制，制成坚固光亮的餐具。
Pottery_Bp_GlazedPlate_UnlockConditionsDesc,Bring the Inn Keeper dried foragables for the winter pantry,为旅店老板的冬季储藏带来风干的野外食材
Hunters_Cache_HuntingStandKit_CardName,Hunting Stand Kit,猎人瞭望台套件
Hunters_Cache_HuntingStandKit_CardDescription,"Planks, poles, and lashings bundled for raising an elevated hunting stand against a tree.",一捆木板、木杆和绑索，用于在树旁搭建一座高台猎人瞭望台。
Hunters_Cache_HuntingStandKit_SetUp_ActionName,Set Up,搭建
Hunters_Cache_HuntingStandKit_SetUp_ActionDescription,Lash the platform to a sturdy tree at this location.,把平台绑在此处一棵结实的树上。
Hunters_Cache_HuntingStand_CardName,Hunting Stand,猎人瞭望台
Hunters_Cache_HuntingStand_CardDescription,A simple elevated platform lashed to a tree. Being off the ground makes you much harder for predators to detect.,一座绑在树上的简易高台。离地而立能让掠食者更难发现你。
Hunters_Cache_HuntingStand_CardHelpSection,"<b>Effect:</b> While this stand is at a location, wild-animal encounters there have a ~45% chance to be averted.

<b>Take Down:</b> Recover the stand as a portable kit.

<b>Dismantle:</b> Break it down into planks and sticks.","<b>效果：</b>只要此瞭望台位于该地点，那里发生野生动物遭遇的几率约有45%会被规避。

<b>拆卸：</b>将瞭望台回收为便携套件。

<b>拆解：</b>将其拆解为木板和木棍。"
Hunters_Cache_HuntingStand_TakeDown_ActionName,Take Down,拆除
Hunters_Cache_HuntingStand_TakeDown_ActionDescription,Unlash the platform and bundle it back into a portable kit.,解开平台的绳索，重新打包成便携套件。
Hunters_Cache_HuntingStand_Dismantle_ActionName,Dismantle,拆解
Hunters_Cache_HuntingStand_Dismantle_ActionDescription,Break the stand down into planks and sticks.,把平台拆解成木板和木棍。
Hunters_Cache_Bp_HuntingStand_CardName,Hunting Stand,猎人瞭望台
Hunters_Cache_Bp_HuntingStand_CardDescription,Build an elevated tree platform that keeps you out of predators' sight. Wild-animal encounters at its location are often averted.,搭建一座高台，让你远离掠食者的视线。该地点的野生动物遭遇常常会被规避。
CMC_InnCat_BoarHunt_OnZero,Goes Hunting,外出狩猎
CMC_InnCat_BoarHunt_OnZero_Desc,"Ash slips out after dusk, hot on the scent of something in the underbrush.",黄昏之后，艾什悄悄溜了出去，紧追着灌木丛里某种气味的踪迹。
CMC_AshTrackingBoar_CardName,"Ash, On the Hunt",出猎的艾什
CMC_AshTrackingBoar_CardDescription,Ash didn't come home. He's gone to Hunter's Crossing — head there to find him. Once you do he'll have a boar cornered in the thicket.,艾什没有回家。它去了猎人岔口——前往那里寻找它。找到它时，它已经把一头野猪逼到了灌木丛中。
CMC_AshTrackingBoar_DA_CornerBoar,Corner the Boar,逼退野猪
CMC_AshTrackingBoar_DA_CornerBoar_Desc,Ash has the boar pinned in the thicket. Move in together and force the fight.,艾什已经把野猪逼进了灌木丛。一起上前，逼它决一死战。
CMC_AshBoarTrail_CardName,Ash's Trail,艾什的踪迹
CMC_AshBoarTrail_CardDescription,A tuft of grey fur and a scuff of paw prints in the mud. Ash slipped out after dark — the tracks lead toward Hunter's Crossing.,一撮灰色的毛发和泥地上一串模糊的爪印。艾什在天黑后溜了出去——足迹指向猎人岔口。
Bp_CMC_ApothecaryCabin_CardName,Apothecary's Cabin,药剂师的小屋
Bp_CMC_ApothecaryCabin_CardDescription,"Raise a small herbalist's cabin among the pines of the Foraging Forest, with drying-racks under the eaves and a lean-to for the roots. Learned only by graduating the Academy's Herbalism course. Can only be built in the Foraging Forest.",在觅食林的松树间建起一座小型草药师小屋，屋檐下设有晾晒架，还有一间存放根茎的偏棚。只有从学院药草学课程毕业才能学会。只能在觅食林建造。
Bp_CMC_ApothecaryCabin_UnlockConditionsDesc,Graduate the Academy's Herbalism course,从学院的药草学课程毕业
CMC_ApothecaryCabin_CardName,Apothecary's Cabin,药剂师的小屋
CMC_ApothecaryCabin_CardDescription,A snug herbalist's cabin tucked among the pines. Bundles of drying herbs hang under the eaves and the whole clearing smells faintly of nettle and resin. Someone has made a home of the forest.,一座隐匿在松林间的舒适草药师小屋。成捆的草药悬挂在屋檐下晾晒，整片林隙都弥漫着淡淡的荨麻和树脂香气。有人已经把这片森林当作了家。
CMC_Apothecary_AgentName,The Apothecary,药剂师
CMC_Apothecary_AgentDescription,"A wandering herbalist who settled into a cabin at the edge of the Foraging Forest. Trades in salves, teas, and dried herbs, and knows every root within a day's walk.",一位云游的草药师，在觅食林边缘的一间小屋安顿了下来。她经营药膏、茶饮和风干草药的买卖，一天脚程内的每一株根茎她都了如指掌。
CMC_Apothecary_Talk,Talk,交谈
CMC_Apothecary_Chat_ActionName,Chat,交谈
CMC_Apothecary_Chat_ActionDescription,Swap news of the woods and the weather while she sorts the day's cuttings.,趁她整理当天采下的草药，聊聊林中和天气的消息。
CMC_Apothecary_GiveStallKit_ActionName,Give Market Stall Kit,给予集市摊位套件
CMC_Apothecary_GiveStallKit_ActionDescription,Hand over the market stall kit you built. She's delighted; she'll start spending her days trading in the village square.,把你搭好的集市摊位套件交给她。她很高兴，从此她会开始在村广场上摆摊做生意。
CMC_ApothecaryMoveIn_StatName,Apothecary Move-In Day,药剂师入住日
CMC_ApothecaryMoveIn_StatDescription,Hidden tracker for the day the Apothecary moves into the finished cabin at the Foraging Forest.,隐藏追踪器：记录药剂师搬入觅食林建成小屋的那一天。
CMC_ApothecaryStallGifted_StatName,The Apothecary's Stall,药剂师的摊位
CMC_ApothecaryStallGifted_StatDescription,"Hidden tracker: 0 = the market stall kit has not yet been gifted (she stays at her cabin), 1 or more = gifted (she commutes to the village to trade by day).",隐藏追踪器：0=集市摊位套件尚未赠送（她留在自己的小屋），1或以上=已赠送（她白天往返村庄摆摊）。
CMC_ApothecaryTalk_SceneTitle,The Apothecary,药剂师
CMC_ApothecaryTalk_Start_Line,"Ah, the one who built me this cabin, come in, mind the drying racks. The forest's been good to me: nettle by the stream, moss on the north stones, more roots than I can press in a day. It's the finest workshop I've ever kept.",啊，是给我盖了这间小屋的人，进来吧，小心晾架。这片森林待我不薄：溪边有荨麻，北面石头上有地衣，根茎多得我一天压榨不完。这是我用过最好的一间作坊了。
CMC_ApothecaryTalk_Start_Answer_Work,What are you brewing these days?,你最近在熬制什么？
CMC_ApothecaryTalk_Start_Answer_Home,How do you find life out here in the forest?,在这林子里生活感觉如何？
CMC_ApothecaryTalk_Start_Answer_Stall,Thought about selling in the village?,想过去村里摆摊卖东西吗？
CMC_ApothecaryTalk_Start_Answer_Thanks,How's the village stall treating you?,村里的摊位对你来说还顺利吗？
CMC_ApothecaryTalk_Start_Answer_Bye,Just looking in on you.,只是过来看看你。
CMC_ApothecaryTalk_Work_Line,"Salves, mostly: healing and soothing both, and teas for whatever the season throws at you. Dry the willow bark right and it'll take the edge off any ache. Bring me herbs I don't have to walk for and I'll always find you a fair trade.",大多是药膏：治伤的、舒缓的都有，还有应付各种季节毛病的茶饮。柳树皮晒干晒对了，什么疼痛都能缓一缓。你要是能给我带些不用我自己跑腿采的草药，我总能给你个公道的交易。
CMC_ApothecaryTalk_Work_Answer_Bye,I'll keep that in mind.,我会记在心上的。
CMC_ApothecaryTalk_Home_Line,"Quiet, and I like it quiet. The wolves keep their distance and the pines keep the wind off. I trained at the Academy same as you might have, but a herbalist belongs where the herbs grow, not behind a lectern. This clearing is exactly where I ought to be.",安静，我就喜欢安静。狼群离得远，松树又挡风。我跟你或许一样，也是在学院受的训，可草药师该待在草药生长的地方，不是讲台后头。这片空地，正是我该待的地方。
CMC_ApothecaryTalk_Home_Answer_Bye,It suits you.,这地方很适合你。
CMC_ApothecaryTalk_StallAsk_Line,"Funny you should say it, I've been thinking the same. The forest keeps me stocked but nobody walks all this way for a tea. If you could build one of those market stalls for the village square, I'd tend it myself between pressings. Build one and bring it to me.",说来也巧，我也一直这么想。森林给我的存货是够了，可没人愿意走这么远的路来买一杯茶。你要是能给村广场搭一个那种集市摊位，我会在压榨的间隙自己去看摊。搭一个带来给我吧。
CMC_ApothecaryTalk_StallAsk_Answer_Accept,I'll build it and bring it to you.,我会搭好带给你的。
CMC_ApothecaryTalk_StallThanks_Line,The stall's a joy: I set it up in the square each morning and walk back here at dusk. Folk who'd never brave the forest for a remedy will happily buy one over a market counter. You did me a real kindness with that. Come find me there if the cabin's empty.,这摊位真是妙极了：每天早上我摆到广场上，黄昏再走回来。那些绝不愿冒险进林子买药的人，倒乐意在市场柜台上买一份。你这可是帮了我大忙。要是小屋没人，就去那儿找我吧。
CMC_ApothecaryTalk_StallThanks_Answer_Bye,Glad it's working out.,很高兴这事顺利成了。
CMC_ApothecaryCabinInterior_CardName,Apothecary's Cabin,药剂师的小屋
CMC_ApothecaryCabinInteriorLocation_CardName,Apothecary's Cabin,药剂师的小屋
CMC_ApothecaryCabinExit_CardName,Cabin Door,小屋门
CMC_ApothecaryCabinExit_DA_Exit,Exit,离开
CMC_ApothecaryCabinExit_DA_Exit_Fade,Leaving the cabin...,正在离开小屋……
CMC_ApothecaryCabin_DA_Enter,Enter the Cabin,进入小屋
CMC_ApothecaryCabin_DA_Enter_Fade,Entering the cabin...,正在进入小屋……
CMC_ApothecaryHealingMixture_BP_Name,Rare Herb Mixture,稀有草药混合物
CMC_ApothecaryHealingMixture_BP_Desc,"Bundle together the rarest herbs the forest and its herb-gardens have to offer: dried ginseng, dried reishi, and dried hemp flower, bound with a handful of dried nettle. The Apothecary knows exactly what to do with it.",把森林与药草园所能提供的最稀有的草药捆扎在一起：风干人参、风干灵芝，还有风干大麻花，用一把风干荨麻捆好。药剂师知道该拿它做什么。
CMC_ApothecaryHealingMixture_BP_UnlockDesc,Graduate the Academy's Herbalism course,从学院的药草学课程毕业
CMC_ApothecaryHealingMixture_CardName,Rare Herb Mixture,稀有草药混合物
CMC_ApothecaryHealingMixture_CardDesc,"A mortar-bundle of the rarest herbs the forest and its herb-gardens have to offer, bound together for the Apothecary. It isn't much use to anyone else; carry it to her cabin and give it to her.",一捆用研钵捣制、由森林与药草园所能提供的最稀有草药扎成的束，是专为药剂师准备的。对别人来说没什么用处；把它带到她的小屋交给她吧。
CMC_ApothecaryHealingMixture_Help,Rare Herb Mixture,稀有草药混合物
CMC_ApothecaryHealingPotion_CardName,Powerful Healing Potion,强效治疗药水
CMC_ApothecaryHealingPotion_CardDesc,"A dark, bitter brew the Apothecary spent two full days over: ginseng, reishi, and hemp reduced down to something much stronger than any salve. Drink it in dire need.",一瓶深色苦涩的药水，药剂师足足花了两天时间熬制：人参、灵芝和大麻被熬炼成了比任何药膏都强得多的东西。危急时刻再饮用。
CMC_ApothecaryHealingPotion_Help,Powerful Healing Potion,强效治疗药水
CMC_ApothecaryHealingPotion_Drink,Drink,饮用
CMC_ApothecaryHealingPotion_Drink_Desc,"Drink the potion. It burns going down, then the pain just... stops.",喝下这瓶药水。入喉时火辣辣的，然后疼痛就……停了。
CMC_Apothecary_GiveHealingMixture_ActionName,Give Herb Mixture,给予草药合剂
CMC_Apothecary_GiveHealingMixture_ActionDescription,Hand over the rare herb mixture. She sets everything else aside; this is going to take her a couple of days to get right.,把稀有草药混合物交给她。她把手头其他事全放到一边；这个要花她好几天才能做对。
CMC_ApothecaryPotionCraftDay_StatName,The Apothecary's Brewing,药剂师的调制
CMC_ApothecaryPotionCraftDay_StatDescription,Hidden tracker: 0 = not brewing. A small in-between value marks a just-gifted mixture pending C# arming. 1 or more = the absolute day the Powerful Healing Potion will be ready.,隐藏追踪器：0=未在熬制。一个中间小数值表示混合物刚被赠送、等待C#激活。1或以上=强效治疗药水制成的绝对天数。
Bp_CMC_MillerPlanks_CardName,Mill Logs into Planks,将原木锯成木板
Bp_CMC_MillerPlanks_CardDescription,The Miller saws 3 logs' worth of planks (24 Plank) for a small fee in copper.,磨坊主会将相当于3根原木的木板锯好（24块木板），只收取少量铜块作为报酬。
Bp_CMC_MillerPlanks_UnlockConditionsDesc,Available at the Miller's Cottage,可在磨坊主的小屋获取
Bp_CMC_MillerGrindWheat_CardName,Grind Wheat into Flour,将小麦磨成面粉
Bp_CMC_MillerGrindWheat_CardDescription,"The Miller grinds a sack of wheat grains into flour, keeping a copper nugget for the work.",磨坊主会把一袋小麦谷粒磨成面粉，并收取一枚铜块作为工钱。
Bp_CMC_MillerGrindWheat_UnlockConditionsDesc,Available at the Miller's Cottage,可在磨坊主的小屋获取
Bp_CMC_MillerGrindRye_CardName,Grind Rye into Flour,将黑麦磨成面粉
Bp_CMC_MillerGrindRye_CardDescription,"The Miller grinds a sack of rye grains into flour, keeping a copper nugget for the work.",磨坊主会把一袋黑麦谷粒磨成面粉，并收取一枚铜块作为工钱。
Bp_CMC_MillerGrindRye_UnlockConditionsDesc,Available at the Miller's Cottage,可在磨坊主的小屋获取
Bp_CMC_MillerGrindAcorn_CardName,Grind Acorns into Flour,将橡子磨成面粉
Bp_CMC_MillerGrindAcorn_CardDescription,"The Miller grinds a batch of edible acorns into flour, keeping a copper nugget for the work.",磨坊主会把一批可食用橡子磨成面粉，并收取一枚铜块作为工钱。
Bp_CMC_MillerGrindAcorn_UnlockConditionsDesc,Available at the Miller's Cottage,可在磨坊主的小屋获取
Bp_CMC_WeaverRope_CardName,Weave Rope,编织绳索
Bp_CMC_WeaverRope_CardDescription,"The Weaver twists fiber into rope for less material than working it alone, for a fee in copper.",织工能用比你自己动手更少的材料把纤维捻成绳索，只收取一点铜块作为报酬。
Bp_CMC_WeaverRope_UnlockConditionsDesc,Available at the Weaver's Cottage,可在织工的小屋获取
Bp_CMC_WeaverLargeCloth_CardName,Weave Large Cloth,编织大块布料
Bp_CMC_WeaverLargeCloth_CardDescription,"The Weaver works fiber straight into large cloth on the loom for less material than working it alone, for a fee in copper.",织工能在织机上直接把纤维织成大块布料，用料比你自己动手更少，只收取一点铜块作为报酬。
Bp_CMC_WeaverLargeCloth_UnlockConditionsDesc,Available at the Weaver's Cottage,可在织工的小屋获取
Bp_CMC_WeaverProcessNettle_CardName,Process Nettle Stems into Fiber,将荨麻茎处理成纤维
Bp_CMC_WeaverProcessNettle_CardDescription,"The Weaver processes a bundle of dried nettle stems into fiber, for a fee in copper.",织工会把一捆干荨麻茎处理成纤维，只收取一点铜块作为报酬。
Bp_CMC_WeaverProcessNettle_UnlockConditionsDesc,Available at the Weaver's Cottage,可在织工的小屋获取
Bp_CMC_WeaverProcessFlax_CardName,Process Flax Stems into Fiber,将亚麻茎处理成纤维
Bp_CMC_WeaverProcessFlax_CardDescription,"The Weaver processes a bundle of dry flax stems into fiber, for a fee in copper.",织工会把一捆干亚麻茎处理成纤维，只收取一点铜块作为报酬。
Bp_CMC_WeaverProcessFlax_UnlockConditionsDesc,Available at the Weaver's Cottage,可在织工的小屋获取
Bp_CMC_WeaverProcessHemp_CardName,Process Hemp Stalks into Fiber,将大麻秆处理成纤维
Bp_CMC_WeaverProcessHemp_CardDescription,"The Weaver processes a bundle of hemp stalks into fiber, for a fee in copper.",织工会把一捆大麻秆处理成纤维，只收取一点铜块作为报酬。
Bp_CMC_WeaverProcessHemp_UnlockConditionsDesc,Available at the Weaver's Cottage (requires Herbs & Fungi),可在织工的小屋获取（需要“草药与真菌”模组）
CMC_MillerTalk_Start_Answer_Story,Got a story for me?,有什么故事要讲给我听吗？
CMC_MillerTalk_Start_Answer_QuestOffer,Anything you need a hand with?,有什么需要帮忙的吗？
CMC_MillerTalk_QuestOffer_Line,"Actually, since you're asking. My own store's run thin and the farm's grain hasn't come round yet this week. Bring me a wheat grain and I'll owe you one. Nothing fancy, just don't want the stones sitting idle.",说起来，你既然问了。我自己的存货快见底了，这周农田那边的粮食还没送来。给我带点小麦谷粒，我欠你一份人情。不用多讲究，就是不想让磨石闲着。
CMC_MillerTalk_QuestOffer_Answer_Accept,I'll bring you some.,我会给你带一些来的。
CMC_MillerTalk_QuestOffer_Answer_Decline,Maybe another time.,改天再说吧。
CMC_MillerTalk_QuestThanks_Line,"There we are. Stones'll sing again by morning. I won't forget this, you're the sort of neighbor this village needed, and didn't know it yet.",这就对了。明早磨石就又能唱歌了。这份情我记下了，你正是这村子需要的那种邻居，只是它自己还不知道罢了。
CMC_MillerTalk_QuestThanks_Answer_Glad,Glad to help.,很高兴能帮上忙。
CMC_MillerTalk_Story1_Line,"A story? Ha. All right, since you built me the roof. Years back, before I ever came here, I milled in a town three valleys over. There was another miller across the river, proud man, and one harvest we made a wager: whoever ground a full cart of grain fastest by sundown kept the other's best grindstone.",故事？哈。行吧，看在你给我盖了屋顶的份上。多年以前，我还没来这儿之前，是在三座山谷之外的一个镇子上磨粮食的。河对岸有另一个磨坊主，是个骄傲的人，有一年收获季我们打了个赌：日落之前谁先磨完一整车谷子，谁就赢走对方最好的一块磨石。
CMC_MillerTalk_Story1_Answer_GoOn,And? Who won?,然后呢？谁赢了？
CMC_MillerTalk_Story2_Line,"I did, by two full sacks. But here's the thing about a wheel wager: it isn't the arms that win it, it's the water. I'd spent the whole week before quietly clearing the leaves and silt out of my own millrace so the wheel ran free, while his was choking half-shut and he never thought to look.",我赢了，多磨了整整两袋。不过水车这种赌局有个门道：赢的靠的不是胳膊，是水。我提前一整个星期，悄悄把自己水渠里的落叶和淤泥清干净了，让水车转得畅快，而他那边的渠道堵了大半，他压根没想过去看看。
CMC_MillerTalk_Story2_Answer_Fair,Did you play fair?,你这算公平吗？
CMC_MillerTalk_Story3_Line,"Fair? I kept my own house in order and he didn't, that's all. Nothing in the wager said a word about whose race ran cleaner. Still, I'll grant you it wasn't the whole of it, and I've never quite told it straight to anyone until now.",公平？我把自己的事打理好了，他没有，仅此而已。赌约里可没提谁的水渠更干净这回事。不过我承认，这也不是全部真相，这话我到今天都没跟人说明白过。
CMC_MillerTalk_Story3_Answer_Admit,So you admit it.,这么说你承认了。
CMC_MillerTalk_Story3_Answer_Secret,Your secret's safe with me.,你的秘密我会保密的。
CMC_MillerTalk_Story4_Line,"He took it in good humor in the end, once his temper cooled. Told me a miller who watches his water deserves the wheel, and gave me the grindstone without another word. I've cleared my race every week since, out of respect for him as much as habit. Just don't go repeating the water part around the village, eh?",他后来气消了，倒也想得开。说一个懂得照看自己水渠的磨坊主，配得上这块磨石，二话不说就把石头给了我。从那以后我每周都清理水渠，一半是习惯，一半也是对他的敬意。你可别把这水渠的事在村里传出去啊？
CMC_MillerTalk_Story4_Answer_Close,Wouldn't dream of it.,想都不会想。
CMC_WeaverTalk_Start_Answer_Story,Got a story for me?,有什么故事要讲给我听吗？
CMC_WeaverTalk_Start_Answer_QuestOffer,Anything you need a hand with?,有什么需要帮忙的吗？
CMC_WeaverTalk_QuestOffer_Line,"If you're passing the farm rows, I've a pattern I've been dying to try, but it wants more flax than my own plot gives up in a season. Bring me a good bundle of dried flax stems and I'll show you something worth the wait.",你要是路过农田那一带，我这儿有个一直想试试的花样，可它要的亚麻，比我自己那块地一季能长出来的还多。给我带一捆好好晒干的亚麻茎来，我让你看看什么叫值得等待。
CMC_WeaverTalk_QuestOffer_Answer_Accept,I'll gather some for you.,我会去给你收集一些的。
CMC_WeaverTalk_QuestOffer_Answer_Decline,Maybe another time.,改天再说吧。
CMC_WeaverTalk_QuestThanks_Line,"Oh, this'll do nicely. Here, I sketched a wall hanging out ages ago and never had the flax to spare for a first try. The pattern's yours now, same as the idea was. Loom's always warm if you want to see it made.",哦，这个正合适。给，我很久以前就画好了一幅壁挂的图样，一直没有多余的亚麻能试上第一次。现在这花样是你的了，就像这个点子本来也是你我共有的。你要是想看它织出来是什么样子，织机随时都是热乎的。
CMC_WeaverTalk_QuestThanks_Answer_Thanks,"Thank you, I'll treasure it.",谢谢你，我会好好珍惜的。
CMC_WeaverTalk_Story1_Line,"A story. Let me think. My mother wove before me, and hers before her. The last winter she was well, she was spinning a spindle of nettle-fiber thread by the fire, thin as a hair and twice as stubborn. She said nettle punishes a lazy hand but never a patient one.",一个故事啊，让我想想。我母亲在我之前织布，她的母亲又在她之前织布。她身体还好的最后一个冬天，坐在炉火边纺一锭荨麻纤维线，细得像头发丝，倔得也是双倍。她说荨麻专挑懒手的麻烦，从不为难有耐心的人。
CMC_WeaverTalk_Story1_Answer_GoOn,What happened to it?,后来那锭线怎么样了？
CMC_WeaverTalk_Story2_Line,"She never finished it. She got too weak to hold the spindle steady, and it sat on the shelf half-spun through the whole of that last spring. I couldn't bring myself to touch it. It felt like finishing it would mean she was really gone.",她没能织完。她后来虚弱得连纺锤都握不稳了，那锭线就那么半纺着，在架子上放了整整一个春天。我一直下不了手去碰它。总觉得，把它织完，就等于承认她真的不在了。
CMC_WeaverTalk_Story2_Answer_GoOn,Did you ever pick it up?,你后来接着做了吗？
CMC_WeaverTalk_Story3_Line,"A full year later, on the first cold night, I finally sat down and spun the rest of it. My hands remembered hers, somehow. The thread came out even, no knots, no breaks, the whole length of it. I still don't know how, patient hand or not. I keep telling myself I made it. Truthfully I think we made it together.",整整一年后，在第一个寒冷的夜里，我终于坐下来把剩下的纺完了。不知怎么的，我的手竟然记得她的手法。那线纺得均匀，没有一个结，没有一处断，整整一根都是。到现在我也说不清是怎么做到的，是不是耐心的手也说不准。我总跟自己说，是我织出来的。可说实话，我觉得是我们俩一起织成的。
CMC_WeaverTalk_Story3_Answer_GoOn,What did you do with the thread?,那根线你后来用来做什么了？
CMC_WeaverTalk_Story4_Line,"I wove it into the hem of the shawl I wear every winter, this one, here. You'd never pick it out from the rest, and that's the point. She's a single thread running through the whole of it, holding, not breaking. So when I tell you a good thread is worth waiting a year for, you understand I mean it more than one way.",我把它织进了我每年冬天都披的这条披肩的下摆里，就是这条，你看。你根本认不出它和别的线有什么不同，这正是它的意义所在。她就是贯穿整条披肩的那一根线，撑着，从不断裂。所以我跟你说一根好线值得等上一年，你该明白，我这话不止一层意思。
CMC_WeaverTalk_Story4_Answer_Close,That's the finest thing I've heard in a long while.,这是我很久以来听过最动人的事了。
CMC_ApothecaryTalk_Start_Answer_HerbQuest,Anything else you're short on?,还缺什么别的东西吗？
CMC_ApothecaryTalk_HerbQuestOffer_Line,"Since you're forever in those woods anyway, there are three things I've never enough of on hand: billberries, springberries, and spirit mushrooms, all fresh, mind, not dried. Bring me all three together and I'll finally have what I need for something stronger than what I sell.",反正你总在那片林子里跑，我手头总是缺三样东西：越橘、春莓和灵魂菇，记住，都要新鲜的，不是风干的。把这三样一起给我带来，我就总算能凑齐做点比我平时卖的东西更强效的材料了。
CMC_ApothecaryTalk_HerbQuestOffer_Answer_Accept,I'll keep an eye out for all three.,我会留意这三样东西的。
CMC_ApothecaryTalk_HerbQuestOffer_Answer_Decline,I'll see what I can do.,我看看能做些什么。
CMC_ApothecaryTalk_HerbQuestThanks_Line,"All three, and none of them bruised. You've got a forager's hands, whether you know it or not. Give me a day or so and I'll have something worth more than a tea for it. Here, the recipe's yours too; you've earned the knowing of it.",三样都齐了，一个都没压坏。你这双手天生就是采集的料，不管你自己知不知道。给我一天左右的时间，我会做出比一杯茶更值钱的东西。来，这个方子也给你，你配得上知道它。
CMC_ApothecaryTalk_HerbQuestThanks_Answer_Thanks,Happy to forage for you.,很乐意为你去采集。
CMC_Professor_Menu_Specimen,Need anything pressed for your herbarium?,你的标本室还需要压制什么标本吗？
CMC_ProfessorGreeting_SpecimenPointer_Line,"As it happens, I've a standing request on the board for nettle leaves, three fresh ones, whenever you've a moment in the forest. Small thing, but my herbarium thanks you all the same.",说来正好，告示板上我留了个长期的请求——三片新鲜荨麻叶，等你有空进森林的时候顺手采一下。小事一桩，不过我的标本室仍会因此感激你。
CMC_ProfessorGreeting_SpecimenPointer_Answer_Close,I'll keep an eye out.,我会留意的。
CMC_InnKeeperTalk_Cat2ndLife_1_Line,"You know, this inn's always had exactly one cat. Never two, never none for long, just the one. Ash isn't the first. Before him there was an old three-legged tom named Soot, black as a cold hearth, and he picked my father the very same way Ash picked you: walked in unbidden one evening and simply decided he lived here.",你知道吗，这家旅店向来只养一只猫。从来不是两只，也不会长时间一只都没有，就是一只。艾什不是第一只。在他之前有只三条腿的老公猫，叫“煤灰”，黑得像熄灭的炉膛，他当年选中我父亲的方式，跟艾什选中你一模一样：一天傍晚不请自来，径直走进屋子，就决定要住下了。
CMC_InnKeeperTalk_Cat2ndLife_1_Answer_GoOn,What became of Soot?,“煤灰”后来怎么样了？
CMC_InnKeeperTalk_Cat2ndLife_2_Line,"One hard winter he wandered off into the Old Woods and never came back. We looked, I'll tell you, we looked for weeks. And then for two full years, not a single cat came near the place. Not a stray, not a barn kitten, nothing. It was as if the inn itself was in mourning and wouldn't take another.",一个艰难的冬天，他走进老林子，再也没回来。我们找过，真的找过，找了好几个星期。之后整整两年，没有一只猫靠近过这地方。流浪猫没有，谷仓里的小猫也没有，什么都没有。就好像这家旅店自己在守丧，不肯再接纳别的猫。
CMC_InnKeeperTalk_Cat2ndLife_2_Answer_GoOn,And then Ash turned up?,后来艾什就出现了？
CMC_InnKeeperTalk_Cat2ndLife_3_Line,"The very week the well was finished, out he strolled from nowhere, this scruffy young thing, and made himself at home on the warm hearthstone like he'd always owned it. I've chosen to believe, half in jest and half not, that a place only earns a cat again once it's proven it deserves one. And you helped prove it.",就在水井修好的那个星期，他不知从哪儿溜达出来，一只毛茸茸的小家伙，径直趴在温暖的炉石上，那副样子，好像这地方一直就是他的。我愿意相信——半开玩笑半认真地——一个地方只有证明自己配得上，才能再次拥有一只猫。而你，正是帮着证明了这一点的人。
CMC_InnKeeperTalk_Cat2ndLife_3_Answer_Close,Maybe he was just waiting for the right place to be worth it.,也许他只是在等一个真正值得的地方。
CMC_Miller_GiveWheatGrain_ActionName,Give Wheat Grain,给予小麦谷粒
CMC_Miller_GiveWheatGrain_ActionDescription,"Hand over a wheat grain for the Miller's errand. He tips it straight onto the hopper, pleased the stones won't sit idle.",把小麦谷粒交给磨坊主，完成他的差事。他直接把谷粒倒进料斗，很高兴磨石不用闲着了。
CMC_Weaver_GiveFlaxStems_ActionName,Give Dried Flax Stems,给予风干亚麻茎
CMC_Weaver_GiveFlaxStems_ActionDescription,Hand over a bundle of dried flax stems for the Weaver's errand. Her eyes light up; she already knows the pattern she'll try.,把一捆晒干的亚麻茎交给织工，完成她的差事。她眼睛一亮，已经想好了要试哪个花样。
CMC_Apothecary_GiveBillberries_ActionName,Give Billberries,给予越橘
CMC_Apothecary_GiveBillberries_ActionDescription,Hand over a handful of fresh billberries for the Apothecary's request. She checks them for bruising and sets them in a clean bowl.,把一把新鲜越橘交给药剂师。她检查了一下有没有压坏，放进一个干净的碗里。
CMC_Apothecary_GiveSpringberries_ActionName,Give Springberries,给予春莓
CMC_Apothecary_GiveSpringberries_ActionDescription,"Hand over a handful of fresh springberries for the Apothecary's request. She nods, pleased they're still firm.",把一把新鲜春莓交给药剂师。她点点头，很满意果子还是硬实的。
CMC_Apothecary_GiveSpiritMushrooms_ActionName,Give Spirit Mushrooms,给予灵魂菇
CMC_Apothecary_GiveSpiritMushrooms_ActionDescription,"Hand over fresh spirit mushrooms for the Apothecary's request. She handles them carefully, murmuring about how rarely they come in unspoiled.",把新鲜灵魂菇交给药剂师。她小心翼翼地捧着，嘴里念叨着这东西没坏地送来是多么难得。
CMC_MillerStoryStep_StatName,The Miller's Tale Progress,磨坊主的故事进度
CMC_MillerStoryStep_StatDescription,Hidden tracker for how far into the Miller's four-part tale (0-4) the player has heard.,隐藏追踪器：记录玩家听到磨坊主四段式故事的进度（0-4）。
CMC_MillerGrainQuest_StatName,The Miller's Grain Errand,磨坊主的谷物差事
CMC_MillerGrainQuest_StatDescription,"Legacy flavor counter for the Miller's grain errand. Errand progress is tracked by QuestArmed (0.5 = grain delivered) and QuestChain, matching the leather and plank errands.",旧版风味计数器，用于磨坊主的粮食差事。差事进度实际由QuestArmed（0.5=已交付谷粒）和QuestChain追踪，与皮革、木板差事的模式一致。
CMC_WeaverStoryStep_StatName,The Weaver's Tale Progress,织工的故事进度
CMC_WeaverStoryStep_StatDescription,Hidden tracker for how far into the Weaver's four-part tale (0-4) the player has heard.,隐藏追踪器：记录玩家听到织工四段式故事的进度（0-4）。
CMC_WeaverFlaxQuest_StatName,The Weaver's Flax Errand,织工的亚麻差事
CMC_WeaverFlaxQuest_StatDescription,"Hidden tracker: 0 = not offered, 1 = active (bring dried flax stems), 2 = delivered and thanked.",隐藏追踪器：0=尚未提出，1=进行中（需带来晒干的亚麻茎），2=已交付并道谢。
CMC_ApothecaryHerbQuest_StatName,The Apothecary's Herb Request,药剂师的草药请求
CMC_ApothecaryHerbQuest_StatDescription,"Hidden tracker: 0 = not offered, 0.5 = accepted, then +1 per fresh herb delivered (billberries, springberries, spirit mushrooms); 3.5 = all three in, 4.5 = thanked and cleared.",隐藏追踪器：0=尚未提出，0.5=已接受，之后每交付一种新鲜草药+1（越橘、春莓、灵魂菇）；3.5=三样全部交齐，4.5=已道谢并结清。
CMC_QuestRenownMillerGrain_StatName,Renown: Miller's Errand,声望：磨坊主的差事
CMC_QuestRenownMillerGrain_StatDescription,Hidden one-shot flag: 1 once the Miller's grain errand is completed. Contributes to Village Renown.,隐藏的一次性标记：磨坊主的粮食差事完成后置为1。计入村庄声望。
CMC_QuestRenownWeaverFlax_StatName,Renown: Weaver's Errand,声望：织工的差事
CMC_QuestRenownWeaverFlax_StatDescription,Hidden one-shot flag: 1 once the Weaver's flax errand is completed. Contributes to Village Renown.,隐藏的一次性标记：织工的亚麻差事完成后置为1。计入村庄声望。
CMC_QuestRenownApothecaryHerbs_StatName,Renown: Apothecary's Herbs,声望：药剂师的草药
CMC_QuestRenownApothecaryHerbs_StatDescription,Hidden one-shot flag: 1 once the Apothecary's herb request is completed. Contributes to Village Renown.,隐藏的一次性标记：药剂师的草药请求完成后置为1。计入村庄声望。
CMC_QuestRenownProfSpecimen_StatName,Renown: Professor's Specimen,声望：教授的标本
CMC_QuestRenownProfSpecimen_StatDescription,Hidden one-shot flag: 1 once the Professor's specimen commission is completed. Contributes to Village Renown.,隐藏的一次性标记：教授的标本委托完成后置为1。计入村庄声望。
CMC_InnKeeperTalk_Intro_Line,"Well now, come in, come in. A new face in the valley is rarer than a dry spring. Sit; the fire doesn't charge. I keep this inn, and if you mean to last in these woods, you and I ought to get acquainted first.",哎呀，快进来，快进来。这山谷里出现张新面孔，比干旱的春天还稀罕。坐吧，炉火不收钱。这家旅店是我在打理，你要是打算在这片林子里长久待下去，咱俩得先认识认识。
CMC_InnKeeperTalk_Intro_Answer_How,How do things work around here?,这地方是怎么运作的？
CMC_InnKeeperTalk_Intro_Answer_Leave,Just warming my hands for now.,暂时只是来暖暖手。
CMC_InnKeeperTalk_Intro_Money_Line,"Simple enough. Minted coin is scarce out here; what the village trusts is salt and metal. Salt, nuggets, coins: all of it spends. Leave a deposit with me and I'll keep you an account, meals and a warm bed drawn against it at fair rates. The Academy across the way runs the same: the Professor draws tuition from a lectern account for his courses. Earn, deposit, spend: that's the whole economy.",说来简单。这地方铸币稀罕，村里信得过的是盐和金属。盐、金属块、硬币——都能花。把东西存到我这儿，我给你开个账户，饭菜和床铺都能按公道的价钱从里头扣。对面的学院也是一样的规矩：教授的课业学费也是从讲台账户里扣的。挣、存、花，整套经济就是这么回事。
CMC_InnKeeperTalk_Intro_Money_Answer_Projects,Anything around here I could help with?,这附近有什么我能帮上忙的吗？
CMC_InnKeeperTalk_Intro_Money_Answer_Later,I'll think it over.,我会考虑一下的。
CMC_InnKeeperTalk_Intro_Projects_Line,"Now that you ask, this village dreams bigger than its hands. A proper cottage for a miller: there's a man who'd grind grain for the whole valley if he had a roof over his stones. Another for a weaver, so we stop hauling every bolt of cloth in by cart. And a Village Hall, so the place finally has a heart to gather in. Help raise them, and you'll find this village doesn't forget its friends.",你既然问了，这村子的梦想啊，比手头能做的事大得多。得给磨坊主盖一座像样的小屋——那人只要石磨上有片屋顶，愿意给全山谷的人磨粮食。还得给织工也盖一座，免得我们每匹布都得靠马车运进来。再有就是村公所，让这地方总算有个大伙儿能聚在一起的心脏。帮着把这些建起来，你会发现这村子不会忘记自己的朋友。
CMC_InnKeeperTalk_Intro_Projects_Answer_In,Count me in.,算我一个。
CMC_InnKeeperTalk_Intro_Close_Line,"Ha! I knew I liked you. The plans are yours to study whenever you're ready, no rush; the village has waited this long. Ask around, lend a hand where you can, and watch this valley wake up. My door's always open: a meal, a bed, or a look through the pantry.",哈！我就知道我看你顺眼。图纸随时给你看，不急，这村子都等了这么久了，也不差这一会儿。四处问问，能搭把手就搭一把，看着这山谷慢慢苏醒过来。我这门一直开着：一顿饭、一张床，或者到储藏柜里看看都行。
CMC_InnKeeperTalk_Intro_Close_Answer_Done,(Shake his hand),（与他握手）
CMC_InnKeeperTalk_IntroRecap_Line,"The short of it: salt, nuggets, and coins are what spend here. Leave a deposit with me and your meals and bed draw against it; the Professor's lectern takes tuition the same way. And the projects: the Miller's Cottage, the Weaver's Cottage, and the Village Hall. The plans are in your journal; the hope is all ours.",简单说：盐、金属块和硬币，在这儿都能花。把东西存到我这儿，饭菜和床铺就从里头扣；教授的讲台收学费也是一个道理。至于那些建设项目：磨坊主的小屋、织工的小屋，还有村公所。图纸都在你的日志里，盼头是我们大伙儿共同的。
CMC_InnKeeperTalk_IntroRecap_Answer_Thanks,Thanks for the refresher.,谢谢你再说一遍。
CMC_InnKeeperTalk_Start_Answer_Recap,Remind me how the village works.,再跟我说说这村子是怎么运作的。
CMC_ProfessorGreeting_Redirect_Line,"Hm? Ah, forgive me, I don't lecture strangers. In this valley introductions come first: present yourself to the Keeper at the Inn, let him show you how the village works. Once you're acquainted, my door, and my syllabus, will be open to you.",嗯？啊，恕我直言，我不给陌生人授课。在这山谷里，介绍认识是头一件事：先去旅店拜见店主，让他给你讲讲这村子是怎么运作的。等彼此熟识之后，我的门，还有我的课程表，随时向你敞开。
CMC_ProfessorGreeting_Redirect_Answer_Ok,I'll go and introduce myself.,我这就去自我介绍一下。
CMC_VillagePhase_StatName,Village Standing,村庄状况
CMC_VillagePhase_StatDescription,Hidden village-timeline phase gate (0 undiscovered / 1 introduced).,隐藏村庄时间线阶段门（0=未发现，1=已引入）。
CMC_VillageEpochDay_StatName,Village Epoch Day,村庄纪元日
CMC_VillageEpochDay_StatDescription,Hidden Village Clock anchor day stamped when the intro completes.,隐藏村庄时钟锚定日：在引入剧情完成时被记录。
CMC_VillageWeek_StatName,Village Week,村庄周数
CMC_VillageWeek_StatDescription,Hidden Village Clock week counter derived from the epoch day.,隐藏村庄时钟周数计数器：由锚定日推算得出。
CMC_InnOnboardStep_StatName,The Inn Keeper's Onboarding,旅店老板的入门进度
CMC_InnOnboardStep_StatDescription,Hidden sequencer keeping onboarding beats to one per conversation.,隐藏序列器：确保每次对话只推进一个引导节点。
CMC_InnKeeperTalk_TraitWelcome_Line,"There you are! I'd have sworn we'd met before you ever walked in, word travels, and I already think of you as one of ours. Save the two of us the formal introductions, then: this inn is yours to use, meals and a bed both, the village's projects are open for the helping, and the Academy across the way will take you as a student any day you like. Ask around and settle in.",你可来了！我敢说你还没走进这门，我就好像已经认识你了，风声传得快，我早就把你当自己人了。那咱俩就省了那套正式的介绍：这家旅店随你用，饭菜和床铺都算你的，村里的建设项目随时欢迎你帮忙，对面的学院你想什么时候去当学生都行。到处问问，安顿下来吧。
CMC_InnKeeperTalk_TraitWelcome_Answer_Thanks,Good to finally meet you properly.,总算正式认识你了，太好了。
CMC_InnTraitWelcomeGiven_StatName,Inn Trait Welcome Given,旅店特质欢迎已给予
CMC_InnTraitWelcomeGiven_StatDescription,"Hidden tracker: 0 = the Village Inn trait's one-time welcome line has not played, 1 = played (claimable exactly once).",隐藏追踪器：0=村庄旅店特质的一次性欢迎台词尚未播放，1=已播放（仅可触发一次）。
CMC_ApothecaryTalk_InterlockS2Offer_Answer_Ok,I'll see what she can spare.,我去看看她能匀出些什么。
CMC_ApothecaryTalk_InterlockS2Offer_Line,"Grinding powders kicks up more dust than you'd think, gets in the eyes, the nose, everywhere. If the Weaver can spare a length of cloth, I could sew myself a proper mask instead of tying a rag over my face like some bandit.",磨粉末扬起的灰尘，比你想的要多，眼睛里、鼻子里，哪儿都是。织工要是能匀出一段布，我就能给自己缝一个像样的口罩，不用再拿块破布蒙脸，跟个强盗似的。
CMC_ApothecaryTalk_InterlockS2Thanks_Answer_Ok,I'll pass that along.,我会带话给她的。
CMC_ApothecaryTalk_InterlockS2Thanks_Line,"Good weave, tight enough to keep the worst of the dust out. Tell the Weaver her cloth's finally doing honest work for someone other than herself. Here, the pattern's yours, in case you've a dusty errand of your own someday.",织得真好，密实得能挡住大部分灰尘。跟织工说一声，她的布终于替她自己以外的人干了件实在活。给，这花样也给你，说不定哪天你自己也要干灰尘满天的活儿呢。
CMC_ApothecaryTalk_PowderQuestOffer_Answer_Accept,I'll bring you both.,我会把两样都带给你的。
CMC_ApothecaryTalk_PowderQuestOffer_Answer_Decline,I'll see what I can find.,我看看能找到些什么。
CMC_ApothecaryTalk_PowderQuestOffer_Line,"Since you're asking, I could use charcoal and a good handful of dried heather flowers. Grind them right and you get a pigment worth more than the sum of its parts, dyes, paints, all sorts of uses.",你既然问了，我正好需要木炭和一大把风干的石楠花。磨对了法子，能磨出一种颜料，比原材料本身值钱得多，染色、上漆，各种用途都有。
CMC_ApothecaryTalk_PowderQuestThanks_Answer_Glad,Glad to help.,很高兴能帮上忙。
CMC_ApothecaryTalk_PowderQuestThanks_Line,"Good char, good flowers, no waste in either. Grind them together and you've got yourself a proper pigment. Take the trick, I've no use hoarding it.",木炭好，花也好，两样都没浪费。一起磨碎，你就有了一份像样的颜料。这个诀窍你拿去吧，我留着也没用。
CMC_ApothecaryTalk_Start_Answer_InterlockS2,Could the Weaver help with your dust problem?,织工能帮你解决灰尘的问题吗？
CMC_ApothecaryTalk_Start_Answer_PowderQuest,What about powders and dyes?,粉末和染料的事怎么样了？
CMC_Apothecary_GiveCharcoal_ActionDescription,Hand over a piece of charcoal for the Apothecary's powder work. She sets it aside with the rest of her grinding stock.,把一块木炭交给药剂师，用于她的制粉工作。她把它和其他待磨的存货放在一起。
CMC_Apothecary_GiveCharcoal_ActionName,Give Charcoal,给予木炭
CMC_Apothecary_GiveClothForMask_ActionDescription,Hand over a length of cloth for a dust mask. She holds it up to her face to check the fit.,把一段布交给她，用来做防尘口罩。她把布举到脸上比了比大小。
CMC_Apothecary_GiveClothForMask_ActionName,Give Cloth,给予布料
CMC_Apothecary_GiveDriedFlowers_ActionDescription,"Hand over dried heather flowers for the Apothecary's powder work. She crumbles a petal between her fingers, testing the dryness.",把风干的石楠花交给药剂师，用于她的制粉工作。她用手指捻碎一片花瓣，试试干燥程度。
CMC_Apothecary_GiveDriedFlowers_ActionName,Give Dried Heather Flowers,给予风干石楠花
CMC_InnKeeperTalk_InterlockS3Offer_Answer_Ok,I'll see what he's got milled.,我去看看他磨了些什么。
CMC_InnKeeperTalk_InterlockS3Offer_Line,"I've a mind to set a proper baking day, but I'm short on milled flour. The Miller's got a mill sitting idle half the week, if you'd bring me some of what he grinds, wheat or rye, either does.",我一直想定个正经的烤面包日，可手头的面粉不够。磨坊主的磨坊一周有大半时间都闲着，你要是能把他磨的粮食给我带点来，小麦也好，黑麦也好，都成。
CMC_InnKeeperTalk_InterlockS3Thanks_Answer_Ok,I'll pass that along.,我会带话给他的。
CMC_InnKeeperTalk_InterlockS3Thanks_Line,"Good fine grind, the Miller knows his stones. Baking day's on for certain now. Tell him the whole Inn will smell like bread by supper, that ought to please him. Here, a plate pattern for the trouble, freshly painted to match the occasion.",磨得真细，磨坊主懂他那几块磨石。烤面包日这下是定下来了。跟他说，晚饭时分整家旅店都会飘着面包香，这话他听了肯定高兴。来，这个盘子花样给你，作为谢礼，特意配着这个场合新画的。
CMC_InnKeeperTalk_InterlockS5Offer_Answer_Ok,I'll see what she's got.,我去看看她有什么。
CMC_InnKeeperTalk_InterlockS5Offer_Line,"Between you and me, some of my regulars overdo it on brew night and I'm tired of hearing about it the morning after. The Apothecary's herb paste settles a stomach better than anything I've tried. Bring me some and I'll keep it behind the bar.",跟你说句悄悄话，酿酒之夜有几个常客总是喝过头，第二天早上我都听腻了他们抱怨。药剂师的草药膏比我试过的任何东西都更能安抚肠胃。给我带点来，我就放在柜台后面备着。
CMC_InnKeeperTalk_InterlockS5Thanks_Answer_Ok,I'll pass that along.,我会带话给她的。
CMC_InnKeeperTalk_InterlockS5Thanks_Line,"That'll settle a few stomachs come morning. Tell the Apothecary the whole common room owes her a favor she'll never collect on. Here, a burner pattern for the trouble, might as well have something nice for the bar too.",这下第二天早上能安抚不少人的肠胃了。跟药剂师说一声，满屋子的人都欠她一份还不清的人情。来，这个香炉花样给你，作为谢礼，柜台这边也该有点像样的东西了。
CMC_InnKeeperTalk_QuestOffer2_Answer_Accept,I'll bring you a stew.,我会给你带炖菜来的。
CMC_InnKeeperTalk_QuestOffer2_Answer_Decline,Maybe another time.,改天再说吧。
CMC_InnKeeperTalk_QuestOffer2_Line,"Truth told, the pot's been lonely lately, same broth every night wears thin. Bring me a hot cooked stew and I'll dish it up proper, might even earn you a keepsake for the trouble.",说实话，锅子最近挺冷清的，天天都是那锅老汤，味道都淡了。给我带一锅热腾腾的炖菜来，我会好好盛给大家吃，说不定还能给你留个纪念品当谢礼。
CMC_InnKeeperTalk_QuestOffer3_Answer_Accept,I'll bring you some ale.,我会给你带麦酒来的。
CMC_InnKeeperTalk_QuestOffer3_Answer_Decline,Maybe another time.,改天再说吧。
CMC_InnKeeperTalk_QuestOffer3_Line,"Brew night's coming and my own stock's run dry. Bring me a beer or ale and I'll make sure it's poured right, on the house even, once or twice.",酿酒之夜快到了，我自己的存货都见底了。给我带点啤酒或者麦酒来，我保证给你倒得规规矩矩，说不定还能请你喝一两回。
CMC_InnKeeperTalk_QuestOffer4_Answer_Accept,I'll bring you a wine.,我会给你带葡萄酒来的。
CMC_InnKeeperTalk_QuestOffer4_Answer_Decline,Maybe another time.,改天再说吧。
CMC_InnKeeperTalk_QuestOffer4_Line,"For the top shelf, mind, not the common stock, I'd like a wine or a second brew, something worth setting aside for a good occasion. Bring me one and I'll make it worth your while.",记住，是要放在最好的那层架子上，不是普通存货，我想要一瓶葡萄酒，或者一份上等的酿酒，值得留着等好日子用的那种。给我带一份来，我不会亏待你的。
CMC_InnKeeperTalk_QuestOffer5_Answer_Accept,I'll bring you some dried foragables.,我会给你带些风干的采集物来的。
CMC_InnKeeperTalk_QuestOffer5_Answer_Decline,Maybe another time.,改天再说吧。
CMC_InnKeeperTalk_QuestOffer5_Line,"Winter's the hardest stretch for a pantry. Bring me some dried mushrooms or dried berries, whatever you've got put by, and I'll square us up proper come the thaw.",冬天对储藏柜来说是最难熬的一段日子。给我带点风干蘑菇或者风干浆果，不管你存了什么都行，等雪化了我一定好好谢你。
CMC_InnKeeperTalk_QuestThanks2_Answer_Glad,Glad the pot's happy again.,很高兴这锅子又热闹起来了。
CMC_InnKeeperTalk_QuestThanks2_Line,"Now that's a proper stew, thick and hearty, the kind that sticks to a traveler's ribs on a cold night. The whole common room will smell of it by supper, and I expect a crowd once word gets around. Here, a painted bowl to serve it in, real color to it instead of plain clay, the least the pot deserves after being neglected so long.",这才叫像样的炖菜，浓稠扎实，寒夜里能给旅人暖到骨头里的那种。晚饭时分整个大堂都会飘着这味道，消息一传开，我看会有不少人来。来，这个彩绘碗给你盛菜用，比素面的陶碗有色彩多了，这也是那口被冷落了这么久的锅，最起码该得的。
CMC_InnKeeperTalk_QuestThanks3_Answer_Glad,I'll drink to that.,这个我得喝一杯庆祝。
CMC_InnKeeperTalk_QuestThanks3_Line,"Brew night's saved, and just in time too, half the regulars were already grumbling about a dry bar before you walked in. Here's a painted cup to pour it in, better than the chipped ones we've been making do with since my father's day. Cheers, when you've a moment to sit, you've more than earned the first pour.",酿酒之夜有救了，来得也是时候，你进门之前，半数常客都已经在抱怨吧台没酒了。这个彩绘杯子给你，用来倒酒，比我们从我父亲那辈就将就着用的那些缺口杯子强多了。干杯，等你有空坐下来，第一杯酒该敬你，你受得起。
CMC_InnKeeperTalk_QuestThanks4_Answer_Glad,Save me a glass when it does.,到时候给我留一杯。
CMC_InnKeeperTalk_QuestThanks4_Line,"Now that's a top-shelf pour if I ever saw one, the kind I'll be saving for someone's wedding toast or the day the Village Hall finally got its roof. Here's a painted vase to keep it in until the right occasion comes along, and around here, one always does sooner or later. You've got a good eye for quality, I'll say that for you.",这可真是我见过最上等的一份，我打算留着，等谁家办婚礼敬酒，或者村公所终于盖上屋顶那天再拿出来。这个彩绘花瓶给你，用来存放它，等到合适的场合，这地方迟早会有的。你这眼光挑东西是真准，这话我得说给你听。
CMC_InnKeeperTalk_QuestThanks5_Answer_Glad,Here's hoping for plenty more.,希望以后还能有更多。
CMC_InnKeeperTalk_QuestThanks5_Line,"Now the pantry's set for the worst of it, shelves packed tight enough that I won't be lying awake fretting over the deep frost this year. Here, a glazed plate, tougher than the plain clay, fired twice over so it won't crack the first time someone sets it down too hard. Ought to last through however many winters this Inn has left in it, and I mean to see quite a few more of them yet.",这下储藏柜准备好过最难熬的时候了，架子堆得满满当当，今年严寒我再也不用躺着发愁了。来，这个上釉的盘子给你，比素陶结实，烧了两遍，不会有人一放重了就裂开。这家旅店往后还有多少个冬天，它都能撑得住，而我也打算亲眼见证不少个这样的冬天。
CMC_InnKeeperTalk_Start_Answer_InterlockS5,Rough mornings after brew night?,酿酒之夜后早上不好受吧？
CMC_InnKeeperTalk_Start_Answer_QuestOffer2,The pot's been quiet lately.,锅子最近挺冷清的。
CMC_InnKeeperTalk_Start_Answer_QuestOffer3,Any brew night planned?,有安排酿酒之夜吗？
CMC_InnKeeperTalk_Start_Answer_QuestOffer4,What's for the top shelf?,那最好的一层架子上要放什么？
CMC_InnKeeperTalk_Start_Answer_QuestOffer5,How's the winter pantry?,冬天的储藏怎么样了？
CMC_InnKeeper_ErrandDeliverRepeat_ActionDescription,Hand over the dried wild garlic the Inn Keeper asked for.,把旅店老板要的风干野蒜交给他。
CMC_InnKeeper_ErrandDeliverRepeat_ActionName,Deliver Dried Wild Garlic,递交风干野蒜
CMC_InnKeeper_GiveAle_ActionDescription,"Hand over a batch of ale for brew night. The Inn Keeper sniffs the cask, satisfied.",把一批麦酒交给他，供酿酒之夜使用。旅店老板凑近酒桶闻了闻，很满意。
CMC_InnKeeper_GiveAle_ActionName,Give Ale,给予麦芽酒
CMC_InnKeeper_GiveDriedSpringberries_ActionDescription,Hand over dried springberries for the winter pantry. The Inn Keeper stacks them with the rest of the stores.,把风干春莓交给他，充实冬天的储藏。旅店老板把它们和其他存货一起码放好。
CMC_InnKeeper_GiveDriedSpringberries_ActionName,Give Dried Springberries,给予风干春莓
CMC_InnKeeper_GiveFlour_ActionDescription,"Hand over milled flour for baking day. The Inn Keeper dusts a hand through it, testing the grind.",把磨好的面粉交给他，供烤面包日使用。旅店老板用手拂过面粉，试试磨得细不细。
CMC_InnKeeper_GiveFlour_ActionName,Give Flour,给予面粉
CMC_InnKeeper_GiveHerbPaste_ActionDescription,Hand over herb paste for the morning-after remedy. The Inn Keeper tucks it behind the bar with a knowing look.,把草药膏交给他，用作宿醉的良方。旅店老板心领神会地把它收到吧台后面。
CMC_InnKeeper_GiveHerbPaste_ActionName,Give Herb Paste,给予草药糊
CMC_InnKeeper_GiveStew_ActionDescription,Hand over a pot of hot cooked stew. The Inn Keeper ladles out a bowl for herself before it even reaches the counter.,把一锅热腾腾的炖菜交给他。还没等端到柜台上，旅店老板已经先给自己盛了一碗。
CMC_InnKeeper_GiveStew_ActionName,Give Hot Stew,给予热炖菜
CMC_InnKeeper_GiveWine_ActionDescription,"Hand over a bottle for the top shelf. The Inn Keeper holds it up to the firelight, admiring the color.",把一瓶酒交给他，放到最好的架子上。旅店老板举着瓶子对着炉火，欣赏着酒的颜色。
CMC_InnKeeper_GiveWine_ActionName,Give Wine,给予葡萄酒
CMC_MillerTalk_QuestOffer2_Answer_Accept,I'll bring you some leather.,我会给你带皮革来的。
CMC_MillerTalk_QuestOffer2_Answer_Decline,Maybe another time.,改天再说吧。
CMC_MillerTalk_QuestOffer2_Line,"Truth be told, the belts on the grindstone are worn thin as paper. Bring me some hides, small leather will do fine, and I can patch them up proper instead of praying every morning.",说实话，磨石上的传动带都磨得跟纸一样薄了。给我带点兽皮来，小块皮革就够用，我好好补一补，省得每天早上都得祈祷它别断。
CMC_MillerTalk_QuestOffer3_Answer_Accept,I'll bring you some planks.,我会给你带木板来的。
CMC_MillerTalk_QuestOffer3_Answer_Decline,Maybe another time.,改天再说吧。
CMC_MillerTalk_QuestOffer3_Line,"One more thing, since you're clearly the helpful sort. My workbench is missing a good few planks, don't suppose you've got any spare from that sawmill of yours?",还有一件事，看你这么乐于助人。我的工作台还缺不少木板，你那边的锯木厂该不会正好有多余的吧？
CMC_MillerTalk_QuestThanks2_Answer_Glad,Glad it helped.,很高兴能帮上忙。
CMC_MillerTalk_QuestThanks2_Line,"Now that's a proper patch job. Stones'll turn smooth as a millpond now. Here, I've been meaning to put up a hunter's platform out past the fields, figured you'd want the plans more than I would.",这补得像样。磨石现在转得跟磨坊池塘一样顺滑了。来，我一直想在田地那边搭个猎人平台，寻思着这图纸对你比对我更有用。
CMC_MillerTalk_QuestThanks3_Answer_Glad,Happy to help.,很乐意帮忙。
CMC_MillerTalk_QuestThanks3_Line,"Perfect, just what the bench needed. You've a good eye for craft, you know. Here's something for the trouble, an old stonecutting trick my father showed me. Might come in handy for flooring.",正好，工作台就缺这个。你手艺上的眼光是真不错。这个给你，作为谢礼——是我父亲教我的一个老石匠诀窍，铺地板的时候说不定用得上。
CMC_MillerTalk_Start_Answer_QuestOffer2,Need anything for the mill?,磨坊有什么需要的吗？
CMC_MillerTalk_Start_Answer_QuestOffer3,Anything else you're short on?,还缺什么别的东西吗？
CMC_Miller_GiveLeather_ActionDescription,"Hand over a small piece of leather for the Miller's grindstone belts. He turns it over, testing the give in it, and nods.",把一小块皮革交给磨坊主，用于修补传动带。他把皮革翻来覆去，试了试韧性，点了点头。
CMC_Miller_GiveLeather_ActionName,Give Small Leather,给予小块皮革
CMC_Miller_GivePlanks_ActionDescription,"Hand over a stack of planks for the Miller's workbench. He sets them against the wall, already planning what to build.",把一摞木板交给磨坊主，用于修理工作台。他把木板靠墙放好，已经开始盘算要做什么了。
CMC_Miller_GivePlanks_ActionName,Give Planks,给予木板
CMC_ProfessorGreeting_InterlockS4Offer_Answer_Ok,I'll see if she has one to spare.,我去看看她能不能匀出一件来。
CMC_ProfessorGreeting_InterlockS4Offer_Line,"Winter fieldwork is a misery without the right coat, and I hear the Weaver's cut a fine one lately. If you could bring me one of her cloth coats, I'd finally survey properly instead of shivering through it.",没有一件合适的外套，冬季的田野考察简直是种折磨，我听说织工最近裁了几件不错的。你要是能给我带一件她做的布外套来，我总算能好好做实地考察，而不是一路冻得发抖了。
CMC_ProfessorGreeting_InterlockS4Thanks_Answer_Ok,"I'll pass that along, Professor.",我会带话给她的，教授。
CMC_ProfessorGreeting_InterlockS4Thanks_Line,"Warm as promised, good stitching too. Tell the Weaver a scholar's gratitude keeps him from freezing in a ditch this winter. Here, a vest pattern, quilted the same way, in case you ever need one yourself.",果然如说的那样暖和，针脚也很好。跟织工说一声，一位学者的感激，会让他今年冬天不至于冻死在沟渠里。来，这个背心花样给你，同样是绗缝的，说不定哪天你自己也用得上。
CMC_ProfessorGreeting_QuestOffer2_Answer_Accept,I'll bring you some clay.,我会给您带黏土来的。
CMC_ProfessorGreeting_QuestOffer2_Answer_Decline,Maybe another time.,改天再说吧。
CMC_ProfessorGreeting_QuestOffer2_Line,"Ah, yes! A ruin out past the old tree line, I surveyed it years ago, half-collapsed even then. I've always meant to reconstruct it in miniature. Bring me clay and I'll finally have the material to try.",啊，对了！林线外有一处废墟，我多年前勘察过，那时就已经半塌了。我一直想把它复原成一座微缩模型。给我带些黏土来，我总算有材料可以试试了。
CMC_ProfessorGreeting_QuestOffer3_Answer_Accept,I'll bring you some metal nuggets.,我会给您带金属块来的。
CMC_ProfessorGreeting_QuestOffer3_Answer_Decline,Maybe another time.,改天再说吧。
CMC_ProfessorGreeting_QuestOffer3_Line,"There's an old legend the villagers used to tell, a dragon in the hills, more metaphor than beast, I suspect, but a fine subject for a cast figure all the same. Bring me some metal nuggets and I'll see what I can make of it.",村民们过去常讲一个古老的传说，说山里有条巨龙，我估计与其说是野兽，不如说是个比喻，不过用来铸一尊塑像，倒是个不错的题材。给我带些金属块来，我看看能做出什么。
CMC_ProfessorGreeting_QuestOffer4_Answer_Accept,I'll bring you bones or antler.,我会给您带骨头或鹿角来的。
CMC_ProfessorGreeting_QuestOffer4_Answer_Decline,Maybe another time.,改天再说吧。
CMC_ProfessorGreeting_QuestOffer4_Line,"One more project, if you'll indulge me. I've been reconstructing an old armor style from bone and antler, lamellar work, older than anything smithed. Bring me bones or antler and I'll show you how it was done.",再容我提一个项目。我一直在复原一种用骨头和鹿角制成的古老铠甲样式，是札甲工艺，比任何锻造的东西都要古老。给我带骨头或鹿角来，我教你这门手艺是怎么做的。
CMC_ProfessorGreeting_QuestThanks2_Answer_Ok,"Happy to humor you, Professor.",很乐意奉陪，教授。
CMC_ProfessorGreeting_QuestThanks2_Line,"Marvelous, good workable clay, no grit or shale in it at all. I've spent the evening sketching the castle from memory, towers and all, and I think I've finally got the proportions of that collapsed east wall right after eleven years of guessing. Here, the figurine pattern is yours. It's the least I can offer for humoring an old scholar's nostalgia, and honestly the least of what you've earned for it.",太好了，这黏土很好用，没有一点砂砾或页岩碎屑。我花了一整晚，凭记忆勾勒出那座城堡的样子，连塔楼都画出来了，我想我终于把那面倒塌的东墙的比例弄对了，猜了整整十一年。来，这个塑像花样归你了。这是我为一个老学者的怀旧之情能做的最起码的回报，说实话，这也远不及你应得的。
CMC_ProfessorGreeting_QuestThanks3_Answer_Ok,"A fine lesson, Professor.",上了很好的一课，教授。
CMC_ProfessorGreeting_QuestThanks3_Line,"Good weight to these, enough to cast properly without the metal thinning out mid-pour. Here's the dragon figurine pattern, legend cast in clay and metal same as the old villagers must have imagined it, more shape than scale, more shadow than beast. Might teach the village children a thing or two about where stories come from, and maybe teach the rest of us that a good tale doesn't need to be true to be worth keeping.",这些分量正好，够用来好好浇铸，不至于中途金属变薄。给，这是龙形塑像的花样，用黏土和金属浇铸出的传说，就跟当年村民们想象的一样，与其说是鳞片，不如说是轮廓，与其说是野兽，不如说是影子。也许能让村里的孩子们学到点故事从何而来的道理，也许还能让我们这些大人明白，一个好故事，不必是真的，也值得被留存下来。
CMC_ProfessorGreeting_QuestThanks4_Answer_Ok,"I'll wear it with pride, Professor.",我会骄傲地穿着它的，教授。
CMC_ProfessorGreeting_QuestThanks4_Line,"Exactly the material I needed, clean and dry, no rot in it to weaken the lacing. Here's the reconstruction, bone lamellar, laced the old way, plate over plate the way it was worn generations before anyone in this valley learned to smelt. Wear it and you're carrying a piece of scholarship as much as armor, and one fewer forgotten technique in the world besides.",正是我需要的材料，干净又干燥，没有一点腐朽会削弱绳结的强度。这是复原之作，骨制札甲，用古法穿系，一片压一片，正是这山谷里的人学会冶炼之前好几代人穿戴的方式。穿上它，你携带的不只是一件铠甲，更是一份学问，这世上也因此少了一门被遗忘的技艺。
CMC_ProfessorGreeting_Start_Answer_InterlockS4,Anything you need for the field?,田野考察需要什么吗？
CMC_ProfessorGreeting_Start_Answer_QuestOffer2,You mentioned a ruin once?,您以前提过一处废墟？
CMC_ProfessorGreeting_Start_Answer_QuestOffer3,Something cast from legend?,用传说来铸点什么？
CMC_ProfessorGreeting_Start_Answer_QuestOffer4,You mentioned historical armor?,您提过历史上的铠甲？
CMC_Professor_GiveBonesOrAntler_ActionDescription,"Hand over bones or antler for the Professor's armor reconstruction. He lays the piece out on the table, comparing it to a sketch.",把骨头或鹿角交给教授，用于他的铠甲复原工作。他把材料摆在桌上，对照着草图仔细比对。
CMC_Professor_GiveBonesOrAntler_ActionName,Give Bones or Antler,给予骨头或鹿角
CMC_Professor_GiveClay_ActionDescription,"Hand over a lump of clay for the Professor's ruined castle. He turns it over, already sketching towers in his mind.",把一块黏土交给教授，用于他的废墟城堡模型。他把黏土翻来覆去地看，脑海里已经开始勾勒塔楼的模样。
CMC_Professor_GiveClay_ActionName,Give Clay,给予粘土
CMC_Professor_GiveClothCoat_ActionDescription,"Hand over a cloth coat for winter fieldwork. He shrugs it on immediately, testing the warmth.",把一件布外套交给教授，用于冬季田野考察。他立刻披上试了试保暖效果。
CMC_Professor_GiveClothCoat_ActionName,Give Cloth Coat,给予布外套
CMC_Professor_GiveMetalNuggets_ActionDescription,"Hand over metal nuggets for the Professor's dragon cast. He weighs them in his palm, pleased at the heft.",把金属块交给教授，用于他的龙形塑像铸造。他在掌心掂了掂分量，很满意。
CMC_Professor_GiveMetalNuggets_ActionName,Give Metal Nuggets,给予金属块
CMC_WeaverTalk_InterlockS1Offer_Answer_Ok,I'll see what she's pressing.,我去看看她在压榨什么。
CMC_WeaverTalk_InterlockS1Offer_Line,"I heard the Apothecary's finally pressing pigment worth using. If you can get me two batches, different shades, I've got a pattern that wants three colors instead of one. Worth the extra trip, I promise you.",我听说药剂师终于压出了能用的颜料。你要是能给我弄来两批，不同色调的，我这儿有个花样正好要用三种颜色，不是一种。多跑这一趟绝对值，我向你保证。
CMC_WeaverTalk_InterlockS1Thanks_Answer_Ok,I'll pass that along.,我会带话给她的。
CMC_WeaverTalk_InterlockS1Thanks_Line,"Three colors, just like that. The Apothecary always did have a good eye for a shade, better than mine, if I'm honest. Here, the tricolor pattern's yours, tell her I said her powders made it possible.",三种颜色，说到就到。药剂师挑色调的眼光一直很好，说实话，比我还强。来，这个三色花样给你，告诉她一声，是她的粉末让这一切成为可能的。
CMC_WeaverTalk_QuestOffer2_Answer_Accept,I'll bring you some cloth.,我会给你带布料来的。
CMC_WeaverTalk_QuestOffer2_Answer_Decline,Maybe another time.,改天再说吧。
CMC_WeaverTalk_QuestOffer2_Line,"Since you asked, bring me a length of cloth you've made yourself, off your own loom or someone else's, I don't mind. I want to see what hands other than mine can do with warp and weft.",你既然问了，那就给我带一段你自己织的布来，用你自己的织机还是别人的都无所谓。我想看看除了我这双手之外，别人是怎么摆弄经纬线的。
CMC_WeaverTalk_QuestOffer3_Answer_Accept,I'll bring you a scarf.,我会给你带一条围巾来的。
CMC_WeaverTalk_QuestOffer3_Answer_Decline,Maybe another time.,改天再说吧。
CMC_WeaverTalk_QuestOffer3_Line,"Bring me a cloth scarf, one you've sewn, not one you've bought off some peddler. I want to see if you've been paying attention to how I put a seam together.",给我带一条布围巾来，得是你自己缝的，不是从哪个货郎那儿买来的。我想看看你有没有留意过我是怎么把针脚缝在一起的。
CMC_WeaverTalk_QuestOffer4_Answer_Accept,I'll bring you a bundle.,我会给你带一捆来的。
CMC_WeaverTalk_QuestOffer4_Answer_Decline,Maybe another time.,改天再说吧。
CMC_WeaverTalk_QuestOffer4_Line,"Winter's coming and my own fiber stores are thin. Bring me a bundle of wool or fiber and I'll show you something to wear under everything else, warmest trick I know.",冬天要来了，我自己的纤维存货不多了。给我带一捆羊毛或纤维来，我教你个贴身穿的窍门，是我知道的最暖和的一招。
CMC_WeaverTalk_QuestOffer5_Answer_Accept,I'll bring you a large cloth.,我会给你带一大块布来的。
CMC_WeaverTalk_QuestOffer5_Answer_Decline,Maybe another time.,改天再说吧。
CMC_WeaverTalk_QuestOffer5_Line,"I've had my eye on a full coat pattern, but it wants a large piece of cloth to work with, more than a scarf, more than a shirt. Bring me one and I'll cut it for you myself.",我一直惦记着一件长外套的花样，可它要用的布得是一大块，比围巾多，比衬衫也多。给我带一块来，我亲自给你裁。
CMC_WeaverTalk_QuestOffer6_Answer_Accept,I'll bring you some large leather.,我会给你带一大块皮革来的。
CMC_WeaverTalk_QuestOffer6_Answer_Decline,Maybe another time.,改天再说吧。
CMC_WeaverTalk_QuestOffer6_Line,"Leather's not my usual trade, but I know what to do with a large piece of it. Bring me one and I'll cut you an apron, the kind that saves your clothes from every spark and spill.",皮革不是我平常干的活，不过一大块皮革，我知道该怎么处理。给我带一块来，我给你裁条围裙，能护住你的衣服，不管是火星子还是洒出来的东西。
CMC_WeaverTalk_QuestOffer7_Answer_Accept,I'll bring you some leather.,我会给你带皮革来的。
CMC_WeaverTalk_QuestOffer7_Answer_Decline,Maybe another time.,改天再说吧。
CMC_WeaverTalk_QuestOffer7_Line,"One more, and then I'll leave your errands be for a while. Bring me a small piece of leather and I'll show you how to make sandals that won't fall apart the first time you cross a river.",再来最后一件，之后我会让你的差事清静一阵子。给我带一小块皮革来，我教你怎么做一双凉鞋，过一次河都散不了架的那种。
CMC_WeaverTalk_QuestThanks2_Answer_Glad,Glad it's useful.,很高兴能派上用场。
CMC_WeaverTalk_QuestThanks2_Line,"Now that's honest work, even weave, tight edges. You've got the hands for this, whether you know it or not. Here, I sketched a wall hanging pattern that wants exactly this kind of cloth. It's yours.",这才叫实在的手艺，织得均匀，边缘也紧实。你这双手是吃这碗饭的料，不管你自己知不知道。来，我画了个壁挂花样，正好要用这种布。这个给你了。
CMC_WeaverTalk_QuestThanks3_Answer_Glad,It's a fine pattern.,这花样真不错。
CMC_WeaverTalk_QuestThanks3_Line,"Look at that seam, hardly a pucker in it. You have been paying attention. Here, a hood-and-cape pattern I've been saving, a chaperon, sturdy enough for real work and sharp enough for the village square.",瞧瞧这针脚，几乎看不出一点皱褶。看来你是真留意过。给，一个连帽披风的花样，我一直留着的，一件兜帽披风，结实得能干正经活，样子也精神得能穿去村广场。
CMC_WeaverTalk_QuestThanks4_Answer_Glad,I'll be glad of them come winter.,等冬天来了我会很感激有它们的。
CMC_WeaverTalk_QuestThanks4_Line,"Plenty here for a proper undergarment. Long johns, snug at the ankle and the wrist, keep the wind from ever finding skin. My mother swore by them and so will you.",这些够做一件像样的内衣了。长内裤，脚踝和手腕都贴身，风别想找到一点皮肤的缝隙。我母亲一直对这个赞不绝口，你穿了也会一样。
CMC_WeaverTalk_QuestThanks5_Answer_Glad,I'll wear it proudly.,我会骄傲地穿着它。
CMC_WeaverTalk_QuestThanks5_Line,"That's plenty of cloth, good weight to it too. Here's the coat pattern, full-length, warm as a hearth. Wear it well.",这布够多了，分量也够。给，长外套的花样，一直到脚踝那么长，暖和得跟炉火似的。好好穿着它。
CMC_WeaverTalk_QuestThanks6_Answer_Glad,That'll save my clothes.,这能保护好我的衣服了。
CMC_WeaverTalk_QuestThanks6_Line,"Good hide, thick enough to matter. Here's the apron pattern, worth its weight the first time a spark jumps off a fire and lands somewhere you'd rather it hadn't.",好皮子，够厚实。给，围裙的花样，等哪天火星子蹦出来落在你不想让它落的地方，你就知道这东西有多值了。
CMC_WeaverTalk_QuestThanks7_Answer_Glad,"You've kept me busy, and I'm grateful for it.",你可让我忙活了不少，不过我很感激。
CMC_WeaverTalk_QuestThanks7_Line,"Small piece, but the right size for a good sole. Here's the sandal pattern, laced tight, won't slip off in the mud or the shallows. That's the last errand I've got for now, and I mean it this time.",一小块，正好够做一副好鞋底。给，凉鞋的花样，系带紧实，泥地里、浅滩里都不会松脱。这是我目前最后一件差事了，这次是真的。
CMC_WeaverTalk_Start_Answer_InterlockS1,Have you heard about the Apothecary's pigments?,你听说药剂师的颜料了吗？
CMC_WeaverTalk_Start_Answer_QuestOffer2,Show me your weave?,让我看看你织的东西？
CMC_WeaverTalk_Start_Answer_QuestOffer3,Want to see my work?,想看看我的手艺吗？
CMC_WeaverTalk_Start_Answer_QuestOffer4,Need any wool or fiber?,需要羊毛或纤维吗？
CMC_WeaverTalk_Start_Answer_QuestOffer5,Anything else you're working toward?,还有别的什么在筹划吗？
CMC_WeaverTalk_Start_Answer_QuestOffer6,Got another project in mind?,又有新的活计要做了吗？
CMC_WeaverTalk_Start_Answer_QuestOffer7,One more thing for the loom?,织机还差点什么吗？
CMC_Weaver_GiveClothScarf_ActionDescription,"Hand over a cloth scarf you sewed yourself. The Weaver checks the seams closely, then nods.",把自己缝的布围巾交给织工。她仔细检查了针脚，点了点头。
CMC_Weaver_GiveClothScarf_ActionName,Give Cloth Scarf,给予布围巾
CMC_Weaver_GiveCloth_ActionDescription,"Hand over a length of cloth you wove yourself. The Weaver runs it between her fingers, checking the weft.",把自己织的一段布交给织工。她用手指捻了捻布料，检查纬线。
CMC_Weaver_GiveCloth_ActionName,Give Cloth,给予布料
CMC_Weaver_GiveFiberBundle_ActionDescription,"Hand over a bundle of fiber for the Weaver's winter project. She sets it by the loom, pleased at the weight of it.",把一捆纤维交给织工，用于她的冬季计划。她把它放到织机旁，掂了掂分量，很满意。
CMC_Weaver_GiveFiberBundle_ActionName,Give Fiber Bundle,给予纤维束
CMC_Weaver_GiveLargeCloth_ActionDescription,Hand over a large piece of cloth for the coat pattern. The Weaver spreads it out across the table to measure it.,把一大块布交给织工，用于外套花样。她把布铺在桌上，量了量尺寸。
CMC_Weaver_GiveLargeCloth_ActionName,Give Large Cloth,给予大块布料
CMC_Weaver_GiveLargeLeather_ActionDescription,"Hand over a large piece of leather for the apron pattern. The Weaver runs a hand across the hide, testing its give.",把一大块皮革交给织工，用于围裙花样。她用手摸过皮子，试了试韧性。
CMC_Weaver_GiveLargeLeather_ActionName,Give Large Leather,给予大块皮革
CMC_Weaver_GivePigmentFirst_ActionDescription,"Hand over a batch of pigment from the Apothecary's press. The Weaver's eyes light up, but she says she'll need a second batch, a different shade, before she has her three colors.",把药剂师压榨出的一批颜料交给织工。她眼睛一亮，不过说还需要第二批，不同色调的，才能凑齐三种颜色。
CMC_Weaver_GivePigmentFirst_ActionName,Give Pigment,给予颜料
CMC_Weaver_GivePigmentSecond_ActionDescription,"Hand over the second batch of pigment. The Weaver lines the two colors up against a scrap of undyed cloth, already picturing the third.",把第二批颜料交给织工。她把两种颜色摆在一块未染色的碎布旁比对，脑海里已经在想第三种颜色了。
CMC_Weaver_GivePigmentSecond_ActionName,Give Second Pigment,给予第二份颜料
CMC_Weaver_GiveSmallLeather_ActionDescription,Hand over a small piece of leather for the sandal pattern. The Weaver holds it up to the light and nods.,把一小块皮革交给织工，用于凉鞋花样。她举起皮子对着光看了看，点了点头。
CMC_Weaver_GiveSmallLeather_ActionName,Give Small Leather,给予小块皮革
Comfort_StrawMat_Bp_UnlockConditionsDesc,Help the Weaver with a bundle of flax,帮助织工处理一捆亚麻
Comfort_TricolorWallHanging_Bp_UnlockConditionsDesc,The Weaver and Apothecary's three colors,织工与药剂师的三种颜色
Comfort_WovenWallHanging_Bp_UnlockConditionsDesc,Show the Weaver your own weave,向织工展示你自己织成的布
CMC_BoardInnKeeper_DA_Status1_Name,Active errand: a hot meal,进行中的差事：一顿热饭
CMC_BoardInnKeeper_DA_Status1_Desc,The Inn Keeper could use your help: a hot meal.,旅店老板需要你帮忙：一顿热饭。
CMC_BoardInnKeeper_DA_Hint1_Name,A hint: cook up something warm,提示：煮点热乎的东西
CMC_BoardInnKeeper_DA_Hint1_Desc,A hint: cook up something warm.,提示：煮点热乎的东西。
CMC_BoardInnKeeper_DA_Status2_Name,Active errand: ale or beer,进行中的差事：麦酒或啤酒
CMC_BoardInnKeeper_DA_Status2_Desc,The Inn Keeper could use your help: ale or beer.,旅店老板需要你帮忙：麦酒或啤酒。
CMC_BoardInnKeeper_DA_Hint2_Name,A hint: bring a round for brew night,提示：为酿酒之夜带一轮酒
CMC_BoardInnKeeper_DA_Hint2_Desc,A hint: bring a round for brew night.,提示：为酿酒之夜带一轮酒。
CMC_BoardInnKeeper_DA_Status3_Name,Active errand: a fine wine or a second ale,进行中的差事：一瓶好酒或二等麦酒
CMC_BoardInnKeeper_DA_Status3_Desc,The Inn Keeper could use your help: a fine wine or a second ale.,旅店老板需要你帮忙：一瓶好酒或二等麦酒。
CMC_BoardInnKeeper_DA_Hint3_Name,A hint: find something worth saving for a good occasion,提示：找点值得留到好日子用的东西
CMC_BoardInnKeeper_DA_Hint3_Desc,A hint: find something worth saving for a good occasion.,提示：找点值得留到好日子用的东西。
CMC_BoardInnKeeper_DA_Status4_Name,Active errand: dried mushrooms or berries,进行中的差事：风干蘑菇或浆果
CMC_BoardInnKeeper_DA_Status4_Desc,The Inn Keeper could use your help: dried mushrooms or berries.,旅店老板需要你帮忙：风干蘑菇或浆果。
CMC_BoardInnKeeper_DA_Hint4_Name,A hint: put a little something by for winter,提示：为冬天存点东西
CMC_BoardInnKeeper_DA_Hint4_Desc,A hint: put a little something by for winter.,提示：为冬天存点东西。
CMC_BoardInnKeeper_DA_Status5_Name,Active errand: news of the woods,进行中的差事：森林的消息
CMC_BoardInnKeeper_DA_Status5_Desc,The Inn Keeper could use your help: news of the woods.,旅店老板需要你帮忙：森林的消息。
CMC_BoardInnKeeper_DA_Hint5_Name,A hint: see what the forest has been keeping from him,提示：看看森林一直瞒着他什么
CMC_BoardInnKeeper_DA_Hint5_Desc,A hint: see what the forest has been keeping from him.,提示：看看森林一直瞒着他什么。
CMC_BoardInnKeeper_DA_Teaser1_Name,Word around the village: something warm from the kitchen,村里的传闻：厨房里的暖心之物
CMC_BoardInnKeeper_DA_Teaser1_Desc,"The Inn Keeper may have another small errand in mind before long — something to do with something warm from the kitchen, if the timing's right.",旅店老板过不了多久可能又会想到个小差事——和厨房里的暖心之物有关，只要时机合适。
CMC_BoardInnKeeper_DA_Teaser2_Name,Word around the village: a drink for brew night,村里的传闻：酿酒之夜的一杯酒
CMC_BoardInnKeeper_DA_Teaser2_Desc,"The Inn Keeper may have another small errand in mind before long — something to do with a drink for brew night, if the timing's right.",旅店老板过不了多久可能又会想到个小差事——和酿酒之夜的一杯酒有关，只要时机合适。
CMC_BoardInnKeeper_DA_Teaser3_Name,Word around the village: something worth setting aside,村里的传闻：值得留存的东西
CMC_BoardInnKeeper_DA_Teaser3_Desc,"The Inn Keeper may have another small errand in mind before long — something to do with something worth setting aside, if the timing's right.",旅店老板过不了多久可能又会想到个小差事——和值得留存的东西有关，只要时机合适。
CMC_BoardInnKeeper_DA_Teaser4_Name,Word around the village: provisions for the pantry,村里的传闻：储藏柜的补给
CMC_BoardInnKeeper_DA_Teaser4_Desc,"The Inn Keeper may have another small errand in mind before long — something to do with provisions for the pantry, if the timing's right.",旅店老板过不了多久可能又会想到个小差事——和储藏柜的补给有关，只要时机合适。
CMC_BoardInnKeeper_DA_Teaser5_Name,Word around the village: a story worth telling,村里的传闻：一个值得讲的故事
CMC_BoardInnKeeper_DA_Teaser5_Desc,"The Inn Keeper may have another small errand in mind before long — something to do with a story worth telling, if the timing's right.",旅店老板过不了多久可能又会想到个小差事——和一个值得讲的故事有关，只要时机合适。
CMC_BoardInnKeeper_DA_trust_low_Name,Standing in the village: trust low,村中地位：信任度低
CMC_BoardInnKeeper_DA_trust_low_Desc,"The Inn Keeper is friendly enough, but this is still mostly business.",旅店老板待人还算友善，不过大体上还是公事公办。
CMC_BoardInnKeeper_DA_trust_mid_Name,Standing in the village: trust mid,村中地位：信任度中等
CMC_BoardInnKeeper_DA_trust_mid_Desc,"The Inn Keeper treats you like a regular now, not just another traveler passing through.",旅店老板现在把你当常客看待，不再只是个路过的旅人。
CMC_BoardInnKeeper_DA_trust_high_Name,Standing in the village: trust high,村中地位：信任度高
CMC_BoardInnKeeper_DA_trust_high_Desc,The Inn Keeper counts you among the village's own — you're family at the Inn.,旅店老板已经把你当村里自己人了——在这家旅店，你就是家人。
CMC_BoardInnKeeper_DA_Log1_Name,A past errand: a hot meal,过去的差事：一顿热饭
CMC_BoardInnKeeper_DA_Log1_Desc,You once helped the inn keeper with a hot meal — and were thanked for it.,你曾帮旅店老板送去一顿热饭——并因此受到了感谢。
CMC_BoardInnKeeper_DA_Log2_Name,A past errand: ale or beer,过去的差事：麦酒或啤酒
CMC_BoardInnKeeper_DA_Log2_Desc,You once helped the inn keeper with ale or beer — and were thanked for it.,你曾帮旅店老板送去麦酒或啤酒——并因此受到了感谢。
CMC_BoardInnKeeper_DA_Log3_Name,A past errand: a fine wine or a second ale,过去的差事：一瓶好酒或二等麦酒
CMC_BoardInnKeeper_DA_Log3_Desc,You once helped the inn keeper with a fine wine or a second ale — and were thanked for it.,你曾帮旅店老板送去一瓶好酒或二等麦酒——并因此受到了感谢。
CMC_BoardInnKeeper_DA_Log4_Name,A past errand: dried mushrooms or berries,过去的差事：风干蘑菇或浆果
CMC_BoardInnKeeper_DA_Log4_Desc,You once helped the inn keeper with dried mushrooms or berries — and were thanked for it.,你曾帮旅店老板送去风干蘑菇或浆果——并因此受到了感谢。
CMC_BoardInnKeeper_DA_Log5_Name,A past errand: news of the woods,过去的差事：森林的消息
CMC_BoardInnKeeper_DA_Log5_Desc,You once helped the inn keeper with news of the woods — and were thanked for it.,你曾帮旅店老板打听森林的消息——并因此受到了感谢。
CMC_BoardMiller_DA_Status1_Name,Active errand: a wheat grain,进行中的差事：一颗小麦谷粒
CMC_BoardMiller_DA_Status1_Desc,The Miller could use your help: a wheat grain.,磨坊主需要你帮忙：一颗小麦谷粒。
CMC_BoardMiller_DA_Hint1_Name,A hint: bring grain before the stones sit idle,提示：在磨石闲下来之前带些谷物
CMC_BoardMiller_DA_Hint1_Desc,A hint: bring grain before the stones sit idle.,提示：在磨石闲下来之前带些谷物。
CMC_BoardMiller_DA_Status2_Name,Active errand: hides or small leather,进行中的差事：兽皮或小块皮革
CMC_BoardMiller_DA_Status2_Desc,The Miller could use your help: hides or small leather.,磨坊主需要你帮忙：兽皮或小块皮革。
CMC_BoardMiller_DA_Hint2_Name,A hint: find some leather for the worn belts,提示：找些皮革修补磨损的传动带
CMC_BoardMiller_DA_Hint2_Desc,A hint: find some leather for the worn belts.,提示：找些皮革修补磨损的传动带。
CMC_BoardMiller_DA_Status3_Name,Active errand: spare planks,进行中的差事：多余的木板
CMC_BoardMiller_DA_Status3_Desc,The Miller could use your help: spare planks.,磨坊主需要你帮忙：多余的木板。
CMC_BoardMiller_DA_Hint3_Name,A hint: spare a few planks from the sawmill,提示：从锯木厂匀出几块木板
CMC_BoardMiller_DA_Hint3_Desc,A hint: spare a few planks from the sawmill.,提示：从锯木厂匀出几块木板。
CMC_BoardMiller_DA_Teaser1_Name,Word around the village: grain for the stones,村里的传闻：给磨石用的谷物
CMC_BoardMiller_DA_Teaser1_Desc,"The Miller may have another small errand in mind before long — something to do with grain for the stones, if the timing's right.",磨坊主过不了多久可能又会想到个小差事——和给磨石用的谷物有关，只要时机合适。
CMC_BoardMiller_DA_Teaser2_Name,Word around the village: leather for the grindstone belts,村里的传闻：磨石传动带用的皮革
CMC_BoardMiller_DA_Teaser2_Desc,"The Miller may have another small errand in mind before long — something to do with leather for the grindstone belts, if the timing's right.",磨坊主过不了多久可能又会想到个小差事——和磨石传动带用的皮革有关，只要时机合适。
CMC_BoardMiller_DA_Teaser3_Name,Word around the village: planks for the workbench,村里的传闻：工作台用的木板
CMC_BoardMiller_DA_Teaser3_Desc,"The Miller may have another small errand in mind before long — something to do with planks for the workbench, if the timing's right.",磨坊主过不了多久可能又会想到个小差事——和工作台用的木板有关，只要时机合适。
CMC_BoardMiller_DA_trust_low_Name,Standing in the village: trust low,村中地位：信任度低
CMC_BoardMiller_DA_trust_low_Desc,The Miller is polite but reserved with you still — there's more trust to earn.,磨坊主对你还算客气，但仍有所保留——还需要多多建立信任。
CMC_BoardMiller_DA_trust_mid_Name,Standing in the village: trust mid,村中地位：信任度中等
CMC_BoardMiller_DA_trust_mid_Desc,The Miller has warmed to you; you're more than a passing face around here now.,磨坊主对你的态度热络了不少；在这儿你已经不只是个过路的面孔了。
CMC_BoardMiller_DA_trust_high_Name,Standing in the village: trust high,村中地位：信任度高
CMC_BoardMiller_DA_trust_high_Desc,The Miller trusts you as much as anyone in the village — you've more than proven yourself.,磨坊主信任你不亚于村里任何人——你早已证明了自己。
CMC_BoardMiller_DA_Log1_Name,A past errand: a wheat grain,过去的差事：一颗小麦谷粒
CMC_BoardMiller_DA_Log1_Desc,You once helped the miller with a wheat grain — and were thanked for it.,你曾帮磨坊主送去一颗小麦谷粒——并因此受到了感谢。
CMC_BoardMiller_DA_Log2_Name,A past errand: hides or small leather,过去的差事：兽皮或小块皮革
CMC_BoardMiller_DA_Log2_Desc,You once helped the miller with hides or small leather — and were thanked for it.,你曾帮磨坊主送去兽皮或小块皮革——并因此受到了感谢。
CMC_BoardMiller_DA_Log3_Name,A past errand: spare planks,过去的差事：多余的木板
CMC_BoardMiller_DA_Log3_Desc,You once helped the miller with spare planks — and were thanked for it.,你曾帮磨坊主送去多余的木板——并因此受到了感谢。
CMC_BoardWeaver_DA_Status1_Name,Active errand: dried flax stems,进行中的差事：晒干的亚麻茎
CMC_BoardWeaver_DA_Status1_Desc,The Weaver could use your help: dried flax stems.,织工需要你帮忙：晒干的亚麻茎。
CMC_BoardWeaver_DA_Hint1_Name,A hint: bring a bundle of dried flax,提示：带一捆晒干的亚麻
CMC_BoardWeaver_DA_Hint1_Desc,A hint: bring a bundle of dried flax.,提示：带一捆晒干的亚麻。
CMC_BoardWeaver_DA_Status2_Name,Active errand: a length of hand-woven cloth,进行中的差事：一段手织的布
CMC_BoardWeaver_DA_Status2_Desc,The Weaver could use your help: a length of hand-woven cloth.,织工需要你帮忙：一段手织的布。
CMC_BoardWeaver_DA_Hint2_Name,"A hint: bring cloth off a loom, any loom",提示：带来任意织机织出的布
CMC_BoardWeaver_DA_Hint2_Desc,"A hint: bring cloth off a loom, any loom.",提示：带来任意织机织出的布。
CMC_BoardWeaver_DA_Status3_Name,Active errand: a cloth scarf you've sewn,进行中的差事：你亲手缝制的布围巾
CMC_BoardWeaver_DA_Status3_Desc,The Weaver could use your help: a cloth scarf you've sewn.,织工需要你帮忙：你亲手缝制的布围巾。
CMC_BoardWeaver_DA_Hint3_Name,"A hint: sew a scarf yourself, not a bought one",提示：自己缝一条围巾，不能是买来的
CMC_BoardWeaver_DA_Hint3_Desc,"A hint: sew a scarf yourself, not a bought one.",提示：自己缝一条围巾，不能是买来的。
CMC_BoardWeaver_DA_Status4_Name,Active errand: wool or fiber,进行中的差事：羊毛或纤维
CMC_BoardWeaver_DA_Status4_Desc,The Weaver could use your help: wool or fiber.,织工需要你帮忙：羊毛或纤维。
CMC_BoardWeaver_DA_Hint4_Name,A hint: bring wool or fiber for the coldest layer,提示：带羊毛或纤维用于最贴身的一层
CMC_BoardWeaver_DA_Hint4_Desc,A hint: bring wool or fiber for the coldest layer.,提示：带羊毛或纤维用于最贴身的一层。
CMC_BoardWeaver_DA_Status5_Name,Active errand: a large piece of cloth,进行中的差事：一大块布
CMC_BoardWeaver_DA_Status5_Desc,The Weaver could use your help: a large piece of cloth.,织工需要你帮忙：一大块布。
CMC_BoardWeaver_DA_Hint5_Name,A hint: bring more cloth than a scarf or shirt needs,提示：带比围巾或衬衫所需更多的布
CMC_BoardWeaver_DA_Hint5_Desc,A hint: bring more cloth than a scarf or shirt needs.,提示：带比围巾或衬衫所需更多的布。
CMC_BoardWeaver_DA_Status6_Name,Active errand: a large piece of leather,进行中的差事：一大块皮革
CMC_BoardWeaver_DA_Status6_Desc,The Weaver could use your help: a large piece of leather.,织工需要你帮忙：一大块皮革。
CMC_BoardWeaver_DA_Hint6_Name,A hint: bring a big enough piece of leather,提示：带一块足够大的皮革
CMC_BoardWeaver_DA_Hint6_Desc,A hint: bring a big enough piece of leather.,提示：带一块足够大的皮革。
CMC_BoardWeaver_DA_Status7_Name,Active errand: a small piece of leather,进行中的差事：一小块皮革
CMC_BoardWeaver_DA_Status7_Desc,The Weaver could use your help: a small piece of leather.,织工需要你帮忙：一小块皮革。
CMC_BoardWeaver_DA_Hint7_Name,A hint: bring a small piece of leather,提示：带一小块皮革
CMC_BoardWeaver_DA_Hint7_Desc,A hint: bring a small piece of leather.,提示：带一小块皮革。
CMC_BoardWeaver_DA_Teaser1_Name,Word around the village: flax for a pattern she's dying to try,村里的传闻：她一直想试的花样所需要的亚麻
CMC_BoardWeaver_DA_Teaser1_Desc,"The Weaver may have another small errand in mind before long — something to do with flax for a pattern she's dying to try, if the timing's right.",织工过不了多久可能又会想到个小差事——和她一直想试的花样所需要的亚麻有关，只要时机合适。
CMC_BoardWeaver_DA_Teaser2_Name,Word around the village: cloth made by your own hands,村里的传闻：你亲手织出的布
CMC_BoardWeaver_DA_Teaser2_Desc,"The Weaver may have another small errand in mind before long — something to do with cloth made by your own hands, if the timing's right.",织工过不了多久可能又会想到个小差事——和你亲手织出的布有关，只要时机合适。
CMC_BoardWeaver_DA_Teaser3_Name,Word around the village: a scarf sewn by your own hand,村里的传闻：你亲手缝制的围巾
CMC_BoardWeaver_DA_Teaser3_Desc,"The Weaver may have another small errand in mind before long — something to do with a scarf sewn by your own hand, if the timing's right.",织工过不了多久可能又会想到个小差事——和你亲手缝制的围巾有关，只要时机合适。
CMC_BoardWeaver_DA_Teaser4_Name,Word around the village: something warm for underneath,村里的传闻：贴身保暖的东西
CMC_BoardWeaver_DA_Teaser4_Desc,"The Weaver may have another small errand in mind before long — something to do with something warm for underneath, if the timing's right.",织工过不了多久可能又会想到个小差事——和贴身保暖的东西有关，只要时机合适。
CMC_BoardWeaver_DA_Teaser5_Name,Word around the village: cloth enough for a full coat pattern,村里的传闻：够做一整件外套的布料
CMC_BoardWeaver_DA_Teaser5_Desc,"The Weaver may have another small errand in mind before long — something to do with cloth enough for a full coat pattern, if the timing's right.",织工过不了多久可能又会想到个小差事——和够做一整件外套的布料有关，只要时机合适。
CMC_BoardWeaver_DA_Teaser6_Name,Word around the village: leather for an apron,村里的传闻：做围裙用的皮革
CMC_BoardWeaver_DA_Teaser6_Desc,"The Weaver may have another small errand in mind before long — something to do with leather for an apron, if the timing's right.",织工过不了多久可能又会想到个小差事——和做围裙用的皮革有关，只要时机合适。
CMC_BoardWeaver_DA_Teaser7_Name,Word around the village: leather for river-crossing sandals,村里的传闻：过河用凉鞋所需的皮革
CMC_BoardWeaver_DA_Teaser7_Desc,"The Weaver may have another small errand in mind before long — something to do with leather for river-crossing sandals, if the timing's right.",织工过不了多久可能又会想到个小差事——和过河用凉鞋所需的皮革有关，只要时机合适。
CMC_BoardWeaver_DA_trust_low_Name,Standing in the village: trust low,村中地位：信任度低
CMC_BoardWeaver_DA_trust_low_Desc,The Weaver is polite but reserved with you still — there's more trust to earn.,织工对你还算客气，但仍有所保留——还需要多多建立信任。
CMC_BoardWeaver_DA_trust_mid_Name,Standing in the village: trust mid,村中地位：信任度中等
CMC_BoardWeaver_DA_trust_mid_Desc,The Weaver has warmed to you; you're more than a passing face around here now.,织工对你的态度热络了不少；在这儿你已经不只是个过路的面孔了。
CMC_BoardWeaver_DA_trust_high_Name,Standing in the village: trust high,村中地位：信任度高
CMC_BoardWeaver_DA_trust_high_Desc,The Weaver trusts you as much as anyone in the village — you've more than proven yourself.,织工信任你不亚于村里任何人——你早已证明了自己。
CMC_BoardWeaver_DA_Log1_Name,A past errand: dried flax stems,过去的差事：晒干的亚麻茎
CMC_BoardWeaver_DA_Log1_Desc,You once helped the weaver with dried flax stems — and were thanked for it.,你曾帮织工送去晒干的亚麻茎——并因此受到了感谢。
CMC_BoardWeaver_DA_Log2_Name,A past errand: a length of hand-woven cloth,过去的差事：一段手织的布
CMC_BoardWeaver_DA_Log2_Desc,You once helped the weaver with a length of hand-woven cloth — and were thanked for it.,你曾帮织工送去一段手织的布——并因此受到了感谢。
CMC_BoardWeaver_DA_Log3_Name,A past errand: a cloth scarf you've sewn,过去的差事：你亲手缝制的布围巾
CMC_BoardWeaver_DA_Log3_Desc,You once helped the weaver with a cloth scarf you've sewn — and were thanked for it.,你曾帮织工送去你亲手缝制的布围巾——并因此受到了感谢。
CMC_BoardWeaver_DA_Log4_Name,A past errand: wool or fiber,过去的差事：羊毛或纤维
CMC_BoardWeaver_DA_Log4_Desc,You once helped the weaver with wool or fiber — and were thanked for it.,你曾帮织工送去羊毛或纤维——并因此受到了感谢。
CMC_BoardWeaver_DA_Log5_Name,A past errand: a large piece of cloth,过去的差事：一大块布
CMC_BoardWeaver_DA_Log5_Desc,You once helped the weaver with a large piece of cloth — and were thanked for it.,你曾帮织工送去一大块布——并因此受到了感谢。
CMC_BoardWeaver_DA_Log6_Name,A past errand: a large piece of leather,过去的差事：一大块皮革
CMC_BoardWeaver_DA_Log6_Desc,You once helped the weaver with a large piece of leather — and were thanked for it.,你曾帮织工送去一大块皮革——并因此受到了感谢。
CMC_BoardWeaver_DA_Log7_Name,A past errand: a small piece of leather,过去的差事：一小块皮革
CMC_BoardWeaver_DA_Log7_Desc,You once helped the weaver with a small piece of leather — and were thanked for it.,你曾帮织工送去一小块皮革——并因此受到了感谢。
CMC_BoardApothecary_DA_Status1_Name,"Active errand: fresh billberries, springberries, and spirit mushrooms",进行中的差事：新鲜越橘、春莓和灵魂菇
CMC_BoardApothecary_DA_Status1_Desc,"The Apothecary could use your help: fresh billberries, springberries, and spirit mushrooms.",药剂师需要你帮忙：新鲜越橘、春莓和灵魂菇。
CMC_BoardApothecary_DA_Hint1_Name,"A hint: bring billberries, springberries, and spirit mushrooms fresh, not dried",提示：带新鲜的越橘、春莓和灵魂菇，不能是风干的
CMC_BoardApothecary_DA_Hint1_Desc,"A hint: bring billberries, springberries, and spirit mushrooms fresh, not dried.",提示：带新鲜的越橘、春莓和灵魂菇，不能是风干的。
CMC_BoardApothecary_DA_Status2_Name,Active errand: charcoal and dried heather flowers,进行中的差事：木炭和风干石楠花
CMC_BoardApothecary_DA_Status2_Desc,The Apothecary could use your help: charcoal and dried heather flowers.,药剂师需要你帮忙：木炭和风干石楠花。
CMC_BoardApothecary_DA_Hint2_Name,A hint: bring charcoal and dried heather flowers,提示：带木炭和风干石楠花
CMC_BoardApothecary_DA_Hint2_Desc,A hint: bring charcoal and dried heather flowers.,提示：带木炭和风干石楠花。
CMC_BoardApothecary_DA_Teaser1_Name,"Word around the village: fresh forage, all three together",村里的传闻：三样一起的新鲜采集物
CMC_BoardApothecary_DA_Teaser1_Desc,"The Apothecary may have another small errand in mind before long — something to do with fresh forage, all three together, if the timing's right.",药剂师过不了多久可能又会想到个小差事——和三样一起的新鲜采集物有关，只要时机合适。
CMC_BoardApothecary_DA_Teaser2_Name,Word around the village: the makings of a pigment,村里的传闻：制作颜料的材料
CMC_BoardApothecary_DA_Teaser2_Desc,"The Apothecary may have another small errand in mind before long — something to do with the makings of a pigment, if the timing's right.",药剂师过不了多久可能又会想到个小差事——和制作颜料的材料有关，只要时机合适。
CMC_BoardApothecary_DA_Log1_Name,"A past errand: fresh billberries, springberries, and spirit mushrooms",过去的差事：新鲜越橘、春莓和灵魂菇
CMC_BoardApothecary_DA_Log1_Desc,"You once helped the apothecary with fresh billberries, springberries, and spirit mushrooms — and were thanked for it.",你曾帮药剂师送去新鲜越橘、春莓和灵魂菇——并因此受到了感谢。
CMC_BoardApothecary_DA_Log2_Name,A past errand: charcoal and dried heather flowers,过去的差事：木炭和风干石楠花
CMC_BoardApothecary_DA_Log2_Desc,You once helped the apothecary with charcoal and dried heather flowers — and were thanked for it.,你曾帮药剂师送去木炭和风干石楠花——并因此受到了感谢。
CMC_BoardProfessor_DA_Status1_Name,Active errand: a specimen for his weekly commission,进行中的差事：他每周委托所需的标本
CMC_BoardProfessor_DA_Status1_Desc,The Professor could use your help: a specimen for his weekly commission.,教授需要你帮忙：他每周委托所需的标本。
CMC_BoardProfessor_DA_Hint1_Name,A hint: bring him whatever specimen he's asked for this week,提示：把他本周要的标本带给他
CMC_BoardProfessor_DA_Hint1_Desc,A hint: bring him whatever specimen he's asked for this week.,提示：把他本周要的标本带给他。
CMC_BoardProfessor_DA_Status2_Name,Active errand: clay,进行中的差事：黏土
CMC_BoardProfessor_DA_Status2_Desc,The Professor could use your help: clay.,教授需要你帮忙：黏土。
CMC_BoardProfessor_DA_Hint2_Name,A hint: bring clay for his ruin miniature,提示：带黏土给他做废墟模型
CMC_BoardProfessor_DA_Hint2_Desc,A hint: bring clay for his ruin miniature.,提示：带黏土给他做废墟模型。
CMC_BoardProfessor_DA_Status3_Name,Active errand: metal nuggets,进行中的差事：金属块
CMC_BoardProfessor_DA_Status3_Desc,The Professor could use your help: metal nuggets.,教授需要你帮忙：金属块。
CMC_BoardProfessor_DA_Hint3_Name,A hint: bring metal nuggets for his figure,提示：带金属块给他做塑像
CMC_BoardProfessor_DA_Hint3_Desc,A hint: bring metal nuggets for his figure.,提示：带金属块给他做塑像。
CMC_BoardProfessor_DA_Status4_Name,Active errand: bones or antler,进行中的差事：骨头或鹿角
CMC_BoardProfessor_DA_Status4_Desc,The Professor could use your help: bones or antler.,教授需要你帮忙：骨头或鹿角。
CMC_BoardProfessor_DA_Hint4_Name,A hint: bring bones or antler,提示：带骨头或鹿角
CMC_BoardProfessor_DA_Hint4_Desc,A hint: bring bones or antler.,提示：带骨头或鹿角。
CMC_BoardProfessor_DA_Teaser1_Name,Word around the village: his standing commission,村里的传闻：他的长期委托
CMC_BoardProfessor_DA_Teaser1_Desc,"The Professor may have another small errand in mind before long — something to do with his standing commission, if the timing's right.",教授过不了多久可能又会想到个小差事——和他的长期委托有关，只要时机合适。
CMC_BoardProfessor_DA_Teaser2_Name,Word around the village: material for a miniature reconstruction,村里的传闻：复原微缩模型所需的材料
CMC_BoardProfessor_DA_Teaser2_Desc,"The Professor may have another small errand in mind before long — something to do with material for a miniature reconstruction, if the timing's right.",教授过不了多久可能又会想到个小差事——和复原微缩模型所需的材料有关，只要时机合适。
CMC_BoardProfessor_DA_Teaser3_Name,Word around the village: material for a cast figure,村里的传闻：铸造塑像所需的材料
CMC_BoardProfessor_DA_Teaser3_Desc,"The Professor may have another small errand in mind before long — something to do with material for a cast figure, if the timing's right.",教授过不了多久可能又会想到个小差事——和铸造塑像所需的材料有关，只要时机合适。
CMC_BoardProfessor_DA_Teaser4_Name,Word around the village: material for old lamellar work,村里的传闻：古老札甲工艺所需的材料
CMC_BoardProfessor_DA_Teaser4_Desc,"The Professor may have another small errand in mind before long — something to do with material for old lamellar work, if the timing's right.",教授过不了多久可能又会想到个小差事——和古老札甲工艺所需的材料有关，只要时机合适。
CMC_BoardProfessor_DA_trust_low_Name,Standing in the village: trust low,村中地位：信任度低
CMC_BoardProfessor_DA_trust_low_Desc,The Professor is polite but reserved with you still — there's more trust to earn.,教授对你还算客气，但仍有所保留——还需要多多建立信任。
CMC_BoardProfessor_DA_trust_mid_Name,Standing in the village: trust mid,村中地位：信任度中等
CMC_BoardProfessor_DA_trust_mid_Desc,The Professor has warmed to you; you're more than a passing face around here now.,教授对你的态度热络了不少；在这儿你已经不只是个过路的面孔了。
CMC_BoardProfessor_DA_trust_high_Name,Standing in the village: trust high,村中地位：信任度高
CMC_BoardProfessor_DA_trust_high_Desc,The Professor trusts you as much as anyone in the village — you've more than proven yourself.,教授信任你不亚于村里任何人——你早已证明了自己。
CMC_BoardProfessor_DA_Log1_Name,A past errand: a specimen for his weekly commission,过去的差事：他每周委托所需的标本
CMC_BoardProfessor_DA_Log1_Desc,You once helped the professor with a specimen for his weekly commission — and were thanked for it.,你曾帮教授送去他每周委托所需的标本——并因此受到了感谢。
CMC_BoardProfessor_DA_Log2_Name,A past errand: clay,过去的差事：黏土
CMC_BoardProfessor_DA_Log2_Desc,You once helped the professor with clay — and were thanked for it.,你曾帮教授送去黏土——并因此受到了感谢。
CMC_BoardProfessor_DA_Log3_Name,A past errand: metal nuggets,过去的差事：金属块
CMC_BoardProfessor_DA_Log3_Desc,You once helped the professor with metal nuggets — and were thanked for it.,你曾帮教授送去金属块——并因此受到了感谢。
CMC_BoardProfessor_DA_Log4_Name,A past errand: bones or antler,过去的差事：骨头或鹿角
CMC_BoardProfessor_DA_Log4_Desc,You once helped the professor with bones or antler — and were thanked for it.,你曾帮教授送去骨头或鹿角——并因此受到了感谢。
CMC_BoardApothecary_DA_InterlockS1_Name,Word around the village: some dye-work the Apothecary and the Weaver could do together,村里的传闻：药剂师和织工也许能一起做的一件染色活计
CMC_BoardApothecary_DA_InterlockS1_Desc,"You've heard whispers of some dye-work the Apothecary and the Weaver could do together — worth asking both of them about, once the time seems right.",你听到了些风声，药剂师和织工也许能一起做一件染色活计——等时机合适，值得找他们两个都问问看。
CMC_BoardWeaver_DA_InterlockS1_Name,Word around the village: some dye-work the Apothecary and the Weaver could do together,村里的传闻：药剂师和织工也许能一起做的一件染色活计
CMC_BoardWeaver_DA_InterlockS1_Desc,"You've heard whispers of some dye-work the Apothecary and the Weaver could do together — worth asking both of them about, once the time seems right.",你听到了些风声，药剂师和织工也许能一起做一件染色活计——等时机合适，值得找他们两个都问问看。
CMC_BoardWeaver_DA_InterlockS2_Name,Word around the village: a bit of protective gear the Weaver and the Apothecary have been discussing,村里的传闻：织工和药剂师一直在讨论的一件防护装备
CMC_BoardWeaver_DA_InterlockS2_Desc,"You've heard whispers of a bit of protective gear the Weaver and the Apothecary have been discussing — worth asking both of them about, once the time seems right.",你听到了些风声，织工和药剂师一直在讨论一件防护装备——等时机合适，值得找他们两个都问问看。
CMC_BoardApothecary_DA_InterlockS2_Name,Word around the village: a bit of protective gear the Weaver and the Apothecary have been discussing,村里的传闻：织工和药剂师一直在讨论的一件防护装备
CMC_BoardApothecary_DA_InterlockS2_Desc,"You've heard whispers of a bit of protective gear the Weaver and the Apothecary have been discussing — worth asking both of them about, once the time seems right.",你听到了些风声，织工和药剂师一直在讨论一件防护装备——等时机合适，值得找他们两个都问问看。
CMC_BoardMiller_DA_InterlockS3_Name,Word around the village: something baking-related that would need both the Miller's grain and the Inn Keeper's oven,村里的传闻：一件和烘焙有关的事，需要磨坊主的粮食和旅店老板的烤炉
CMC_BoardMiller_DA_InterlockS3_Desc,"You've heard whispers of something baking-related that would need both the Miller's grain and the Inn Keeper's oven — worth asking both of them about, once the time seems right.",你听到了些和烘焙有关的风声，需要磨坊主的粮食和旅店老板的烤炉——等时机合适，值得找他们两个都问问看。
CMC_BoardInnKeeper_DA_InterlockS3_Name,Word around the village: something baking-related that would need both the Miller's grain and the Inn Keeper's oven,村里的传闻：一件和烘焙有关的事，需要磨坊主的粮食和旅店老板的烤炉
CMC_BoardInnKeeper_DA_InterlockS3_Desc,"You've heard whispers of something baking-related that would need both the Miller's grain and the Inn Keeper's oven — worth asking both of them about, once the time seems right.",你听到了些和烘焙有关的风声，需要磨坊主的粮食和旅店老板的烤炉——等时机合适，值得找他们两个都问问看。
CMC_BoardWeaver_DA_InterlockS4_Name,Word around the village: a cold-weather favor the Professor's hoping the Weaver can help with,村里的传闻：教授希望织工能帮忙的一件寒冬相关的事
CMC_BoardWeaver_DA_InterlockS4_Desc,"You've heard whispers of a cold-weather favor the Professor's hoping the Weaver can help with — worth asking both of them about, once the time seems right.",你听到了些风声，教授希望织工能帮忙做一件和寒冬有关的事——等时机合适，值得找他们两个都问问看。
CMC_BoardProfessor_DA_InterlockS4_Name,Word around the village: a cold-weather favor the Professor's hoping the Weaver can help with,村里的传闻：教授希望织工能帮忙的一件寒冬相关的事
CMC_BoardProfessor_DA_InterlockS4_Desc,"You've heard whispers of a cold-weather favor the Professor's hoping the Weaver can help with — worth asking both of them about, once the time seems right.",你听到了些风声，教授希望织工能帮忙做一件和寒冬有关的事——等时机合适，值得找他们两个都问问看。
CMC_BoardApothecary_DA_InterlockS5_Name,Word around the village: a remedy the Inn Keeper's been asking the Apothecary about,村里的传闻：旅店老板一直在向药剂师打听的一种药方
CMC_BoardApothecary_DA_InterlockS5_Desc,"You've heard whispers of a remedy the Inn Keeper's been asking the Apothecary about — worth asking both of them about, once the time seems right.",你听到了些风声，旅店老板一直在向药剂师打听一种药方——等时机合适，值得找他们两个都问问看。
CMC_BoardInnKeeper_DA_InterlockS5_Name,Word around the village: a remedy the Inn Keeper's been asking the Apothecary about,村里的传闻：旅店老板一直在向药剂师打听的一种药方
CMC_BoardInnKeeper_DA_InterlockS5_Desc,"You've heard whispers of a remedy the Inn Keeper's been asking the Apothecary about — worth asking both of them about, once the time seems right.",你听到了些风声，旅店老板一直在向药剂师打听一种药方——等时机合适，值得找他们两个都问问看。
CMC_BoardTown_DA_renown_low_Name,Village standing: renown low,村庄状况：声望低
CMC_BoardTown_DA_renown_low_Desc,The village is barely known beyond its own fields.,村庄的名声几乎从未传出自家的田野。
CMC_BoardTown_DA_renown_mid_Name,Village standing: renown mid,村庄状况：声望中等
CMC_BoardTown_DA_renown_mid_Desc,The village is earning a name among travelers.,村庄的名声正在旅人间逐渐传开。
CMC_BoardTown_DA_renown_high_Name,Village standing: renown high,村庄状况：声望高
CMC_BoardTown_DA_renown_high_Desc,The village has become a respected stop on the road.,村庄已成为旅途中备受敬重的一站。
CMC_BoardTown_DA_renown_top_Name,Village standing: renown top,村庄状况：声望顶峰
CMC_BoardTown_DA_renown_top_Desc,The village is known across the region.,村庄的名声已传遍整个地区。
CMC_BoardTown_DA_reputation_negative_Name,Village standing: reputation strained,村庄状况：声誉受损
CMC_BoardTown_DA_reputation_negative_Desc,"Word has spread of trouble tied to this place, and the village's good name has suffered for it.",有关此地麻烦的传闻已经流传开来，村庄的好名声也因此受损。
CMC_BoardTown_DA_contrib_miller_Name,Contribution: Miller's Cottage,贡献：磨坊主的小屋
CMC_BoardTown_DA_contrib_miller_Desc,The Miller's Cottage adds to the village's standing.,磨坊主的小屋为村庄状况添砖加瓦。
CMC_BoardTown_DA_contrib_weaver_Name,Contribution: Weaver's Cottage,贡献：织工的小屋
CMC_BoardTown_DA_contrib_weaver_Desc,The Weaver's Cottage adds to the village's standing.,织工的小屋为村庄状况添砖加瓦。
CMC_BoardTown_DA_contrib_well_Name,Contribution: Village Well,贡献：村庄水井
CMC_BoardTown_DA_contrib_well_Desc,The Village Well adds to the village's standing.,村庄水井为村庄状况添砖加瓦。
CMC_BoardTown_DA_contrib_bridge_Name,Contribution: River Bridge,贡献：河桥
CMC_BoardTown_DA_contrib_bridge_Desc,The River Bridge adds to the village's standing.,河桥为村庄状况添砖加瓦。
CMC_BoardTown_DA_contrib_stall_Name,Contribution: thriving Market Stall,贡献：兴旺的集市摊位
CMC_BoardTown_DA_contrib_stall_Desc,A thriving Market Stall adds to the village's standing.,兴旺的集市摊位为村庄状况添砖加瓦。
CMC_BoardTownConstruction_CardName,Village Projects,村庄建设
CMC_BoardTownConstruction_CardDescription,A planning board listing which civic projects are still ahead and which have already been finished.,一块规划板，列出了尚待完成和已经完工的公共建设项目。
CMC_BoardTownConstruction_DA_struct_miller_NotBegun_Name,Construction status: Miller's Cottage - not yet begun,建设状态：磨坊主的小屋——尚未开工
CMC_BoardTownConstruction_DA_struct_miller_NotBegun_Desc,Miller's Cottage: not yet begun.,磨坊主的小屋：尚未开工。
CMC_BoardTownConstruction_DA_struct_miller_Complete_Name,Construction status: Miller's Cottage - complete,建设状态：磨坊主的小屋——已完工
CMC_BoardTownConstruction_DA_struct_miller_Complete_Desc,Miller's Cottage: complete.,磨坊主的小屋：已完工。
CMC_BoardTownConstruction_DA_struct_weaver_NotBegun_Name,Construction status: Weaver's Cottage - not yet begun,建设状态：织工的小屋——尚未开工
CMC_BoardTownConstruction_DA_struct_weaver_NotBegun_Desc,Weaver's Cottage: not yet begun.,织工的小屋：尚未开工。
CMC_BoardTownConstruction_DA_struct_weaver_Complete_Name,Construction status: Weaver's Cottage - complete,建设状态：织工的小屋——已完工
CMC_BoardTownConstruction_DA_struct_weaver_Complete_Desc,Weaver's Cottage: complete.,织工的小屋：已完工。
CMC_BoardTownConstruction_DA_struct_apothecary_NotBegun_Name,Construction status: Apothecary's Cabin - not yet begun,建设状态：药剂师的小屋——尚未开工
CMC_BoardTownConstruction_DA_struct_apothecary_NotBegun_Desc,Apothecary's Cabin: not yet begun.,药剂师的小屋：尚未开工。
CMC_BoardTownConstruction_DA_struct_apothecary_Complete_Name,Construction status: Apothecary's Cabin - complete,建设状态：药剂师的小屋——已完工
CMC_BoardTownConstruction_DA_struct_apothecary_Complete_Desc,Apothecary's Cabin: complete.,药剂师的小屋：已完工。
CMC_BoardTownConstruction_DA_struct_hall_NotBegun_Name,Construction status: Village Hall - not yet begun,建设状态：村公所——尚未开工
CMC_BoardTownConstruction_DA_struct_hall_NotBegun_Desc,Village Hall: not yet begun.,村公所：尚未开工。
CMC_BoardTownConstruction_DA_struct_hall_Complete_Name,Construction status: Village Hall - complete,建设状态：村公所——已完工
CMC_BoardTownConstruction_DA_struct_hall_Complete_Desc,Village Hall: complete.,村公所：已完工。
CMC_BoardTownConstruction_DA_struct_well_NotBegun_Name,Construction status: Village Well - not yet begun,建设状态：村庄水井——尚未开工
CMC_BoardTownConstruction_DA_struct_well_NotBegun_Desc,the Village Well: not yet begun.,村庄水井：尚未开工。
CMC_BoardTownConstruction_DA_struct_well_Complete_Name,Construction status: Village Well - complete,建设状态：村庄水井——已完工
CMC_BoardTownConstruction_DA_struct_well_Complete_Desc,the Village Well: complete.,村庄水井：已完工。
CMC_BoardTownConstruction_DA_struct_bridge_NotBegun_Name,Construction status: River Bridge - not yet begun,建设状态：河桥——尚未开工
CMC_BoardTownConstruction_DA_struct_bridge_NotBegun_Desc,the River Bridge: not yet begun.,河桥：尚未开工。
CMC_BoardTownConstruction_DA_struct_bridge_Complete_Name,Construction status: River Bridge - complete,建设状态：河桥——已完工
CMC_BoardTownConstruction_DA_struct_bridge_Complete_Desc,the River Bridge: complete.,河桥：已完工。
CMC_BoardTownConstruction_DA_struct_stall_NotBegun_Name,Construction status: Market Stall - not yet begun,建设状态：集市摊位——尚未开工
CMC_BoardTownConstruction_DA_struct_stall_NotBegun_Desc,the Market Stall: not yet begun.,集市摊位：尚未开工。
CMC_BoardTownConstruction_DA_struct_stall_Complete_Name,Construction status: Market Stall - complete,建设状态：集市摊位——已完工
CMC_BoardTownConstruction_DA_struct_stall_Complete_Desc,the Market Stall: complete.,集市摊位：已完工。
CMC_Professor_Menu_Work,Any work for me?,有什么工作要给我做吗？
CMC_ProfessorGreeting_FieldSamplesPointer_Line,"Since you've been at this a while now, I've put in a standing request on the board — five fresh billberries, whole and undamaged, for the Academy's field collection.",既然你干这行也有一阵子了，我在告示板上留了个长期请求——五颗完整无损的新鲜越橘，供学院的野外采集收藏之用。
CMC_ProfessorGreeting_FieldSamplesPointer_Answer_Close,I'll bring some by.,我会带一些过来的。
CMC_ProfessorGreeting_AppliedHerbalismPointer_Line,"Now that you've graduated Herbalism, put the diploma to use — bring me four properly dried nettle leaves, and I'll show the class what real fieldwork looks like.",既然你已经从药草学毕业了，就该让这文凭派上用场——给我带四片妥善风干的荨麻叶来，我要让全班见识一下真正的田野工作是什么样子。
CMC_ProfessorGreeting_AppliedHerbalismPointer_Answer_Close,Consider it done.,就当已经办好了。
CMC_ProfFieldSamples_CardName,Field Samples: 5 Billberries,野外样本：5颗越橘
CMC_ProfFieldSamples_CardDescription,"The Professor wants a proper set of field samples for the Academy's collection — five fresh billberries, undamaged, will do nicely.",教授想为学院的收藏补充一套正式的野外样本——五颗完好无损的新鲜越橘就正合适。
CMC_ProfFieldSamplesThanks_Line,"Undamaged, every one — this is exactly the kind of specimen work I hoped a student of the outskirts could manage. The Academy's collection is better for it.",一件都没有损坏——这正是我希望一位在乡野间历练的学生能拿出的标本水准。学院的收藏因此更加完整了。
CMC_ProfAppliedHerbalism_CardName,Applied Herbalism: 4 Dried Nettle Leaves,应用药草学：4片干荨麻叶
CMC_ProfAppliedHerbalism_CardDescription,"Now that you've graduated Herbalism, the Professor wants to see it put to use — four properly dried nettle leaves, processed by your own hand, for a follow-up lecture.",既然你已经从药草学课程毕业，教授想看看学以致用的成果——亲手妥善晾干的四片荨麻叶，用于后续的讲课。
CMC_ProfAppliedHerbalismThanks_Line,"Properly dried, properly cured — a diploma means something when the hands behind it can prove the theory. I'll use these in the next lecture, with your name attached.",干燥得当，处理得当——当一双手能够印证理论时，一纸文凭才真正有了分量。下次讲课我会用上这些，并署上你的名字。
CMC_ProfessorGreeting_GiftTrust_Line,"Come here a moment — I've meant to give you this for a while now. Not every visitor to this valley earns a scholar's confidence, but you have, time and again. A crate of the Academy's own fired stone tiles, out of the old teaching kilns. Better used underfoot than gathering dust in a storeroom.",过来一下——这东西我早就想给你了。不是每个来这山谷的访客都能赢得一位学者的信任，可你一次又一次地做到了。这一箱是学院自己烧制的石砖，出自老教学窑。与其放在储藏室里积灰，不如铺在脚下更有用。
CMC_ProfessorGreeting_GiftTrust_Answer,"I'm honored, Professor.",我深感荣幸，教授。
CMC_QuestRenownProfFieldSamples_StatName,Renown: Professor's Field Samples,声望：教授的野外样本
CMC_QuestRenownProfFieldSamples_StatDescription,Hidden one-shot flag: 1 once the Professor's Field Samples task is completed. Contributes to Village Renown.,隐藏的一次性标记：教授的野外样本任务完成后置为1。计入村庄声望。
CMC_QuestRenownProfAppliedHerbalism_StatName,Renown: Professor's Applied Herbalism,声望：教授的应用药草学
CMC_QuestRenownProfAppliedHerbalism_StatDescription,Hidden one-shot flag: 1 once the Professor's Applied Herbalism task is completed. Contributes to Village Renown.,隐藏的一次性标记：教授的应用药草学任务完成后置为1。计入村庄声望。
CMC_ShadowCat_CardName,Shadow the Cat,猫咪影子
CMC_ShadowCat_CardDescription,"A cat black as pitch, all but invisible until he moves — you almost step on him before he melts back into the dark. He doesn't flinch from you, doesn't beg either. He just watches, ears turning toward the sound of your pack. Something about him seems to be waiting for a particular kind of quiet.",一只黑如沥青的猫，静止不动时几乎难以察觉——你差点一脚踩上它，它才悄然融入黑暗之中。它不畏惧你，也不向你乞讨，只是静静地注视着，耳朵随着你背包的声响转动。它身上似乎藏着某种在等待特定宁静的东西。
CMC_ShadowCat_CI_PlayInstrument,Play Music,演奏音乐
CMC_ShadowCat_CI_PlayInstrument_Desc,"A few soft notes, and he stops mid-step to listen.",几个轻柔的音符响起，他停下脚步，侧耳倾听。
CMC_ShadowCatTamed_CardName,Shadow,影子
CMC_ShadowCatTamed_CardDescription,"He still moves like he isn't quite there, slipping along the treeline at the edge of the firelight, but he comes when the music starts. Wherever the Apothecary hangs her drying-racks, Shadow isn't far behind.",它移动时依旧像是不曾真正存在，悄然滑行在篝火光边缘的林线之间，但音乐响起时它总会现身。无论药剂师把晾晒架挂在哪里，影子都不会离得太远。
CMC_ShadowCatTamed_Hunger,Hunger,饥饿
CMC_ShadowCatTamed_Thirst,Thirst,口渴度
CMC_ShadowCatTamed_Hunger_OnZero,Slips Into the Dark,消失在黑暗中
CMC_ShadowCatTamed_Thirst_OnZero,Slips Into the Dark,消失在黑暗中
CMC_ShadowCatTamed_Care,Care,照料度
CMC_ShadowCatTamed_Care_OnZero,Slips Into the Dark,消失在黑暗中
CMC_ShadowCatTamed_DA_Pet,Pet,抚摸
CMC_ShadowCatTamed_CI_Feed,Feed,喂食
CMC_ShadowCatTamed_CI_Feed_Fail,"He sniffs, unimpressed. Not hungry yet.",他嗅了嗅，不为所动，还不饿。
CMC_ShadowCatTamed_CI_GiveWater,Give Water,给水
CMC_ShadowCatTamed_CI_GiveWater_Fail,Not thirsty yet.,还不渴。
CMC_QuestRenownMarketStallSales_StatName,Renown: Market Stall Sales Milestone,声望：集市摊位销售里程碑
CMC_QuestRenownMarketStallSales_StatDescription,"Hidden one-shot flag: 1 once the Market Stall's Sales Revenue has ever been observed at or above its Renown threshold. Contributes to Village Renown. Latched permanently the first time it's observed (the stall's revenue can only be read while the player is standing at the Village), so the Renown contribution survives being away from the Village afterward.",隐藏的一次性标记：一旦集市摊位的销售收入被观测到达到或超过声望门槛，即置为1。计入村庄声望。该标记在首次被观测到时永久锁定（摊位收入只能在玩家站在村庄内时读取），因此即便之后离开村庄，声望贡献依然会保留。
CMC_SnowDriftNorth_CardName,Snow Drift,雪堆
CMC_SnowDriftNorth_CardDescription,"Deep winter snow has drifted across the northern road to Stillwater Meadow, burying the path. Dig through it with a shovel to clear the way — once cleared, it stays open for the rest of the winter.",深冬的积雪堆满了通往静水草甸的北面道路，将小径彻底掩埋。用铲子挖开积雪即可清出道路——一旦清理完毕，这条路将在整个冬季保持畅通。
CMC_SnowDriftNorth_CI_Dig_ActionName,Dig Through the Snow Drift,挖开积雪
CMC_SnowDriftNorth_CI_Dig_ActionDescription,Shovel a path through the drift. Clears the road to Stillwater Meadow once fully dug through.,铲开一条穿过雪堆的通路。完全挖通后，通往静水草甸的道路便会畅通。
CMC_SnowDriftSouth_CardName,Snow Drift,雪堆
CMC_SnowDriftSouth_CardDescription,"Deep winter snow has drifted across the southern road to Pine Trail, burying the path. Dig through it with a shovel to clear the way — once cleared, it stays open for the rest of the winter.",深冬的积雪堆满了通往松林小径的南面道路，将小径彻底掩埋。用铲子挖开积雪即可清出道路——一旦清理完毕，这条路将在整个冬季保持畅通。
CMC_SnowDriftSouth_CI_Dig_ActionName,Dig Through the Snow Drift,挖开积雪
CMC_SnowDriftSouth_CI_Dig_ActionDescription,Shovel a path through the drift. Clears the road to Pine Trail once fully dug through.,铲开一条穿过雪堆的通路。完全挖通后，通往松林小径的道路便会畅通。
CMC_SnowDriftEast_CardName,Snow Drift,雪堆
CMC_SnowDriftEast_CardDescription,"Deep winter snow has drifted across the eastern road to the Village Farm, burying the path. Dig through it with a shovel to clear the way — once cleared, it stays open for the rest of the winter.",深冬的积雪堆满了通往村庄农田的东面道路，将小径彻底掩埋。用铲子挖开积雪即可清出道路——一旦清理完毕，这条路将在整个冬季保持畅通。
CMC_SnowDriftEast_CI_Dig_ActionName,Dig Through the Snow Drift,挖开积雪
CMC_SnowDriftEast_CI_Dig_ActionDescription,Shovel a path through the drift. Clears the road to the Village Farm once fully dug through.,铲开一条穿过雪堆的通路。完全挖通后，通往村庄农田的道路便会畅通。
CharacterTraits_Perk_Homestead_PerkName,Homestead,安家
CharacterTraits_Perk_Homestead_PerkDescription,"You've come prepared to settle down. Start with a cabin kit, two rain cistern kits, and a stockpile of building materials (30 planks, 30 mud bricks, 30 heavy stones, 50 stones, 10 logs, 50 copper nails, 10 rope). Carry the kits with you and use Place to raise them wherever you want to build your homestead — each kit can only be placed once.",你有备而来，准备就此安家落户。开局携带一个小屋套件、两个集雨桶套件，以及一批建筑材料储备（30块木板、30块泥砖、30块重石、50块石头、10根原木、50根铜钉、10段绳子）。随身携带这些套件，想在哪里建立家园就使用「放置」在那里搭建——每个套件只能放置一次。
CMC_ProfessorGreeting_CourseAckArchitecture_Line,"Architecture, passed with a design I'll admit I stole a diagram from for next term's lecture. Water doesn't forgive a bad angle the way earth does, but you found the right one. A water-driven sawmill and grinding mill are within your skill now, real ones, not the toy models I sketch on the board. Combine it with a Metallurgy degree and you'll be casting your own forge fittings before the season turns.",建筑学，通过了，我得承认，你的设计图我打算偷去用在下学期的讲课里。水流可不像土地那样，会原谅一个糟糕的角度，可你找对了那个角度。如今水力锯木厂和水力磨坊都在你的能力范围之内了，是真正的实物，不是我在黑板上画的那种玩具模型。再拿下一个冶金学学位，用不了一季，你就能自己铸造锻炉配件了。
CMC_ProfessorGreeting_CourseAckArmorer_Line,"Armorer, passed, and passed properly, no student of mine gets a breastplate pattern without proving they understand why the rivets go where they go. Copper will do in a pinch, but iron will actually keep you alive out past the tree line, helm, greaves, gauntlets, the full set is yours to make now. I'd rather you never need it. I'd rather you have it anyway.",制甲，通过了，而且是货真价实地通过。我的学生想拿到胸甲的花样，就必须先证明自己明白铆钉为什么要钉在那些位置上。铜制的凑合一下还行，可真正能在林线之外保住你性命的是铁——头盔、护胫、护手，整套装备现在都在你的制作能力范围之内了。我宁愿你永远用不上它。我也宁愿你无论如何都拥有它。
CMC_ProfessorGreeting_CourseAckFishing_Line,"You passed Fishing, and unlike most of my courses this one I actually enjoy grading, mostly because it involves an afternoon by the water instead of a stack of essays. The iron fittings for a proper rod are yours to build now, sturdier than anything whittled from green wood. My uncle's mythical river monster is still out there uncaught, incidentally, should you fancy a rematch on his behalf.",你通过了钓鱼课，跟我大多数课程不同，这门课的评分我是真心喜欢，主要是因为它意味着在水边度过一个下午，而不是批改一摞论文。如今你已经能制作一副像样鱼竿所需的铁制配件了，比任何用生木削出来的都结实。顺带一提，我叔叔那条传说中的河怪至今还没被钓上来过，你要是愿意替他打一场复仇之战，我不反对。
CMC_ProfessorGreeting_CourseAckHerbalism_Line,"Herbalism, passed! That's the course I'm proudest to teach, truth be told, plants don't lecture back and neither do the students who love them. You've earned the plans for a proper apothecary's cabin now, and the knowledge to mix a real healing draught rather than just crushing leaves and hoping. Go build something with it. The forest's given you enough of itself; it's time you gave a little back.",药草学，通过了！说实话，这是我最引以为豪的一门课，植物不会顶嘴，喜爱植物的学生也一样不会。你如今已经赢得了一座像样的药剂师小屋的图纸，还有调配真正治疗药水的知识，而不再只是捣碎叶子碰运气了。拿它去建造点什么吧。这片森林已经给了你足够多的馈赠，是时候回馈一点了。
CMC_ProfessorGreeting_CourseAckMedicine_Line,"Medicine, of all courses, is the one I can't fully teach from a lectern, and you passed it anyway. Most of it is watching someone shiver through a fever and knowing which of your remedies actually helps and which just makes you feel useful. You'll carry that instinct with you now whether you're tending yourself or anyone fool enough to get hurt near you. Don't let it go quiet from disuse.",医学，在所有课程里，是我最没法单靠讲台教全的一门，可你还是通过了。这门学问，大半在于看着一个人在高烧中颤抖，还要分辨出你手头的疗法哪个真正管用，哪个不过是让你自己感觉有用而已。从今往后，不论是照顾自己，还是照顾哪个傻乎乎在你身边受了伤的人，你都会带着这份直觉。别让它因为闲置而生疏。
CMC_ProfessorGreeting_CourseAckMetallurgy_Line,"Passed, and properly, not a squeak of luck in it. Metallurgy is the course that weeds out the impatient, half my students give up the moment the ore refuses to cooperate. You didn't. Sheet metal will behave itself for you from here on, worked thin and even instead of cracking under the hammer, and I expect you already have a project or two in mind for it.",通过了，而且是扎扎实实地通过，没有半点运气的成分。冶金学专挑没耐心的人淘汰，我一半的学生一旦矿石不听话，立刻就打退堂鼓了。你没有。从今往后，薄板金属在你手里会乖乖听话，锤打出来薄而均匀，不会开裂，我料想你心里已经有一两个用得上它的计划了。
CMC_ProfessorGreeting_Menu_Line,"Ah, a visitor. Come to see how the village's scholars while away their hours? What's on your mind?",啊，来客人了。是来看看村里的学者们是怎么打发时间的吗？你在想些什么？
CMC_Professor_Menu_CourseMetallurgy,I passed your Metallurgy course.,我通过了您的冶金学课程。
CMC_Professor_Menu_CourseHerbalism,I passed your Herbalism course.,我通过了您的药草学课程。
CMC_Professor_Menu_CourseMedicine,I passed your Medicine course.,我通过了您的医学课程。
CMC_Professor_Menu_CourseFishing,I passed your Fishing course.,我通过了您的钓鱼课程。
CMC_Professor_Menu_CourseArchitecture,I passed your Architecture course.,我通过了您的建筑学课程。
CMC_Professor_Menu_CourseArmorer,I passed your Armorer course.,我通过了您的制甲课程。
CMC_Professor_Menu_NewsApothecary,The Apothecary's Cabin is finished.,药剂师的小屋已经建成。
CMC_Professor_Menu_NewsHall,The Village Hall is finished.,村公所已经建成。
CMC_ProfessorGreeting_NewsApothecary_Line,"You've heard, then, the Apothecary's Cabin stands finished. I taught that woman her Herbalism same as I'm teaching you, and now she's the one mixing draughts instead of me lecturing about them. There's a particular satisfaction in watching a student outgrow the lectern entirely. Do visit her stall if you haven't; between the two of us this village is dangerously well medicated.",这么说你已经听说了，药剂师的小屋已经建成。药草学是我教给她的，就跟我现在教你一样，如今调制药剂的人成了她，不再是我站在讲台上空谈了。看着一个学生彻底超越讲台，自有一种特别的满足感。要是你还没去过她的摊位，一定要去看看；有我们俩在，这村子的医药供应，简直富余得有点过头了。
CMC_ProfessorGreeting_NewsHall_Line,"The Village Hall, up at last. I stopped by to see it and found myself lecturing the notice board out of old habit before I caught myself. It's a strange thing, watching a settlement decide it's permanent enough to need a civic building. Ten years ago this was a clearing with a fire pit and my own stubborn refusal to leave. Now it has a Hall. Write that down somewhere, it's the sort of thing histories forget to mention.",村公所，总算立起来了。我过去瞧了一眼，结果不知不觉，出于老习惯，竟对着告示板讲起课来，才猛然回过神。看着一处聚落认定自己已经足够长久，需要一座公共建筑，这感觉挺奇妙的。十年前这里不过是一片空地，一个火坑，还有我固执地拒绝离开。如今它有了一座公所。把这个记下来吧，这正是史书容易遗漏的那类事情。
CMC_ProfessorGreeting_QuestAccept2_Line,"Wonderful, truly. I've had that ruin's floor plan sketched on the same scrap of parchment for eleven years now, waiting on someone patient enough to indulge me. Don't rush the clay-gathering on my account, but I'll admit I'll be watching the door a little more eagerly than usual until you're back.",太好了，真的太好了。那处废墟的平面图，我在同一张羊皮纸残片上画了整整十一年，一直在等一个有耐心陪我这么折腾的人。不必因为我而急着去收集黏土，不过我承认，在你回来之前，我望向门口的次数，怕是会比平常多一些。
CMC_ProfessorGreeting_QuestAccept3_Line,"Good, good. Every village needs a monster in its hills, it gives the children something to be brave about and the adults something to blame the weather on. Whether the dragon was ever real hardly matters to the casting, metal doesn't care for the difference between history and a good story anyway.",好，很好。每个村子的山里都该有个怪物，这样孩子们才有勇气可以展示，大人们也有个东西可以怪罪坏天气。那条龙究竟是不是真的存在，对铸造这件事来说其实无关紧要，反正金属才不在乎历史和好故事之间的区别呢。
CMC_ProfessorGreeting_QuestAccept4_Line,"Excellent. Most smiths won't touch bone work, too slow, not enough profit in it, but there's a reason it kept people alive for longer than metal's been common in these hills. I want to see the technique survive somewhere other than my own notes before I'm too old to demonstrate the lacing myself.",太好了。大多数铁匠不愿碰骨制品，太费工夫，又没什么利润，可它能在金属在这片山地普及之前，保住人们的性命这么久，自有它的道理。我希望在自己老得连穿系的手法都演示不了之前，能看到这门技艺不只留存在我的笔记里。
CMC_InnKeeperTalk_NewsHall_Line,"We've got ourselves a Village Hall now, notice board and all. Half the village crowded round it the first morning just to watch the paint dry, myself included, I'll admit. My father used to say a settlement isn't really a village until it has somewhere to argue about its own business out loud instead of over ale at my bar. Suppose that makes us official now.",我们现在有村公所了，连告示板都有。开张头一天早上，半个村子的人都挤在那儿看油漆晾干，我自己也在里头，不瞒你说。我父亲以前常说，一个聚落要是没个能大声吵自家事的地方，光在我吧台喝着酒争论，那就算不上真正的村子。我看这下咱们算是名正言顺了。
CMC_InnKeeperTalk_NewsHall_Answer,"Your bar's argument monopoly is over, then.",这么说，你吧台的“吵架垄断权”要没了。
CMC_InnKeeperTalk_NewsMillerCottage_Line,"Did you hear? The miller's got a proper roof over his head at last, instead of sleeping next to that wheel of his like it might wander off in the night. Known the man twenty years and I don't think I've ever seen him build anything for himself before, always some neighbor's fence or someone else's barn first. Glad to see him finally spend the effort on his own walls.",你听说了吗？磨坊主总算有了像样的屋顶，不用再睡在水车旁边，好像怕它半夜自己跑了似的。我认识这人二十年了，印象里他从没为自己盖过什么，总是先给邻居修篱笆，先给别人盖谷仓。看到他终于肯为自己的墙费点力气，我很高兴。
CMC_InnKeeperTalk_NewsMillerCottage_Answer,"Well earned, from what I hear of him.",听你这么一说，这是他应得的。
CMC_InnKeeperTalk_NewsRenownFull_Line,"The stall's turning a real profit these days, and everyone from the miller to the market vendor keeps telling me it's because word finally got around about this place. Every cottage, every well bucket, every fool commission the Professor's students dragged back from the hills, it all adds up to something. I didn't think I'd live to see this valley become a place worth writing home about, but here we are. Drinks are on the house tonight, don't argue with me about it.",摊位这些日子真赚了钱，从磨坊主到市场摊贩，个个都跟我说，这是因为这地方的名声终于传出去了。每一座小屋，每一只水井吊桶，教授学生们从山里带回来的每一件傻乎乎的委托，全都累积成了点什么。我没想到自己能活着看到这山谷变成一个值得写信回家提起的地方，可现在我们做到了。今晚喝的都算我的，别跟我争。
CMC_InnKeeperTalk_NewsRenownFull_Answer,I certainly won't argue with free drinks.,免费的酒，我可不会跟你争。
CMC_InnKeeperTalk_NewsRenownHalf_Line,"Somewhere along the way this stopped feeling like a handful of buildings and started feeling like a village people actually talk about. Travelers passing through ask after us by name now, instead of just squinting at the map wondering if there's anything worth the detour. Halfway to somewhere, I'd say, and I mean to see the rest of it built before I'm too old to pour the celebration ale myself.",不知道从什么时候起，这地方不再只是几栋房子的堆砌，开始变成了一个人们真正会提起的村子。路过的旅人现在会直接打听我们的名字，而不是盯着地图眯眼琢磨绕这个道值不值得。我看这算是走到半路了，我打算亲眼看着剩下的部分建起来，趁我还没老到倒不动庆功酒。
CMC_InnKeeperTalk_NewsRenownHalf_Answer,You've built something worth talking about.,你们建起了一个值得被人提起的地方。
CMC_InnKeeperTalk_NewsWeaverCottage_Line,"The weaver's cottage went up too, did you see it on your way in? She hung a length of her own cloth over the doorway for a curtain before the paint had even dried, couldn't wait a single day to make the place hers. Between her and the miller both settling proper, this village is starting to look less like a rest stop and more like somewhere people actually mean to stay.",织工的小屋也盖起来了，你进来的时候看见了吗？油漆都还没干，她就已经挂上自己织的一匹布当门帘了，一天都等不了，非要马上把这地方变成自己的。有她和磨坊主都正经安顿下来，这村子越来越不像个歇脚的地方了，倒像是个人们真心打算长住的地方。
CMC_InnKeeperTalk_NewsWeaverCottage_Answer,It's coming together nicely.,这一切都渐渐成形了，真不错。
CMC_InnKeeperTalk_QuestAccept2_Line,"Bless you, truly. A man can only eat the same thin broth so many nights running before he starts dreaming about it. Take your time, mind, I'd rather wait a week for a proper stew than eat a rushed one tonight.",太谢谢你了，真的。一个人连着喝那么多晚一样的稀汤，做梦都会梦见它。慢慢来没关系，比起今晚吃一锅赶出来的炖菜，我宁愿多等一星期吃到一锅像样的。
CMC_InnKeeperTalk_QuestAccept2_Answer,I'll bring you the best I've got.,我会把我能做出的最好的带给你。
CMC_InnKeeperTalk_QuestAccept3_Line,"Good, good, brew night without proper ale is just a room full of disappointed regulars, and I'd rather not test how disappointed they can get. Bring it when you're ready, no rush, though if you happen to pass by on a brew night itself I won't turn away an early delivery.",好，好，酿酒之夜没有像样的麦酒，那就只是一屋子失望的常客，我可不想试探他们到底能失望到什么地步。你准备好了再带来，不急，不过要是正好赶上酿酒之夜路过，提前送到我也不会拒绝。
CMC_InnKeeperTalk_QuestAccept3_Answer,I'll have it here in time.,我会及时送到的。
CMC_InnKeeperTalk_QuestAccept4_Line,"Now you're talking. I've been saving the good glassware for exactly this occasion, dust and all, and it's high time I had something worth pouring into it. Don't skimp on the quality, either, my regulars have opinions and they are not shy about sharing them.",这话我爱听。我一直留着那套好玻璃器皿，就等着这样的场合，连灰都没舍得擦，现在总算有值得倒进去的东西了。质量可别打折扣，我那些常客都有自己的看法，而且从不吝于说出来。
CMC_InnKeeperTalk_QuestAccept4_Answer,"Only the good stuff, I promise.",我保证只带最好的东西来。
CMC_InnKeeperTalk_QuestAccept5_Line,"Much obliged. Winter's got a way of catching everyone off guard even when we all know it's coming, same as it does every single year. My mother used to say a full pantry in autumn is worth more than gold come the deep frost, and she was rarely wrong about that sort of thing.",太感激了。冬天总有本事让每个人都措手不及，明明大家都知道它要来，年年如此。我母亲以前常说，秋天存满的储藏柜，比等到严寒时的金子还金贵，这种事她很少说错。
CMC_InnKeeperTalk_QuestAccept5_Answer,I'll make sure the pantry's stocked.,我会确保储藏柜是满的。
CMC_InnHallRemarked_StatName,The Inn Keeper's Village Hall Remark,旅店老板对村公所的评价
CMC_InnHallRemarked_StatDescription,"Hidden tracker: 0 = has not yet remarked on the finished Village Hall, 1 = remarked once.",隐藏追踪器：0=尚未提及建成的村公所，1=已提及一次。
CMC_InnMillerCottageRemarked_StatName,The Inn Keeper's Miller's Cottage Remark,旅店老板对磨坊主小屋的评价
CMC_InnMillerCottageRemarked_StatDescription,"Hidden tracker: 0 = has not yet remarked on the finished Miller's Cottage, 1 = remarked once.",隐藏追踪器：0=尚未提及建成的磨坊主小屋，1=已提及一次。
CMC_InnRenownFullRemarked_StatName,The Inn Keeper's Full-Renown Remark,旅店老板对满声望的评价
CMC_InnRenownFullRemarked_StatDescription,"Hidden tracker: 0 = has not yet remarked on Village Renown reaching 100, 1 = remarked once.",隐藏追踪器：0=尚未提及村庄声望达到100，1=已提及一次。
CMC_InnRenownHalfRemarked_StatName,The Inn Keeper's Half-Renown Remark,旅店老板对半声望的评价
CMC_InnRenownHalfRemarked_StatDescription,"Hidden tracker: 0 = has not yet remarked on Village Renown reaching 50, 1 = remarked once.",隐藏追踪器：0=尚未提及村庄声望达到50，1=已提及一次。
CMC_InnWeaverCottageRemarked_StatName,The Inn Keeper's Weaver's Cottage Remark,旅店老板对织工小屋的评价
CMC_InnWeaverCottageRemarked_StatDescription,"Hidden tracker: 0 = has not yet remarked on the finished Weaver's Cottage, 1 = remarked once.",隐藏追踪器：0=尚未提及建成的织工小屋，1=已提及一次。
CMC_GuardSterling_AgentName,Captain Reeve Sterling,队长里夫·斯特林
CMC_GuardSterling_AgentDescription,"Captain of the village Watch. Keeps the Hall and the market square, and gives a warning before he gives an order.",村庄巡逻队的队长。负责看守村公所和市场广场，下达命令之前总会先给出警告。
CMC_GuardThorne_AgentName,Guard Nella Thorne,守卫妮拉·索恩
CMC_GuardThorne_AgentDescription,"River Watch. Holds the bridge junction where the path meets the village, and does not cross the water.",河岸巡逻。驻守在小径与村庄交汇的桥头，从不过河。
CMC_GuardCorrin_AgentName,Guard Old Corrin,守卫老科林
CMC_GuardCorrin_AgentDescription,"Farm Watch. Walks the fields and the clay flats trail, a beat the village gave him because they trust him with it.",农场巡逻。巡视田地与通往粘土滩地的小路，这条巡逻路线，是村子出于信任交给他的。
CMC_GuardVane_AgentName,Guard Iris Vane,守卫艾莉丝·韦恩
CMC_GuardVane_AgentDescription,"Night Watch. Sleeps through the day and walks the village after dark, which is when she does her best noticing.",夜间巡逻。白天睡觉，天黑之后才在村里巡视——那正是她最能察觉异常的时候。
CMC_GuardPerk_Sterling_PerkName,Watch Captain,队长
CMC_GuardPerk_Sterling_PerkDescription,"Squad lead of the village Watch. Formal, unhurried, and slow to escalate.",村庄巡逻队的队长。态度正式、从容不迫，很少轻易升级冲突。
CMC_GuardPerk_Thorne_PerkName,River Watch,河岸巡逻
CMC_GuardPerk_Thorne_PerkDescription,Eager and quick to escalate. Works the river crossing and shouts after anyone who runs for it.,性急易怒，动辄升级冲突。负责河岸渡口的巡逻，见有人逃跑便会高声喝止。
CMC_GuardPerk_Corrin_PerkName,Farm Watch,农场巡逻
CMC_GuardPerk_Corrin_PerkDescription,"Old, weary, and reluctant. Slower to notice trouble than the rest of the Watch, and slower still to want it.",年迈疲惫，行事不情不愿。察觉麻烦的速度比巡逻队其他人都慢，更不愿主动招惹麻烦。
CMC_GuardPerk_Vane_PerkName,Night Watch,夜间巡逻
CMC_GuardPerk_Vane_PerkDescription,"Sharp-eyed and suspicious by default. Notices what the day shift misses, and is on her feet when thieves are.",目光锐利，天生多疑。总能察觉到白班疏漏之处，小偷现身时她也总是率先起身。
CMC_GuardSterling_Attack,Attack,攻击
CMC_GuardThorne_Attack,Attack,攻击
CMC_GuardCorrin_Attack,Attack,攻击
CMC_GuardVane_Attack,Attack,攻击
CMC_NPCTag_TownGuard,Town Watch,村庄巡逻队
CMC_CopperChestMiller_CardName,Miller's Copper Chest,磨坊主的铜制箱子
CMC_CopperChestMiller_CardDescription,"The Miller keeps his savings and a little spare stock in this banded chest. Every week or so he adds to it, until it is as full as a miller's chest ever gets. Drag a valuable item onto the chest to sell it to him - he can only pay what is actually inside. There is nothing stopping you searching it yourself, either, if you are willing to risk being caught.",磨坊主把积蓄和一些多余的存货放在这只包铁箱子里。他大约每周都会往里添一些，直到装得像磨坊主的箱子通常那么满为止。把值钱的物品拖到箱子上即可卖给他——他只能用箱子里实际有的钱支付。当然，如果你愿意冒着被抓的风险，也没什么能阻止你自己动手翻找它。
CMC_CopperChestMiller_CardHelpSection,Copper Chest,铜制箱子
CMC_CopperChestMiller_CI_Sell,Sell to the Miller,卖给磨坊主
CMC_CopperChestMiller_CI_Sell_Desc,"Sell the dragged item to the Miller. He pays out of the chest's own coin, so he can only buy what he can currently afford - a freshly settled Miller cannot yet meet the price of anything expensive.",把拖动的物品卖给磨坊主。他用箱子里现有的钱付款，所以只能买他目前买得起的东西——刚安顿下来的磨坊主，暂时还付不起什么贵重的价钱。
CMC_CopperChestMiller_DA_Search,Search for valuables,搜寻贵重物品
CMC_CopperChestMiller_DA_Search_Desc,Go through the chest and take whatever is inside. Quick work when nobody is home - rather less so when the Miller is.,翻找箱子，拿走里面的东西。没人在家时干这事很快——磨坊主在家时可就没那么容易了。
CMC_MillerChestRestockDay_StatName,Miller's Chest Last Restock Day,磨坊主箱子上次补货日
CMC_MillerChestRestockDay_StatDescription,Hidden tracker: the absolute day the Miller last added to his Copper Chest.,隐藏追踪器：记录磨坊主上次往他的铜制箱子里补充物品的绝对天数。
CMC_MillerChestThefts_StatName,Miller's Chest Undetected Thefts,磨坊主箱子未被发现的盗窃次数
CMC_MillerChestThefts_StatDescription,Hidden heat counter: undetected robberies of the Miller's Copper Chest this season.,隐藏警觉计数器：本季度对磨坊主的铜制箱子的未被发现的盗窃次数。
CMC_MillerChestTheftSeason_StatName,Miller's Chest Theft Season,磨坊主箱子盗窃季节
CMC_MillerChestTheftSeason_StatDescription,Hidden tracker: the season the Copper Chest heat counter was last written in.,隐藏追踪器：记录铜制箱子警觉计数器上次写入的季节。
CMC_GuardDownDaySterling_StatName,Captain Reeve Sterling Down Since,队长里夫·斯特林倒下时间
CMC_GuardDownDaySterling_StatDescription,Hidden respawn timer for Captain Reeve Sterling.,隐藏重生计时器：队长里夫·斯特林。
CMC_GuardDownDayThorne_StatName,Guard Nella Thorne Down Since,守卫妮拉·索恩倒下时间
CMC_GuardDownDayThorne_StatDescription,Hidden respawn timer for Guard Nella Thorne.,隐藏重生计时器：守卫妮拉·索恩。
CMC_GuardDownDayCorrin_StatName,Guard Old Corrin Down Since,守卫老科林倒下时间
CMC_GuardDownDayCorrin_StatDescription,Hidden respawn timer for Guard Old Corrin.,隐藏重生计时器：守卫老科林。
CMC_GuardDownDayVane_StatName,Guard Iris Vane Down Since,守卫艾莉丝·韦恩倒下时间
CMC_GuardDownDayVane_StatDescription,Hidden respawn timer for Guard Iris Vane.,隐藏重生计时器：守卫艾莉丝·韦恩。
CMC_GuardsAllDown_StatName,Watch Broken,巡逻队瓦解
CMC_GuardsAllDown_StatDescription,Hidden latch: the whole Town Watch is down at once.,隐藏锁存器：整支村庄巡逻队同时倒下。
CMC_ArrestPending_StatName,Arrest Pending,逮捕待定
CMC_ArrestPending_StatDescription,Hidden marker: a Watch guard beat you and is taking you in.,隐藏标记：一名巡逻队守卫已将你击败，正押送你收监。
CMC_GuardsSummoned_StatName,Guards Summoned,已召唤守卫
CMC_GuardsSummoned_StatDescription,Hidden marker: Guard Vane has found you and called the rest of the Watch in.,隐藏标记：守卫瓦恩发现了你，并召唤了巡逻队的其余人手。
CMC_CaptainSummoned_StatName,Captain Summoned,已召唤队长
CMC_CaptainSummoned_StatDescription,"Hidden marker: a Watch guard has beaten you and is holding you for the Captain.",隐藏标记：一名巡逻队守卫已将你击败，正扣押你等待队长到来。
CMC_SterlingWarningGiven_StatName,Warned by the Captain,已受队长警告
CMC_SterlingWarningGiven_StatDescription,Hidden 0/1 marker: 1 once Captain Sterling has given his one-time warning the first time cmcStatVillageCrime enters the Suspected band (Village_Master_Plan.md §10.8.1/§10.8.2). Latched permanently -- never cleared -- so the warning line is delivered exactly once per run.,隐藏 0/1 标记：当村庄罪案值首次进入“嫌疑”区间时，斯特林队长给予一次性警告后设为 1。永久锁定，绝不清除，确保警告台词每局只出现一次。
CMC_SterlingTalk_SceneTitle,Captain Reeve Sterling,里夫·斯特林队长
CMC_SterlingTalk_Start_Line,"Captain. Reeve Sterling, of the Town Watch. Hall, market, and the well -- that's my beat, most days. Village keeps quiet enough, and I'd like to keep it that way.",队长。村庄巡逻队的里夫·斯特林。村公所、市场和水井——大多数日子我都巡视这几处。村子还算安宁，我也想让它一直这样。
CMC_SterlingTalk_Start_Answer_Duties,How fares the Watch?,巡逻队近来如何？
CMC_SterlingTalk_Start_Answer_Bye,"Just passing through, Captain.",只是路过，队长。
CMC_SterlingTalk_Duties_Line,"Thorne and Corrin hold the square by day, Vane takes the night. We rotate the jail step between the four of us so it's never left unwatched. Quiet work, mostly -- and I intend to keep it that way.",索恩和科林白天守着广场，瓦恩负责夜班。我们四人轮流站监狱的岗，确保那里从不无人看守。大多时候都是些平静的差事——我也打算让它继续平静下去。
CMC_SterlingTalk_Duties_Answer_Bye,"Good to know, Captain.",了解了，队长。
CMC_SterlingTalk_Warning_Line,"A word, before we go any further. I've heard what's been said about you, and I'll not pretend I haven't. I'm not hauling you in over it -- not yet. But hear this once, because I won't say it twice: keep on, and the Watch stops giving you the benefit of the doubt. Keep on past that, and you're not welcome inside these walls at all. Mind yourself.",在我们继续之前，容我说一句。关于你的传言我都听说了，不会假装没这回事。我暂时不会把你抓起来——现在还不会。但这话我只说一次，听清楚了：再这样下去，巡逻队就不会再对你网开一面。再往下走，你在这城墙之内就不再受欢迎了。自己小心点。
CMC_SterlingTalk_Warning_Answer_Understood,"Understood, Captain.",明白了，队长。
CMC_SterlingTalk_Warning_Answer_Deny,I haven't done anything wrong.,我什么都没做错。
CMC_SterlingTalk_Wanted_Line,"You've had your warning, and you didn't heed it. The Watch has its eye on you now -- every one of us. I won't set the square on you standing here talking, but don't mistake that for welcome. Push this any further and it stops being a conversation.",你已经得到过警告，却没有听进去。现在巡逻队都在盯着你——我们所有人。我不会因为你站在这儿说话就召集广场上的人对付你，但别误会这是欢迎。再往前逼一步，这就不再是一场对话了。
CMC_SterlingTalk_Wanted_Answer_Leave,"I'll watch myself, Captain.",我会小心的，队长。
CMC_SterlingTalk_Wanted_Answer_Defiant,Noted.,知道了。
CMC_GuardSterling_Talk,Talk,交谈
CMC_Jail_CardName,Village Jail,监狱
CMC_Jail_CardDescription,"A squat stone lock-up beside the Village Hall, with one barred window and one heavy door. The Town Watch keeps a warden on the step most hours of the day. Anyone the Watch brings in serves their days inside before they walk back out.",村公所旁一座低矮的石造牢房，有一扇带栏杆的窗户和一扇沉重的大门。巡逻队大多数时候都会安排一名狱卒守在门前。任何被巡逻队带来的人都要在里面服完刑期才能走出来。
CMC_Jail_Help,Jail,监狱
CMC_Jail_DA_Enter,Step into the Jail,走进监狱
CMC_Jail_DA_Enter_Fade,The warden waves you through...,狱卒挥手示意你进去……
CMC_JailCell_CardName,Jail Cell,牢房
CMC_JailCellLocation_CardName,Jail Cell,牢房
CMC_JailCellDoor_CardName,Cell Door,牢门
CMC_JailCellDoor_CardDescription,"Banded oak with an iron grille at eye height. It is barred from the outside while you have days left to serve, and the warden opens it the morning your sentence runs out.",一扇包铁的橡木门，与视线齐高处嵌有铁栅。在你还有刑期未服完时，门会从外面锁住，等到刑满的那天早晨，狱卒才会将其打开。
CMC_JailCellDoor_DA_Exit,Walk out,走出去
CMC_JailCellDoor_DA_Exit_Fade,The warden unbars the door...,狱卒打开了门闩……
CMC_JailCellDoor_DA_Days1,Your sentence: 1 more day,你的刑期：还剩1天
CMC_JailCellDoor_DA_Days2,Your sentence: 2 more days,你的刑期：还剩2天
CMC_JailCellDoor_DA_Days3,Your sentence: 3 more days,你的刑期：还剩3天
CMC_JailCellDoor_DA_Days4,Your sentence: 4 more days,你的刑期：还剩4天
CMC_JailCellDoor_DA_Days5,Your sentence: 5 more days,你的刑期：还剩5天
CMC_JailCellDoor_DA_Days6,Your sentence: 6 more days,你的刑期：还剩6天
CMC_JailCellDoor_DA_Days7,Your sentence: 7 more days,你的刑期：还剩7天
CMC_JailCellDoor_DA_Days8,Your sentence: 8 more days,你的刑期：还剩8天
CMC_JailSentenceRemaining_StatName,Jail Sentence Remaining,剩余刑期
CMC_JailSentenceRemaining_StatDescription,Hidden counter: days still to serve in the Village Jail.,隐藏计数器：在村庄监狱中还需服刑的天数。
CMC_JailSentenceOriginal_StatName,Jail Sentence Length,刑期长度
CMC_JailSentenceOriginal_StatDescription,Hidden record of the sentence as it was handed down.,隐藏记录：宣判时的原始刑期。
CMC_JailUnguarded_StatName,Jail Unguarded,监狱无人看守
CMC_JailUnguarded_StatDescription,Hidden marker: no Town Watch guard is standing warden.,隐藏标记：当前没有村庄巡逻队守卫担任狱卒。
CMC_JailWardenGap_StatName,Warden Gap,狱卒空档
CMC_JailWardenGap_StatDescription,Hidden countdown: hours left in the current warden-absence window.,隐藏倒计时：当前狱卒空档窗口剩余的小时数。
CMC_JailCellBed_CardName,Cell Bed,牢房床铺
CMC_JailCellBed_CardDescription,A hard straw pallet against the wall. It scrapes easily across the stone floor.,一张靠墙的坚硬草垫，很容易在石地上被拖动。
CMC_JailCellBed_DA_MoveBed,Move the bed,移开床铺
CMC_JailCellTunnel_CardName,Hidden Tunnel,隐藏隧道
CMC_JailCellTunnel_CardDescription,"The bed is shoved aside, and a rough dig into the foundation stone shows underneath. Anyone glancing through the door's grille would see it in a heartbeat -- best keep working only while the step outside is empty.",床铺被推到一旁，下面露出了一个粗糙挖出的地基石孔洞。任何人透过门上的铁栅一瞥都能立刻发现——最好只在门外无人时继续挖掘。
CMC_JailCellTunnel_DA_MoveBedBack,Move the bed back,把床铺移回去
CMC_JailCellTunnel_DA_Dig,Dig,挖掘
CMC_JailCellTunnel_DA_Crawl,Crawl through the tunnel,爬过隧道
CMC_JailCellTunnel_DA_Crawl_Fade,"You squeeze through the dark, dirt in your teeth, and come up outside the walls...",你在黑暗中艰难地挤过去，满嘴泥土，最终从围墙外钻了出来……
CMC_JailTunnelProgress_StatName,Jail Tunnel Progress,越狱隧道进度
CMC_JailTunnelProgress_StatDescription,Hidden counter: how far the hidden tunnel has been dug.,隐藏计数器：记录隐藏隧道已挖掘的进度。
CMC_JailWaterJug_CardName,Water Jug,水罐
CMC_JailWaterJug_CardDescription,"A chipped clay jug, filled once a day along with the ration bowl. Not much, but enough to keep you going.",一只有缺口的陶罐，每天与配给碗一同装满一次。虽然不多，但足以维持你的生存。
CMC_JailWaterJug_DA_Drink,Drink,饮用
CMC_JailCellLocation_DA_Meditate,Meditate,冥想
CMC_JailCellLocation_DA_Meditate_Desc,Sit still and let the hours pass.,静坐不动，任凭时间流逝。
CMC_JailCellLocation_DA_CountStones,Count the stones,数石头
CMC_JailCellLocation_DA_CountStones_Desc,"One. Two. Three. You've lost count before, but not this time.",一、二、三。你以前数着数着就乱了，不过这次没有。
CMC_JailCellLocation_DA_StonesMilestone,You know this cell by heart now,你已经把这间牢房记得滚瓜烂熟了
CMC_JailCellLocation_DA_StonesMilestone_Desc,"One hundred and counting. Every crack, every stain, every stone in this floor -- you could draw it blind.",一百块，还在继续数。每一道裂缝、每一处污渍、地板上的每一块石头——你闭着眼睛都能把它画出来。
CMC_JailRationDay_StatName,Jail Ration Day,监狱配给日
CMC_JailRationDay_StatDescription,Hidden record: the day the daily ration was last placed in the cell.,隐藏记录：上次将每日口粮放入牢房的日期。
CMC_JailStonesCounted_StatName,Stones Counted,数石头计数
CMC_JailStonesCounted_StatDescription,Flavor counter: how many times the stones have been counted.,风味计数器：记录石头被数过的次数。
CMC_JailRationFood_CardName,Meager Prison Ration,微薄的监狱配给
CMC_JailRationFood_CardDescription,"A thin bowl of cold gruel, slid through the door's grille once a day. It won't fill you up, but the warden makes sure you get just enough to keep your strength.",一碗稀薄的冷粥，每天透过门上的铁栅递进来一次。虽然吃不饱，但狱卒会确保你能维持基本的体力。
CMC_JailRationFood_DA_Eat,Eat,食用
BedRoll_DismantleActions[0].ActionName,Nap,小憂
BedRoll_DismantleActions[0].FadeMessage,Taking a nap...,小憂中……
BedRoll_DismantleActions[0].StatInterruptions[1].Notification,I'm too thirsty to sleep...,太渴了，睡不着……
BedRoll_DismantleActions[0].StatInterruptions[2].Notification,I'm too hot to sleep...,太热了，睡不着……
BedRoll_DismantleActions[0].StatInterruptions[3].Notification,I'm too cold to sleep...,太冷了，睡不着……
BedRoll_DismantleActions[0].StatInterruptions[4].Notification,I'm losing too much blood...,我失血过多了……
BedRoll_DismantleActions[0].StatInterruptions[5].Notification,I'm not feeling well...,我感觉不太舒服……
BedRoll_DismantleActions[0].StatInterruptions[6].Notification,I'm not feeling well...,我感觉不太舒服……
BedRoll_DismantleActions[0].StatInterruptions[7].Notification,I can't sleep in the middle of a storm!,暴风雨这么大，我睡不着！
BedRoll_DismantleActions[1].ActionName,Sleep,睡觉
BedRoll_DismantleActions[1].FadeMessage,Sleeping...,睡觉中……
BedRoll_DismantleActions[1].StatInterruptions[1].Notification,I'm too thirsty to sleep...,太渴了，睡不着……
BedRoll_DismantleActions[1].StatInterruptions[2].Notification,I'm too hot to sleep...,太热了，睡不着……
BedRoll_DismantleActions[1].StatInterruptions[3].Notification,I'm too cold to sleep...,太冷了，睡不着……
BedRoll_DismantleActions[1].StatInterruptions[4].Notification,I'm losing too much blood...,我失血过多了……
BedRoll_DismantleActions[1].StatInterruptions[5].Notification,I'm not feeling well...,我感觉不太舒服……
BedRoll_DismantleActions[1].StatInterruptions[6].Notification,I'm not feeling well...,我感觉不太舒服……
BedRoll_DismantleActions[1].StatInterruptions[7].Notification,I can't sleep in the middle of a storm!,暴风雨这么大，我睡不着！
CMC_JailRationTray_CardName,Ration Tray,配给托盘
CMC_JailRationTray_CardDescription,"A wooden tray, pushed through the low slot in the door each morning. Whatever it holds today is already sitting on the cell floor.",一个木托盘，每天早晨从门下的窄缝推进来。今天送来的东西已经放在牢房地板上了。
CMC_HomesteadCabinKit_CardName,Cabin Kit,小屋套件
CMC_HomesteadCabinKit_CardDescription,"Your cabin, bundled for travel. Drop it wherever you want to settle, then use Place to raise it on the spot. Can only be placed once.",你的小屋，已经打包好方便携带。放到你想安家的地方，然后使用「放置」就地建起小屋。只能放置一次。
CMC_HomesteadCabinKit_DA_Place,Place,放置
CMC_HomesteadCabinKit_DA_Place_Desc,Raise your cabin on this spot.,在此处建起你的小屋。
CMC_HomesteadRainCisternKit_CardName,Rain Cistern Kit,集雨桶套件
CMC_HomesteadRainCisternKit_CardDescription,"A rain cistern, disassembled and bundled for travel. Drop it wherever you want your water source, then use Place to set it up. Can only be placed once.",一个拆解打包、便于携带的集雨桶。放到你想设置水源的地方，然后使用「放置」进行搭建。只能放置一次。
CMC_HomesteadRainCisternKit_DA_Place,Place,放置
CMC_HomesteadRainCisternKit_DA_Place_Desc,Set up your rain cistern on this spot.,在此处搭建你的集雨桶。
CMC_CopperChestWeaver_CardName,Weaver's Copper Chest,织工的铜制箱子
CMC_CopperChestWeaver_CardDescription,"The Weaver keeps what the dye pots and the loom have earned her in this banded chest, along with a little spare thread. She adds to it most weeks, until it holds about as much as a weaver's chest ever does. Drag a valuable item onto the chest to sell it to her - she can only pay what is actually inside. There is nothing stopping you searching it yourself, either, if you are willing to risk being caught.",织工把染缸和织机为她挣来的钱，连同一些多余的线，都放在这只包铁箱子里。她大多数时候每周都会往里添一些，直到装得像织工的箱子通常那么多为止。把值钱的物品拖到箱子上即可卖给她——她只能用箱子里实际有的钱支付。当然，如果你愿意冒着被抓的风险，也没什么能阻止你自己动手翻找它。
CMC_CopperChestWeaver_CardHelpSection,Copper Chest,铜制箱子
CMC_CopperChestWeaver_CI_Sell,Sell to the Weaver,卖给织工
CMC_CopperChestWeaver_CI_Sell_Desc,"Sell the dragged item to the Weaver. She pays out of the chest's own coin, so she can only buy what she can currently afford - a freshly settled Weaver cannot yet meet the price of anything expensive.",把拖动的物品卖给织工。她用箱子里现有的钱付款，所以只能买她目前买得起的东西——刚安顿下来的织工，暂时还付不起什么贵重的价钱。
CMC_CopperChestWeaver_DA_Search,Search for valuables,搜寻贵重物品
CMC_CopperChestWeaver_DA_Search_Desc,Go through the chest and take whatever is inside. Quick work when nobody is home - rather less so when the Weaver is.,翻找箱子，拿走里面的东西。没人在家时干这事很快——织工在家时可就没那么容易了。
CMC_WeaverChestRestockDay_StatName,Weaver's Chest Last Restock Day,织工箱子上次补货日
CMC_WeaverChestRestockDay_StatDescription,Hidden tracker: the absolute day the Weaver last added to the Copper Chest.,隐藏追踪器：记录织工上次往铜制箱子里补充物品的绝对天数。
CMC_WeaverChestThefts_StatName,Weaver's Chest Undetected Thefts,织工箱子未被发现的盗窃次数
CMC_WeaverChestThefts_StatDescription,Hidden heat counter: undetected robberies of the Weaver's Copper Chest this season.,隐藏警觉计数器：本季度对织工的铜制箱子的未被发现的盗窃次数。
CMC_WeaverChestTheftSeason_StatName,Weaver's Chest Theft Season,织工箱子盗窃季节
CMC_WeaverChestTheftSeason_StatDescription,Hidden tracker: the season the Copper Chest heat counter was last written in.,隐藏追踪器：记录铜制箱子警觉计数器上次写入的季节。
CMC_CopperChestApothecary_CardName,Apothecary's Copper Chest,药剂师的铜制箱子
CMC_CopperChestApothecary_CardDescription,"The Apothecary keeps the coin her salves and teas have earned in this banded chest, along with a few specimens too good to sell across a market stall. She adds to it most weeks, though a herbalist's takings are never large. Drag a valuable item onto the chest to sell it to her - she can only pay what is actually inside. There is nothing stopping you searching it yourself, either, if you are willing to risk being caught.",药剂师把药膏和药茶为她挣来的钱放在这只包铁箱子里，还有一些舍不得摆到集市摊位上卖的标本。她大多数时候每周都会往里添一些，不过草药师的进项向来不多。把值钱的物品拖到箱子上即可卖给她——她只能用箱子里实际有的钱支付。当然，如果你愿意冒着被抓的风险，也没什么能阻止你自己动手翻找它。
CMC_CopperChestApothecary_CardHelpSection,Copper Chest,铜制箱子
CMC_CopperChestApothecary_CI_Sell,Sell to the Apothecary,卖给药剂师
CMC_CopperChestApothecary_CI_Sell_Desc,"Sell the dragged item to the Apothecary. She pays out of the chest's own coin, so she can only buy what she can currently afford - herb money adds up slowly, and hers is the thinner purse.",把拖动的物品卖给药剂师。她用箱子里现有的钱付款，所以只能买她目前买得起的东西——草药生意积攒得慢，她的钱包也是几位卖家里最薄的。
CMC_CopperChestApothecary_DA_Search,Search for valuables,搜寻贵重物品
CMC_CopperChestApothecary_DA_Search_Desc,Go through the chest and take whatever is inside. Quick work when nobody is home - rather less so when the Apothecary is.,翻找箱子，拿走里面的东西。没人在家时干这事很快——药剂师在家时可就没那么容易了。
CMC_ApothecaryChestRestockDay_StatName,Apothecary's Chest Last Restock Day,药剂师箱子上次补货日
CMC_ApothecaryChestRestockDay_StatDescription,Hidden tracker: the absolute day the Apothecary last added to the Copper Chest.,隐藏追踪器：记录药剂师上次往铜制箱子里补充物品的绝对天数。
CMC_ApothecaryChestThefts_StatName,Apothecary's Chest Undetected Thefts,药剂师箱子未被发现的盗窃次数
CMC_ApothecaryChestThefts_StatDescription,Hidden heat counter: undetected robberies of the Apothecary's Copper Chest this season.,隐藏警觉计数器：本季度对药剂师的铜制箱子的未被发现的盗窃次数。
CMC_ApothecaryChestTheftSeason_StatName,Apothecary's Chest Theft Season,药剂师箱子盗窃季节
CMC_ApothecaryChestTheftSeason_StatDescription,Hidden tracker: the season the Copper Chest heat counter was last written in.,隐藏追踪器：记录铜制箱子警觉计数器上次写入的季节。
CMC_CopperChestInnKeeper_CardName,Inn Keeper's Copper Chest,旅店老板的铜制箱子
CMC_CopperChestInnKeeper_CardDescription,"The Inn Keeper's own savings, kept in a banded chest behind the counter - not the Inn's till, which is a separate account entirely. Beds and hot meals bring in more coin than any other trade in the village, and it shows. Drag a valuable item onto the chest to sell it to him - he pays with what is actually inside, and there is usually a good deal inside. There is nothing stopping you searching it yourself, either, if you are willing to risk being caught.",旅店老板自己的积蓄，放在柜台后面的一只包铁箱子里——这不是旅店的钱柜，那是完全独立的账目。床铺和热饭带来的收入比村里任何其他行当都多，箱子里的分量也看得出来。把值钱的物品拖到箱子上即可卖给他——他用箱子里实际有的钱支付，而箱子里通常都相当可观。当然，如果你愿意冒着被抓的风险，也没什么能阻止你自己动手翻找它。
CMC_CopperChestInnKeeper_CardHelpSection,Copper Chest,铜制箱子
CMC_CopperChestInnKeeper_CI_Sell,Sell to the Inn Keeper,卖给旅店老板
CMC_CopperChestInnKeeper_CI_Sell_Desc,"Sell the dragged item to the Inn Keeper. He pays out of the chest's own coin - his personal savings, not the Inn's till - so he can only buy what he can currently afford. He is the richest buyer in the village.",把拖动的物品卖给旅店老板。他用箱子里现有的钱付款——那是他的私人积蓄，不是旅店的钱柜——所以只能买他目前买得起的东西。他是村里最富有的买家。
CMC_CopperChestInnKeeper_DA_Search,Search for valuables,搜寻贵重物品
CMC_CopperChestInnKeeper_DA_Search_Desc,Go through the chest and take whatever is inside. Quick work when nobody is home - rather less so when the Inn Keeper is.,翻找箱子，拿走里面的东西。没人在家时干这事很快——旅店老板在家时可就没那么容易了。
CMC_InnKeeperChestRestockDay_StatName,Inn Keeper's Chest Last Restock Day,旅店老板箱子上次补货日
CMC_InnKeeperChestRestockDay_StatDescription,Hidden tracker: the absolute day the Inn Keeper last added to the Copper Chest.,隐藏追踪器：记录旅店老板上次往铜制箱子里补充物品的绝对天数。
CMC_InnKeeperChestThefts_StatName,Inn Keeper's Chest Undetected Thefts,旅店老板箱子未被发现的盗窃次数
CMC_InnKeeperChestThefts_StatDescription,Hidden heat counter: undetected robberies of the Inn Keeper's Copper Chest this season.,隐藏警觉计数器：本季度对旅店老板的铜制箱子的未被发现的盗窃次数。
CMC_InnKeeperChestTheftSeason_StatName,Inn Keeper's Chest Theft Season,旅店老板箱子盗窃季节
CMC_InnKeeperChestTheftSeason_StatDescription,Hidden tracker: the season the Copper Chest heat counter was last written in.,隐藏追踪器：记录铜制箱子警觉计数器上次写入的季节。
CMC_CopperChestProfessor_CardName,Professor's Copper Chest,教授的铜制箱子
CMC_CopperChestProfessor_CardDescription,"The Professor's own desk strongbox, kept in the Academy - not the tuition account at the lectern, which the Academy keeps its own books on. A scholar's private savings are modest, but the specimens he sets aside in here are not. Drag a valuable item onto the chest to sell it to him - he can only pay what is actually inside. There is nothing stopping you searching it yourself, either, if you are willing to risk being caught.",教授自己的书桌保险箱，放在学院里——这不是讲台上的学费账户，那是学院自行记账的。学者的私人积蓄并不多，但他在这里存放的标本可不少。把值钱的物品拖到箱子上即可卖给他——他只能用箱子里实际有的钱支付。当然，如果你愿意冒着被抓的风险，也没什么能阻止你自己动手翻找它。
CMC_CopperChestProfessor_CardHelpSection,Copper Chest,铜制箱子
CMC_CopperChestProfessor_CI_Sell,Sell to the Professor,卖给教授
CMC_CopperChestProfessor_CI_Sell_Desc,"Sell the dragged item to the Professor. He pays out of the chest's own coin - his own savings, not the Academy's tuition account - so he can only buy what he can currently afford.",把拖动的物品卖给教授。他用箱子里现有的钱付款——那是他自己的积蓄，不是学院的学费账户——所以只能买他目前买得起的东西。
CMC_CopperChestProfessor_DA_Search,Search for valuables,搜寻贵重物品
CMC_CopperChestProfessor_DA_Search_Desc,Go through the chest and take whatever is inside. Quick work when nobody is home - rather less so when the Professor is.,翻找箱子，拿走里面的东西。没人在家时干这事很快——教授在家时可就没那么容易了。
CMC_ProfessorChestRestockDay_StatName,Professor's Chest Last Restock Day,教授箱子上次补货日
CMC_ProfessorChestRestockDay_StatDescription,Hidden tracker: the absolute day the Professor last added to the Copper Chest.,隐藏追踪器：记录教授上次往铜制箱子里补充物品的绝对天数。
CMC_ProfessorChestThefts_StatName,Professor's Chest Undetected Thefts,教授箱子未被发现的盗窃次数
CMC_ProfessorChestThefts_StatDescription,Hidden heat counter: undetected robberies of the Professor's Copper Chest this season.,隐藏警觉计数器：本季度对教授的铜制箱子的未被发现的盗窃次数。
CMC_ProfessorChestTheftSeason_StatName,Professor's Chest Theft Season,教授箱子盗窃季节
CMC_ProfessorChestTheftSeason_StatDescription,Hidden tracker: the season the Copper Chest heat counter was last written in.,隐藏追踪器：记录铜制箱子警觉计数器上次写入的季节。
CMC_SterlingEnc_Hold_Action,"Captain Reeve Sterling moves to block your way, sword still in its scabbard.",里夫·斯特林队长上前拦住你的去路，佩剑仍在鞘中。
CMC_SterlingEnc_Hold_Success,He gets a hand on you and turns you back. He does not draw.,他一把抓住你，将你推了回去。他始终没有拔剑。
CMC_SterlingEnc_Hold_Failure,You slip past his reach before he can close his grip.,你在他收拢手掌之前从他臂展下溜了过去。
CMC_SterlingEnc_Press_Action,"The captain presses forward, open-handed, herding you away from the square.",队长空着双手向前逼近，把你从广场驱赶开去。
CMC_SterlingEnc_Press_Success,He crowds you back a step and holds you there.,他把你逼退一步，并将你稳稳挡在原地。
CMC_SterlingEnc_Press_Failure,You give ground and break the line he was trying to hold.,你后退让步，冲破了他试图守住的防线。
CMC_SterlingEnc_Title,Captain Reeve Sterling stops you.,里夫·斯特林队长拦下了你。
CMC_SterlingEnc_Desc,"He plants himself in your path with one hand raised and the other well clear of his sword. ""Stand down and come with me,"" he says, ""or don't. But think on it first.""",他挡在你面前，一手抬起，另一只手远离剑柄。“放下武器，跟我走，”他说，“或者不跟。但先好好想清楚。”
CMC_SterlingEnc_Escape,Think better of it,再想想，算了
CMC_SterlingEnc_Fight,Attack the captain,攻击队长
CMC_SterlingConv_Title,The Watch has you surrounded.,巡逻队已将你团团围住。
CMC_SterlingConv_Desc,"The captain is not alone this time. The Watch has closed from every side, and there is no gap left to talk your way through. ""No more warnings,"" Sterling says.",这一次队长并非独自前来。巡逻队已从四面合围，再没有留下任何可供你辩解脱身的缝隙。“不会再有警告了。”斯特林说。
CMC_SterlingConv_Fight,Fight your way out,杀出重围
CMC_SterlingArr_Action,Sterling closes the distance and takes hold of you.,斯特林迅速逼近，一把将你擒住。
CMC_SterlingArr_Success,"You are held fast. It is over, and he never drew the blade.",你被牢牢制住。一切都结束了，而他自始至终没有拔剑。
CMC_SterlingArr_Failure,You wrench free for a heartbeat — and his hand closes on you again.,你挣脱了一瞬——随即他的手又一次扣住了你。
CMC_SterlingArr_Result,The captain walks you to the jail without another word. You are not hurt. You are simply no longer free.,队长一言不发地把你押往牢房。你毫发无伤，只是从此不再自由。
CMC_SterlingArr_Title,Captain Sterling is done waiting.,斯特林队长不打算再等下去了。
CMC_SterlingArr_Desc,"""I have given you every chance I have to give,"" the captain says, and this time he does not stop to argue. He takes hold of you and does not let go.",“我能给的机会，都已经给过你了。”队长说道，而这一次他没有停下来争辩。他擒住你，再不松手。
CMC_SterlingArr_Fight,Let him take you,束手就擒
CMC_SterlingEscapeCount_StatName,Chances Given,已给出的机会
CMC_SterlingEscapeCount_StatDescription,Hidden counter: how many times you have backed down from a fight with Captain Sterling.,隐藏计数器：你有多少次在与斯特林队长的冲突面前选择了退让。
