apparel_cloth_scarf_CardName,Cloth Scarf
apparel_cloth_scarf_CardDescription,"A cloth scarf worn around the neck. Offers light protection from wind and cold.

<b>MUST BE EQUIPPED TO WORK</b>"
apparel_foot_wraps_CardName,Foot Wraps
apparel_foot_wraps_CardDescription,"Strips of cloth wound around the feet and ankles. Crude but better than bare feet.

<b>MUST BE EQUIPPED TO WORK</b>"
apparel_hand_wraps_CardName,Hand Wraps
apparel_hand_wraps_CardDescription,"Strips of cloth wrapped around the hands. Offer minimal protection against cuts and cold.

<b>MUST BE EQUIPPED TO WORK</b>"
apparel_chaperon_CardName,Chaperon
apparel_chaperon_CardDescription,"A cloth hood with a short cape that covers the head and shoulders. More coverage than a simple coif.

<b>MUST BE EQUIPPED TO WORK</b>"
apparel_straw_hat_CardName,Straw Hat
apparel_straw_hat_CardDescription,"A wide-brimmed hat woven from dried straw. Good protection from the sun but not built to last.

<b>MUST BE EQUIPPED TO WORK</b>"
apparel_leather_apron_CardName,Leather Apron
apparel_leather_apron_CardDescription,"A tough leather apron worn over the torso. Protects against sparks, cuts, and hard work.

<b>MUST BE EQUIPPED TO WORK</b>"
apparel_leather_sandals_CardName,Leather Sandals
apparel_leather_sandals_CardDescription,"Simple sandals cut from leather and laced with twine. Protect the soles of the feet.

<b>MUST BE EQUIPPED TO WORK</b>"
apparel_cloth_coat_CardName,Cloth Coat
apparel_cloth_coat_CardDescription,"A full-length coat of woven cloth. Lighter than fur but provides decent protection from wind and light rain.

<b>MUST BE EQUIPPED TO WORK</b>"
apparel_cloth_scarf_DA_RipUp,Rip up
apparel_foot_wraps_DA_RipUp,Rip up
apparel_hand_wraps_DA_RipUp,Rip up
apparel_chaperon_DA_RipUp,Rip up
apparel_straw_hat_DA_Dismantle,Dismantle
apparel_leather_apron_DA_Dismantle,Dismantle
apparel_leather_sandals_DA_Dismantle,Dismantle
apparel_cloth_coat_DA_RipUp,Rip up
apparel_bp_cloth_scarf_CardName,Cloth Scarf
apparel_bp_cloth_scarf_CardDescription,A cloth scarf worn around the neck.
apparel_bp_cloth_scarf_UnlockConditionsDesc,Earn the Weaver's trust
apparel_bp_foot_wraps_CardName,Foot Wraps
apparel_bp_foot_wraps_CardDescription,Strips of cloth wound around the feet. Crude improvised footwear.
apparel_bp_foot_wraps_UnlockConditionsDesc,Small Cloth Needed
apparel_bp_hand_wraps_CardName,Hand Wraps
apparel_bp_hand_wraps_CardDescription,Cloth strips wrapped around the hands. Minimal but better than nothing.
apparel_bp_hand_wraps_UnlockConditionsDesc,Small Cloth Needed
apparel_bp_chaperon_CardName,Chaperon
apparel_bp_chaperon_CardDescription,A cloth hood with a short cape covering the head and shoulders.
apparel_bp_chaperon_UnlockConditionsDesc,"Show the Weaver a scarf you've sewn, and earn her trust"
apparel_bp_straw_hat_CardName,Straw Hat
apparel_bp_straw_hat_CardDescription,A wide-brimmed hat woven from dried straw.
apparel_bp_straw_hat_UnlockConditionsDesc,Straw needed
apparel_bp_leather_apron_CardName,Leather Apron
apparel_bp_leather_apron_CardDescription,A tough leather apron worn over the torso.
apparel_bp_leather_apron_UnlockConditionsDesc,Bring the Weaver a large piece of leather
apparel_bp_leather_sandals_CardName,Leather Sandals
apparel_bp_leather_sandals_CardDescription,Simple sandals cut from leather and laced with twine.
apparel_bp_leather_sandals_UnlockConditionsDesc,Bring the Weaver a small piece of leather
apparel_bp_cloth_coat_CardName,Cloth Coat
apparel_bp_cloth_coat_CardDescription,A full-length woven cloth coat.
apparel_bp_cloth_coat_UnlockConditionsDesc,Bring the Weaver a large cloth
Combat_And_Armor_StoneMace_CardName,Stone Mace
Combat_And_Armor_StoneMace_CardDescription,A stone-headed mace lashed to a stick. Deals heavy blunt damage.
Combat_And_Armor_StoneMace_Dismantle_ActionName,Dismantle
Combat_And_Armor_StoneMace_Dismantle_ActionDescription,Break apart the mace to recover materials.
Combat_And_Armor_QuiltedVest_CardName,Quilted Vest
Combat_And_Armor_QuiltedVest_CardDescription,A padded cloth vest offering basic torso protection against cuts and blows.
Combat_And_Armor_QuiltedVest_Dismantle_ActionName,Dismantle
Combat_And_Armor_QuiltedVest_Dismantle_ActionDescription,Take apart the vest to recover cloth and twine.
Combat_And_Armor_QuiltedCap_CardName,Quilted Cap
Combat_And_Armor_QuiltedCap_CardDescription,A thick padded cap offering basic head protection.
Combat_And_Armor_QuiltedCap_Dismantle_ActionName,Dismantle
Combat_And_Armor_QuiltedCap_Dismantle_ActionDescription,Take apart the cap to recover cloth and twine.
Combat_And_Armor_BoneLamellar_CardName,Bone Lamellar Armor
Combat_And_Armor_BoneLamellar_CardDescription,Overlapping bone plates laced together with sinew over leather backing. Strong torso protection.
Combat_And_Armor_BoneLamellar_Dismantle_ActionName,Dismantle
Combat_And_Armor_BoneLamellar_Dismantle_ActionDescription,"Break apart the armor to recover bone, leather, and sinew."
Combat_And_Armor_Bp_StoneMace_CardName,Stone Mace
Combat_And_Armor_Bp_StoneMace_CardDescription,Craft a stone-headed mace.
Combat_And_Armor_Bp_StoneMace_UnlockConditionsDesc,The village armory opens (Reputation 50)
Combat_And_Armor_Bp_QuiltedVest_CardName,Quilted Vest
Combat_And_Armor_Bp_QuiltedVest_CardDescription,Sew a padded cloth vest for torso protection.
Combat_And_Armor_Bp_QuiltedVest_UnlockConditionsDesc,The Weaver and Professor's winter fieldwork
Combat_And_Armor_Bp_QuiltedCap_CardName,Quilted Cap
Combat_And_Armor_Bp_QuiltedCap_CardDescription,Sew a padded cloth cap for head protection.
Combat_And_Armor_Bp_QuiltedCap_UnlockConditionsDesc,Complete the Professor's first specimen commission
Combat_And_Armor_Bp_BoneLamellar_CardName,Bone Lamellar Armor
Combat_And_Armor_Bp_BoneLamellar_CardDescription,Assemble overlapping bone plates into torso armor.
Combat_And_Armor_Bp_BoneLamellar_UnlockConditionsDesc,Bring the Professor bones or antler for his reconstruction
CharacterTraits_Perk_Angler_PerkName,Angler
CharacterTraits_Perk_Angler_PerkDescription,"You've spent years by the water. Start with a fishing rod, line, and bait. Your patience gives you a constant fishing advantage."
CharacterTraits_Perk_GreenThumb_PerkName,Green Thumb
CharacterTraits_Perk_GreenThumb_PerkDescription,"Plants thrive under your care. Start with Turnroot seeds, Meadowgrass seeds, and a Flint Hoe. Your attentiveness gives you a constant foraging advantage."
CharacterTraits_Perk_StrongKidneys_PerkName,Strong Kidneys
CharacterTraits_Perk_StrongKidneys_PerkDescription,"Your body retains water efficiently. You become thirsty significantly more slowly than normal, requiring less frequent drinks to stay hydrated."
CharacterTraits_Perk_NaturalTrader_PerkName,Natural Trader
CharacterTraits_Perk_NaturalTrader_PerkDescription,"You have a knack for dealing with people. Start with a significantly advanced Social skill, making trader interactions and NPC negotiations more favourable from the outset."
CharacterTraits_Perk_Swimmer_PerkName,Swimmer
CharacterTraits_Perk_Swimmer_PerkDescription,You are at home in the water. Start with a head start in the Swimming skill and a constant swimming aid that reduces the stamina cost of crossing water.
CharacterTraits_Perk_Trapper_PerkName,Trapper
CharacterTraits_Perk_Trapper_PerkDescription,"You know how to set a trap and read the land. Start with a Snare Trap, Log Trap, Flint Knife, and Rustic Spear, plus a head start in the Trapping skill."
Pottery_Sculpture_Pigment_CardName,Pigment
Pottery_Sculpture_Pigment_CardDescription,A fine colored powder made by grinding charcoal. Used to paint and decorate pottery.
Pottery_Sculpture_PaintedBowl_CardName,Painted Clay Bowl
Pottery_Sculpture_PaintedBowl_CardDescription,A clay bowl decorated with hand-painted designs. Beautiful and functional.
Pottery_Sculpture_PaintedBowl_UsageDurability,Durability
Pottery_Sculpture_PaintedBowl_Broken,The painted bowl has shattered.
Pottery_Sculpture_PaintedVase_CardName,Painted Clay Vase
Pottery_Sculpture_PaintedVase_CardDescription,An ornamental vase adorned with painted patterns. A fine display piece with increased trade value.
Pottery_Sculpture_PaintedVase_UsageDurability,Durability
Pottery_Sculpture_PaintedVase_Broken,The painted vase has shattered.
Pottery_Sculpture_FigurineDragon_CardName,Dragon Figurine
Pottery_Sculpture_FigurineDragon_CardDescription,A small clay figurine sculpted into the shape of a dragon. Intricately detailed and valuable for trade.
Pottery_Sculpture_FigurineDragon_UsageDurability,Durability
Pottery_Sculpture_FigurineDragon_Broken,The dragon figurine has crumbled.
Pottery_Sculpture_FigurineBear_CardName,Bear Figurine
Pottery_Sculpture_FigurineBear_CardDescription,A small clay figurine shaped like a bear. A charming decoration and a fine trade good.
Pottery_Sculpture_FigurineBear_UsageDurability,Durability
Pottery_Sculpture_FigurineBear_Broken,The bear figurine has crumbled.
Pottery_Sculpture_Bp_Pigment_CardName,Pigment
Pottery_Sculpture_Bp_Pigment_CardDescription,Grind charcoal into a fine pigment powder using a hand stone.
Pottery_Sculpture_Bp_Pigment_UnlockConditionsDesc,Charcoal Needed
Pottery_Sculpture_Bp_PaintedBowl_CardName,Painted Clay Bowl
Pottery_Sculpture_Bp_PaintedBowl_CardDescription,Paint decorative designs onto a clay bowl using pigment.
Pottery_Sculpture_Bp_PaintedBowl_UnlockConditionsDesc,Bring the Inn Keeper a hot cooked stew
Pottery_Sculpture_Bp_PaintedVase_CardName,Painted Clay Vase
Pottery_Sculpture_Bp_PaintedVase_CardDescription,Adorn a clay vase with painted patterns using pigment.
Pottery_Sculpture_Bp_PaintedVase_UnlockConditionsDesc,Bring the Inn Keeper a wine or second brew for the top shelf
Pottery_Sculpture_Bp_FigurineDragon_CardName,Dragon Figurine
Pottery_Sculpture_Bp_FigurineDragon_CardDescription,Sculpt a small dragon from clay using a knife.
Pottery_Sculpture_Bp_FigurineDragon_UnlockConditionsDesc,Bring the Professor metal nuggets for his dragon cast
Pottery_Sculpture_Bp_FigurineBear_CardName,Bear Figurine
Pottery_Sculpture_Bp_FigurineBear_CardDescription,Sculpt a small bear from clay using a knife.
Pottery_Sculpture_Bp_FigurineBear_UnlockConditionsDesc,Clay Needed
Pottery_Sculpture_ClayBeads_CardName,Clay Beads
Pottery_Sculpture_ClayBeads_CardDescription,A string of small handcrafted clay beads strung on twine. Worn as a necklace or traded as decorative goods.
Pottery_Sculpture_ClayBeads_UsageDurability,Durability
Pottery_Sculpture_ClayBeads_Broken,The beads have broken apart.
Pottery_Sculpture_Bp_ClayBeads_CardName,Clay Beads
Pottery_Sculpture_Bp_ClayBeads_CardDescription,Shape small beads from clay and string them on twine.
Pottery_Sculpture_Bp_ClayBeads_UnlockConditionsDesc,Earn the village's reputation
Combat_And_Armor_StoneMace_UsageDurability.CardStatName,Durability
Combat_And_Armor_QuiltedVest_UsageDurability.CardStatName,Durability
Combat_And_Armor_QuiltedCap_UsageDurability.CardStatName,Durability
Combat_And_Armor_BoneLamellar_UsageDurability.CardStatName,Durability

Combat_And_Armor_WoodenShield_CardName,Wooden Shield
Combat_And_Armor_WoodenShield_CardDescription,"Planks lashed together with leather straps and twine. A crude but effective shield worn on the forearm.

<b>MUST BE EQUIPPED TO WORK</b>"
Combat_And_Armor_WoodenShield_UsageDurability.CardStatName,Durability
Combat_And_Armor_WoodenShield_Dismantle_ActionName,Dismantle
Combat_And_Armor_WoodenShield_Dismantle_ActionDescription,Break apart the shield to recover planks and bindings.
Comfort_HeatherWreath_CardName,Heather Wreath
Comfort_HeatherWreath_CardDescription,A wreath woven from fresh heather blossoms. The gentle fragrance and soft colours lift the spirit while it lasts.
Comfort_HeatherWreath_Wilted,The heather wreath has wilted and crumbled.
Comfort_WindChimes_CardName,Wind Chimes
Comfort_WindChimes_CardDescription,Bone fragments strung on twine. Their gentle clatter in the breeze brings a sense of calm and home.
Comfort_WindChimes_UsageDurability,Durability
Comfort_WindChimes_Broken,The wind chimes have broken apart.
Comfort_WindChimes_DA_Dismantle,Dismantle
Comfort_Bedroll_CardName,Bedroll
Comfort_Bedroll_CardDescription,A rolled mat of cloth stuffed with straw. Provides a modest sleeping surface and improves rest quality when present in your camp.
Comfort_Bedroll_UsageDurability,Durability
Comfort_Bedroll_WornOut,The bedroll has worn through and fallen apart.
Comfort_Bedroll_DA_Dismantle,Dismantle
CeramicLamp_CardName,Ceramic Lamp
CeramicLamp_CardDescription,A small open clay lamp with a wick channel. Burns fat for steady light. Fill with fat then light from a fire source.
CeramicLamp_FuelCapacity_CardStatName,Fat
CeramicLamp_Refuel_ActionName,Refuel with Fat
CeramicLamp_Refuel_ActionDescription,Add fat to the lamp's reservoir.
CeramicLamp_Light_ActionName,Light Lamp
CeramicLamp_Light_ActionDescription,Light the lamp from a fire source.
CeramicLamp_NeedsFuel,The lamp needs fat first.
CeramicLampLit_CardName,Lit Ceramic Lamp
CeramicLampLit_CardDescription,A small clay lamp burning fat for light. Consumes fuel slowly. Extinguish to refuel.
CeramicLampLit_FuelCapacity_CardStatName,Fat
CeramicLampLit_FuelOut_ActionName,Lamp Burns Out
CeramicLampLit_FuelOut_ActionDescription,The lamp runs out of fat.
CeramicLampLit_Extinguish_ActionName,Extinguish
CeramicLampLit_Extinguish_ActionDescription,Put out the lamp.
Combat_And_Armor_Bp_WoodenShield_CardName,Wooden Shield
Combat_And_Armor_Bp_WoodenShield_CardDescription,Lash planks together with leather and twine to form a sturdy shield.
Combat_And_Armor_Bp_WoodenShield_UnlockConditionsDesc,Resolve Ash's boar hunt
Comfort_Bp_HeatherWreath_CardName,Heather Wreath
Comfort_Bp_HeatherWreath_CardDescription,Weave fresh heather blossoms and twine into a fragrant wreath.
Comfort_Bp_HeatherWreath_UnlockConditionsDesc,Heather Flowers Needed
Comfort_Bp_WindChimes_CardName,Wind Chimes
Comfort_Bp_WindChimes_CardDescription,String bone fragments on twine to make soothing wind chimes.
Comfort_Bp_WindChimes_UnlockConditionsDesc,Hear one of the Inn Keeper's fireside stories through to the end
Comfort_Bp_Bedroll_CardName,Bedroll
Comfort_Bp_Bedroll_CardDescription,Sew cloth panels and stuff with rye straw for a portable sleeping mat.
Comfort_Bp_Bedroll_UnlockConditionsDesc,Large Cloth Needed
CeramicLamp_Bp_CardName,Ceramic Lamp
CeramicLamp_Bp_CardDescription,Shape clay into a shallow oil lamp with a wick channel.
CeramicLamp_Bp_UnlockConditionsDesc,Clay Needed
CharacterTraits_Perk_Insomniac_PerkName,Insomniac
CharacterTraits_Perk_Insomniac_PerkDescription,You struggle to get a full night's rest. Your sleep clock drains faster making it harder to stay rested.
CharacterTraits_Perk_Sinker_PerkName,Sinker
CharacterTraits_Perk_Sinker_PerkDescription,You are dense in the water. Your stamina drains faster making physical exertion more costly.
CharacterTraits_Perk_WeakStomach_PerkName,Weak Stomach
CharacterTraits_Perk_WeakStomach_PerkDescription,Your stomach is easily upset. Nausea takes longer to recover from lingering well after the cause is gone.
CharacterTraits_Perk_BlackThumb_PerkName,Black Thumb
CharacterTraits_Perk_BlackThumb_PerkDescription,"Plants wither under your care. Your foraging aids fade faster than they build, making gathering food from the land less reliable."
CharacterTraits_Perk_BadKidneys_PerkName,Bad Kidneys
CharacterTraits_Perk_BadKidneys_PerkDescription,"Your body sheds water quickly. You become thirsty noticeably faster than normal, requiring more frequent drinks to stay hydrated."
Comfort_Bedroll_Placed_CardName,Bedroll
Comfort_Bedroll_Placed_CardDescription,"A sleeping mat laid out on the ground. Provides insulation while resting on it. Needs occasional maintenance or it will fall apart.

Roll it back up to carry it with you."
Comfort_Bedroll_Placed_DA_Nap,Nap
Comfort_Bedroll_Placed_DA_Sleep,Sleep
Comfort_Bedroll_Placed_DA_Dismantle,Roll Up
Comfort_Bp_Bedroll_Place_CardName,Place Bedroll
Comfort_Bp_Bedroll_Place_CardDescription,Unroll a bedroll on the ground as a sleeping surface.
Comfort_Bp_Bedroll_Place_UnlockConditionsDesc,Bedroll Needed
Comfort_DownMattress_CardName,Down Mattress
Comfort_DownMattress_CardDescription,"A thick mattress of heavy cloth panels stuffed full of down feathers, bound tight with fiber and twine. Far softer than any bedroll."
Comfort_DownMattress_UsageDurability,Durability
Comfort_DownMattress_WornOut,The mattress has worn through and the down has scattered.
Comfort_DownMattress_DA_Dismantle,Dismantle
Comfort_Bp_DownMattress_CardName,Down Mattress
Comfort_Bp_DownMattress_CardDescription,"Sew heavy cloth panels and stuff them with down feathers, bound tight with fiber and twine, for a plush sleeping surface."
Comfort_Bp_DownMattress_UnlockConditionsDesc,Large Cloth Needed
Comfort_CopperBedFrame_CardName,Copper Bed Frame
Comfort_CopperBedFrame_CardDescription,A sturdy wooden bed frame reinforced with hammered copper joints. Needs a mattress before it's worth sleeping on.
Comfort_CopperBedFrame_DA_Dismantle,Dismantle
Comfort_Bp_CopperBedFrame_CardName,Copper Bed Frame
Comfort_Bp_CopperBedFrame_CardDescription,Build a bed frame from wood planks braced with hammered copper sheet joints. Requires the Copper Sheet blueprint (Advanced Copper Tools).
Comfort_Bp_CopperBedFrame_UnlockConditionsDesc,Earn the Inn Keeper's friendship (30) and a Copper Sheet (Advanced Copper Tools)
Comfort_ComfortableBed_Placed_CardName,Comfortable Bed
Comfort_ComfortableBed_Placed_CardDescription,A proper bed: a down-stuffed mattress mounted on a copper-braced wooden frame. The best night's sleep you can build in the wild.
Comfort_ComfortableBed_Placed_CardHelpSection,"<b>Usage:</b> Nap or Sleep on it for the best rest available, and its warmth passively lifts perceived temperature while you're in this environment.

<b>Take Apart:</b> Splits the bed back into its Down Mattress and Copper Bed Frame so you can move it to a new camp."
Comfort_ComfortableBed_Placed_DA_Nap,Nap
Comfort_ComfortableBed_Placed_DA_Sleep,Sleep
Comfort_ComfortableBed_Placed_DA_TakeApart,Take Apart
Comfort_Bp_ComfortableBed_CardName,Comfortable Bed
Comfort_Bp_ComfortableBed_CardDescription,Mount a down-stuffed mattress onto a copper-braced bed frame. The most comfortable sleeping surface you can build.
Comfort_Bp_ComfortableBed_UnlockConditionsDesc,Earn the Inn Keeper's friendship (15)
CMC_VillagePath_CardName,Village Path
CMC_Env_VillagePath_CardName,Village Path
CMC_VillagePath_CardDescription,A tangled thicket of oak trees marked by winding paths and dense undergrowth.
CMC_VillagePath_CardHelpSection,"<b>Oak Thicket:</b>

<b>Flora:</b> Oaks, Healer's Moss, Fireroot, Springberries (spring), Acorns (autumn), Forest Caps.

<b>Fauna:</b> Squirrels, Partridges, Foxes."
CMC_VillageFarm_CardName,Village Farm
CMC_Env_VillageFarm_CardName,Village Farm
CMC_VillageFarm_CardDescription,"An expansive cleared field ideal for cultivation, with mixed pine and open grassland."
CMC_VillageFarm_CardHelpSection,"<b>Pine Clearing, Cultivated:</b>

<b>Conditions:</b> Acidic soil.

<b>Flora:</b> Pines, birch, appleweed, healer's moss, fireroot, and meadowgrass border the tilled ground. The farm rotates seasonal fields (flax in spring, turnroot in summer, rye in autumn), and wild garlic grows wild along the margins.

<b>Fauna:</b> Quiet. The worked soil draws little wildlife beyond the odd forager's basket."
CMC_Village_CardName,Village
CMC_Env_Village_CardName,Village
CMC_Village_CardDescription,"A settled oak clearing transformed into a thriving village, its stone and timber structures forming the heart of the settlement."
CMC_Village_CardHelpSection,"<b>Oak Clearing, Settled:</b>

<b>Flora:</b> Oaks and birch still ring the square, with appleweed, fireroot, and turnroot holding on at the clearing's edge, though most of the original ground has given way to the Inn, Academy, Market Stall, and cottages.

<b>Fauna:</b> Squirrels, foxes, and does still pass along the treeline at dusk, kept well clear of the buildings by the daily bustle."
CMC_ForagingForest_CardName,Foraging Forest
CMC_Env_ForagingForest_CardName,Foraging Forest
CMC_ForagingForest_CardDescription,"A dense pine forest with abundant undergrowth of ferns, mushrooms, and wild plants surrounding a still pond."
CMC_ForagingForest_CardHelpSection,"<b>Pine Grove, Pond:</b>

<b>Conditions:</b> Acidic soil.

<b>Flora:</b> Pines, Healer's Moss, Fireroot, Bilberries (summer), and Pine Nuts (autumn) ring a still pond. This is the richest foraging ground in the valley: bracket fungus, forest caps, spirit mushrooms, fairyweed, wolfsbane, and wild garlic turn up regularly, with the occasional acorn cache or bird nest.

<b>Fauna:</b> Partridges, Foxes, Does, Stags, and Wolves range through the trees, with frogs at the pond's edge. A stray cat is sometimes seen prowling here around dusk."
CMC_HuntersCrossing_CardName,Hunter's Crossing
CMC_Env_HuntersCrossing_CardName,Hunter's Crossing
CMC_HuntersCrossing_CardDescription,"A natural crossroads in the forest where game trails converge, marked by badger sett-diggings along the banks."
CMC_HuntersCrossing_CardHelpSection,"<b>Pine Clearing:</b>

<b>Conditions:</b> Acidic soil.

<b>Flora:</b> Pines, Birch, Appleweed, Healer's Moss, Fireroot, Pine Nuts (autumn), Fly Agaric, Meadowgrass.

<b>Fauna:</b> Squirrels are the more common sight along this trail; badger setts dug into the banks nearby mark the den the diggers keep to by day."
CMC_DeerMeadow_CardName,Stillwater Meadow
CMC_Env_DeerMeadow_CardName,Stillwater Meadow
CMC_DeerMeadow_CardDescription,"A pine grove meadow centered on a still pond, where deer come to drink and graze."
CMC_DeerMeadow_CardHelpSection,"<b>Pine Grove, Pond:</b>

<b>Conditions:</b> Acidic soil.

<b>Flora:</b> Pines, Healer's Moss, Fireroot, Bilberries (summer), Pine Nuts (autumn), around a still pond.

<b>Fauna:</b> Partridges, Foxes, Does, Stags, and Wolves; the deer that give this meadow its name are a common sight grazing near the water."
CMC_BadgerWarren_CardName,Sett Warren
CMC_Env_BadgerWarren_CardName,Sett Warren
CMC_BadgerWarren_CardDescription,A pine-covered hillside pockmarked with sett-diggings and burrow entrances.
CMC_BadgerWarren_CardHelpSection,"<b>Pine Clearing:</b>

<b>Conditions:</b> Acidic soil.

<b>Flora:</b> Pines, Birch, Appleweed, Healer's Moss, Fireroot, Pine Nuts (autumn), Fly Agaric, Meadowgrass.

<b>Fauna:</b> Sett-diggings and burrows pockmark the hillside; the badger colony the warren is named for keeps mostly out of sight by day."
CharacterTraits_Perk_VillagePath_PerkName,Village Pathfinder
CharacterTraits_Perk_VillagePath_PerkDescription,"You know of an old path across the river, east of the River Clearing, and the bridge is already standing. The Village Path is yours from day one, no construction required."
CharacterTraits_Perk_VillageInn_PerkName,Village Inn
CharacterTraits_Perk_VillageInn_PerkDescription,"The innkeeper across the river already counts you among friends. You start with a head start on his friendship, and he skips the formal introductions: the village's construction projects, trade, and Academy study are open to you from your first day."
CharacterTraits_Perk_VillageFounder_PerkName,Village Founder
CharacterTraits_Perk_VillageFounder_PerkDescription,"You've been here before — long before today. The Miller's Cottage, the Weaver's Cottage, the Village Hall, and the Apothecary's Cabin are already standing, their residents already moved in, and the Inn Keeper, Professor, Miller, Weaver, and Apothecary all treat you like an old friend. All four of their first errands are already settled."
CharacterTraits_Perk_Graduate_PerkName,Graduate
CharacterTraits_Perk_Graduate_PerkDescription,"You already hold a full Academy education. Architecture, Metallurgy, Herbalism, Fishing, Armorer, and Medicine are all complete — you carry every discipline's graduate perk and their blueprint rewards from the start, without ever setting foot in the Lecture Hall."
Combat_And_Armor_StoneMace_OnZero,Stone Mace Broken!
Combat_And_Armor_WoodenShield_OnZero,Shield Destroyed!
Combat_And_Armor_QuiltedVest_OnZero,Vest Destroyed!
Combat_And_Armor_BoneLamellar_OnZero,Armor Destroyed!
Combat_And_Armor_QuiltedCap_OnZero,Cap Destroyed!

CMC_IronFishingRodFittings_CardName,Iron Fishing Rod Fittings
CMC_IronFishingRodFittings_CardDescription,Iron hook eyelet and reel fittings for a superior fishing rod. Combine with a long stick and fishing line to complete the rod.
Bp_CMC_IronFishingRodFittings_CardName,Iron Fishing Rod Fittings
Bp_CMC_IronFishingRodFittings_CardDescription,Forge iron fittings for a superior fishing rod. Requires a heated iron nugget and a forge hammer.
Bp_CMC_IronFishingRodFittings_UnlockConditionsDesc,Iron Nugget and Forge Hammer Needed
CMC_IronFishingRod_CardName,Iron Fishing Rod
CMC_IronFishingRod_CardDescription,A well-crafted rod with iron fittings a long stick and rustic line. Provides a fishing advantage and aids stamina recovery while carried.
CMC_IronFishingRod_UsageDurability,Durability
CMC_IronFishingRod_OnZero,Rod Broken!
CMC_IronFishingRod_Dismantle_ActionName,Dismantle
CMC_IronFishingRod_Dismantle_ActionDescription,"Take the rod apart to recover the iron fittings, long stick, and fishing line."
CMC_IronFishingRod_Fish_ActionName,Cast Line
CMC_IronFishingRod_Fish_ActionDescription,Cast your iron-fitted line into the water and wait for a bite.
Bp_CMC_IronFishingRod_CardName,Iron Fishing Rod
Bp_CMC_IronFishingRod_CardDescription,Assemble a superior fishing rod from iron fittings a long stick and a rustic fishing line. Provides a fishing advantage and aids stamina recovery while carried.
Bp_CMC_IronFishingRod_UnlockConditionsDesc,Iron Fishing Rod Fittings Needed

CMC_OldGrowthBark_CardName,Old Growth Bark
CMC_OldGrowthBark_CardDescription,"Thick bark peeled from the ancient oaks of the Foraging Forest. Rich with aromatic tannins, ground together with wild garlic into a soothing herb paste."
CMC_GardenTrellis_Placed_CardName,Garden Trellis
CMC_GardenTrellis_Placed_CardDescription,A wooden trellis erected in the garden. Its orderly frame lifts the spirit and makes the space feel tended and alive.
CMC_GardenTrellis_Placed_DA_Dismantle,Dismantle
CMC_GardenTrellis_Placed_Weathered,The garden trellis has rotted away.
Bp_CMC_GardenTrellis_CardName,Garden Trellis
Bp_CMC_GardenTrellis_CardDescription,Lash long sticks together with rope into a climbing-plant frame.

Pottery_Sculpture_FigurineCastle_CardName,Castle Figurine
Pottery_Sculpture_FigurineCastle_CardDescription,A small clay figurine shaped like a miniature tower with crenellations. Intricate work prized by traders and collectors.
Pottery_Sculpture_FigurineCastle_UsageDurability,Durability
Pottery_Sculpture_FigurineCastle_Broken,The castle figurine has crumbled.
Pottery_Sculpture_Bp_FigurineCastle_CardName,Castle Figurine
Pottery_Sculpture_Bp_FigurineCastle_CardDescription,Sculpt a miniature castle tower from clay using a knife. A more intricate piece than the other figurines.
Pottery_Sculpture_Bp_FigurineCastle_UnlockConditionsDesc,Bring the Professor clay for his ruined castle

Pottery_Sculpture_StoneTiles_CardName,Stone Tiles
Pottery_Sculpture_StoneTiles_CardDescription,"Flat stone pieces chipped and shaped smooth, a mark of skilled craftsmanship. Can be laid as a tiled floor in cabins and mud huts, or sold as a modest trade good."
Pottery_Sculpture_Bp_StoneTiles_CardName,Stone Tiles
Pottery_Sculpture_Bp_StoneTiles_CardDescription,"Chip a stone flat and square. Produces several polished tiles that can be laid as flooring in cabins and mud huts, or sold in trade."
Pottery_Sculpture_Bp_StoneTiles_UnlockConditionsDesc,Stone Needed

Pottery_Sculpture_HerbPaste_CardName,Herb Paste
Pottery_Sculpture_HerbPaste_CardDescription,"A thick paste ground from wild garlic and old growth bark in a stone mortar. Has a sharp, bitter flavor but eases the body and lifts the spirits."
Pottery_Sculpture_HerbPaste_Spoiled,The herb paste has gone rancid.
Pottery_Sculpture_HerbPaste_DA_Eat,Eat
Pottery_Sculpture_Bp_HerbPaste_CardName,Herb Paste
Pottery_Sculpture_Bp_HerbPaste_CardDescription,Grind wild garlic and old growth bark together using a stone or hammer. The resulting paste provides nourishment and comfort.
Pottery_Sculpture_Bp_HerbPaste_UnlockConditionsDesc,Help the Apothecary forage three fresh herbs

Comfort_WovenWallHanging_CardName,Woven Wall Hanging
Comfort_WovenWallHanging_CardDescription,A panel of dried rye straw woven into a decorative hanging and dyed with natural pigment. Warm earthy tones make any space feel more like home.
Comfort_WovenWallHanging_Weathered,The wall hanging has dried out and crumbled away.
Comfort_WovenWallHanging_Bp_CardName,Woven Wall Hanging
Comfort_WovenWallHanging_Bp_CardDescription,Weave dried rye straw into a decorative panel and dye it with natural pigment.
Comfort_TricolorWallHanging_CardName,Tricolor Wall Hanging
Comfort_TricolorWallHanging_CardDescription,A panel of woven reeds dyed in three natural pigment colors. The bold banded patterns fill a shelter with warmth and life.
Comfort_TricolorWallHanging_Weathered,The wall hanging has dried out and crumbled away.
Comfort_TricolorWallHanging_Bp_CardName,Tricolor Wall Hanging
Comfort_TricolorWallHanging_Bp_CardDescription,Weave dried reeds into a decorative panel and dye sections with three different natural pigments.
IncenseBurner_CardName,Incense Burner
IncenseBurner_CardDescription,"A small clay vessel shaped to hold smoldering dried grass. Fill with rye straw and light from a fire to release a calming, grassy fragrance."
IncenseBurner_FuelCapacity_CardStatName,Straw
IncenseBurner_Refuel_ActionName,Fill with Straw
IncenseBurner_Refuel_ActionDescription,Pack dried rye straw into the burner vessel.
IncenseBurner_Light_ActionName,Light Incense
IncenseBurner_Light_ActionDescription,Touch a flame to the straw to start it smoldering.
IncenseBurner_NeedsFuel,The burner needs straw first.
IncenseBurner_Bp_CardName,Incense Burner
IncenseBurner_Bp_CardDescription,Shape clay into a small open-topped vessel for burning dried grass.
IncenseBurner_Bp_UnlockConditionsDesc,The Apothecary and Inn Keeper's morning-after remedy
IncenseBurnerLit_CardName,Lit Incense Burner
IncenseBurnerLit_CardDescription,"Smoldering dried grass fills the air with a warm, grassy fragrance. Settle nearby and let the spirit ease."
IncenseBurnerLit_FuelCapacity_CardStatName,Straw
IncenseBurnerLit_FuelOut_ActionName,Incense Burns Out
IncenseBurnerLit_FuelOut_ActionDescription,The straw has finished burning.
IncenseBurnerLit_Extinguish_ActionName,Extinguish
IncenseBurnerLit_Extinguish_ActionDescription,Snuff out the smoldering straw.
Comfort_StrawMat_Placed_CardName,Straw Mat
Comfort_StrawMat_Placed_CardDescription,"A woven mat of rye straw laid flat on the ground. Simple underfoot comfort, far better than bare earth."
Comfort_StrawMat_Placed_Weathered,The straw mat has rotted away.
Comfort_StrawMat_Placed_DA_RollUp,Roll Up
Comfort_StrawMat_Placed_DA_RollUp_Description,Roll up the mat and recover some straw.
Comfort_StrawMat_Bp_CardName,Straw Mat
Comfort_StrawMat_Bp_CardDescription,Weave rye straw into a flat floor mat bound with twine.
Pottery_PaintedPlate_CardName,Painted Clay Plate
Pottery_PaintedPlate_CardDescription,"A flat clay plate decorated with careful brushwork and natural pigment. Serves food in style, or displays well on a shelf."
Pottery_PaintedPlate_Bp_CardName,Painted Clay Plate
Pottery_PaintedPlate_Bp_CardDescription,Paint decorative designs onto a clay plate using pigment.
Pottery_PaintedPlate_Bp_UnlockConditionsDesc,The Miller and Inn Keeper's baking day
Pottery_PaintedCup_CardName,Painted Clay Cup
Pottery_PaintedCup_CardDescription,"A small painted clay cup decorated with natural pigment. Holds a small measure of water, tea, or broth, and looks far better than a plain bowl."
Pottery_PaintedCup_Bp_CardName,Painted Clay Cup
Pottery_PaintedCup_Bp_CardDescription,Paint designs on a small clay bowl to create a decorative drinking cup.
Pottery_PaintedCup_Bp_UnlockConditionsDesc,Bring the Inn Keeper a beer or ale for brew night
Pottery_PaintedCup_UsageDurability,Durability
Pottery_PaintedCup_Broken,The painted cup has shattered.
Pottery_PaintedPlate_UsageDurability,Durability
Pottery_PaintedPlate_Broken,The painted plate has shattered.
CMC_FishingNet_CardName,Fishing Net
CMC_FishingNet_CardDescription,A hand-thrown casting net knotted from twine and stretched on sticks. Heave it into the water to catch several fish at once. Wears out after repeated use.
CMC_FishingNet_UsageDurability_CardStatName,Casts
CMC_FishingNet_WornOut,The fishing net has worn through and can no longer be cast.
CMC_FishingNet_DA_CastNet,Cast Net
CMC_FishingNet_DA_CastNet_Description,Throw the net into the water and haul it back with fish.
CMC_FishingNet_Bp_CardName,Fishing Net
CMC_FishingNet_Bp_CardDescription,Knot twine into a wide casting net stretched across long sticks.
CMC_FishingNet_Bp_UnlockConditionsDesc,Twine Needed
CharacterTraits_Perk_PastLifeMemories_PerkName,Past Life Memories
CharacterTraits_Perk_PastLifeMemories_PerkDescription,"You retain skills from another life. Deep knowledge in crafting, cooking, herbalism, woodworking, and knapping comes to you with surprising ease."
CharacterTraits_Perk_Prospector_PerkName,Prospector
CharacterTraits_Perk_Prospector_PerkDescription,"You have a trained eye for stone and ore. Start with a head start in Knapping and Metalworking, plus a selection of useful stones to get you started."
CharacterTraits_Perk_MineralRich_PerkName,Mineral Rich
CharacterTraits_Perk_MineralRich_PerkDescription,"You come from a land blessed with abundant stone. Start with a collection of flint, greenstone, and a whetstone ready to work with."
CharacterTraits_Perk_PeacefulFarmer_PerkName,Peaceful Farmer
CharacterTraits_Perk_PeacefulFarmer_PerkDescription,"You spent your years tending crops and cooking simple meals. Start with a head start in Cooking, an enhanced foraging bonus, seeds to plant, a flint hoe, and a bowl to carry your harvest."
CharacterTraits_Perk_AbundantGrowth_PerkName,Abundant Growth
CharacterTraits_Perk_AbundantGrowth_PerkDescription,"The land seems to respond to your presence. Your foraging aid builds at double its normal rate, and you start with a selection of seeds and forageable plants."
CharacterTraits_Perk_Trollblood_PerkName,Trollblood
CharacterTraits_Perk_Trollblood_PerkDescription,Your blood clots with unusual speed and you shake off pain quickly. Wounds stop bleeding noticeably faster and aches fade sooner than they would for others.
CharacterTraits_Perk_SpirituallyHarmonious_PerkName,Spiritually Harmonious
CharacterTraits_Perk_SpirituallyHarmonious_PerkDescription,"You are at peace with the world around you. Your insight into the spirit realm is exceptional and stress washes over you without finding purchase, fading faster than it would for others."
CharacterTraits_Perk_WideHands_PerkName,Wide Hands
CharacterTraits_Perk_WideHands_PerkDescription,"Your large, dexterous hands are made for working. Start with a head start in Crafting and Knapping, with a consistent crafting quality bonus on everything you make."
CharacterTraits_Perk_Claws_PerkName,Claws
CharacterTraits_Perk_Claws_PerkDescription,"Your fingernails grow hard and talon-like, giving you an edge in close quarters. Start with a head start in Knife Fighting and Melee Fighting, and your natural weapons give constant bonuses to ambush and chase actions."
CharacterTraits_Perk_Troglodyte_PerkName,Troglodyte
CharacterTraits_Perk_Troglodyte_PerkDescription,A life spent in caves and cramped tunnels has made you sure-footed and constantly alert. Start with a head start in Climbing and enhanced climbing and alertness aids.
CharacterTraits_Perk_ExiledArtist_PerkName,Exiled Artist
CharacterTraits_Perk_ExiledArtist_PerkDescription,"Forced from your homeland, you carry your craft with you. Start with a head start in Pottery, two lumps of clay for sculpting, charcoal for pigment, and a basket to carry your work."
CharacterTraits_Perk_BornMark_PerkName,Born Mark
CharacterTraits_Perk_BornMark_PerkDescription,You were born with a distinctive mark that the spirits take notice of. Fortune smiles on you slightly more often than on others.
CharacterTraits_Perk_Aged_PerkName,Aged
CharacterTraits_Perk_Aged_PerkDescription,The years have taken their toll. Your body recovers stamina more slowly and aches linger longer than they should.
CharacterTraits_Perk_Bleeder_PerkName,Bleeder
CharacterTraits_Perk_Bleeder_PerkDescription,"Your blood does not clot well. Wounds bleed for significantly longer than they should, making even minor injuries into dangerous situations."
CharacterTraits_Perk_SpirituallyTroubled_PerkName,Spiritually Troubled
CharacterTraits_Perk_SpirituallyTroubled_PerkDescription,"The spirits do not look kindly upon you. Stress weighs heavier and lingers longer, and the unease of an unfriendly spirit world keeps your nerves on edge."
CharacterTraits_Perk_WeakenedGrowth_PerkName,Weakened Growth
CharacterTraits_Perk_WeakenedGrowth_PerkDescription,"The land yields little for you. Your foraging aid builds up at half its normal rate, making wild food sources far less reliable."
CharacterTraits_Perk_Leper_PerkName,Leper
CharacterTraits_Perk_Leper_PerkDescription,"Your body is ravaged by a wasting affliction. Pain is a constant companion, skin conditions flare persistently, and nausea saps your will to act."
CharacterTraits_Perk_Fugitive_PerkName,Fugitive
CharacterTraits_Perk_Fugitive_PerkDescription,"You fled your old life in a hurry with little more than the clothes on your back. You begin haunted by fear and stress from the ordeal, and the anxiety of being hunted never quite leaves you."
CharacterTraits_Perk_LostTourist_PerkName,Lost Tourist
CharacterTraits_Perk_LostTourist_PerkDescription,"You stumbled into this wilderness entirely by accident. You miss civilization and familiar faces. Start with some social skills, but loneliness and stress build faster in the wild."

CharacterTraits_Perk_SeasonalAllergies_PerkName,Seasonal Allergies
CharacterTraits_Perk_SeasonalAllergies_PerkDescription,"Spring is agony. Nausea and Rash build much faster throughout the year, and each spring triggers a severe allergic flare."
CharacterTraits_Perk_DeadlyDisease_PerkName,Deadly Disease
CharacterTraits_Perk_DeadlyDisease_PerkDescription,"A debilitating disease ravages your body. You begin severely impaired with elevated Nausea, Pain, Rash, and Stress, and these conditions worsen slowly over time without treatment."
CharacterTraits_Perk_Lunacy_PerkName,Lunacy
CharacterTraits_Perk_Lunacy_PerkDescription,"Your sanity ebbs and flows with the moon. Stress and madness grow as the moon waxes. At the full moon, an overwhelming urge grips you."
CharacterTraits_Perk_Agoraphobia_PerkName,Agoraphobia
CharacterTraits_Perk_Agoraphobia_PerkDescription,Open spaces fill you with dread. Stress and Fear build steadily while you are exposed to the open environment.
CharacterTraits_Perk_Nyctophobia_PerkName,Nyctophobia
CharacterTraits_Perk_Nyctophobia_PerkDescription,The dark terrifies you. Fear and Stress build at night when no light source is present.
CharacterTraits_Perk_SensitiveSkin_PerkName,Sensitive Skin
CharacterTraits_Perk_SensitiveSkin_PerkDescription,Your skin burns easily. Sun Allergy builds faster whenever you are exposed to sunlight.
CharacterTraits_Perk_LactoseIntolerant_PerkName,Lactose Intolerant
CharacterTraits_Perk_LactoseIntolerant_PerkDescription,Your body cannot process dairy. Consuming dairy products causes severe Nausea and Pain.
CharacterTraits_Perk_Drunkard_PerkName,Drunkard
CharacterTraits_Perk_Drunkard_PerkDescription,You cannot resist a drink. Alcohol hits twice as hard and brings Stress with it. Sobriety breeds restlessness.
CMC_Imp_RiverBridge_CardName,River Bridge
CMC_Imp_RiverBridge_CardDescription,A sturdy wooden bridge spanning the river at the clearing. Build this at the River Clearing to open the eastern path toward the village.
CMC_Imp_StoneTileFloor_CardName,Stone Tile Floor
CMC_Imp_StoneTileFloor_CardDescription,"Polished stone tiles set into a bed of clay, covering the ground in a smooth, even floor. Increases comfort and insulation. Can be laid in cabins and mud huts."

CMC_MarketStallKit_CardName,Market Stall Kit
CMC_MarketStallKit_CardDesc,"A portable market stall. Can only be assembled in the village: merchants need foot traffic to buy your wares. Once placed, drop trade goods into the stall inventory and collect earnings as copper or salt over time."
CMC_MarketStallKit_Help,Market Stall Kit
CMC_MarketStall_DA_SetUp,Set Up Stall
CMC_MarketStall_CardName,Market Stall
CMC_MarketStall_CardDesc,A small trading post set up in the village. Drop trade goods into the stall and merchants will buy them over time. Collect earnings as copper nuggets or salt. Watch out: thieves sometimes strike unattended stalls.
CMC_MarketStall_SD1_Name,Sales Revenue
CMC_MarketStall_DA_CollectCopper,Collect as Copper
CMC_MarketStall_DA_CollectSalt,Collect as Salt
CMC_MarketStall_DA_PackUp,Pack Up Stall
CMC_MarketStall_BP_Name,Market Stall
CMC_MarketStall_BP_Desc,"Build a market stall using planks, cloth, rope, and a Copper Chest for the coin lockbox. The finished kit can only be assembled in the village."
CMC_MarketStall_BP_UnlockDesc,Requires a Copper Chest

CMC_Inn_CardName,Village Inn
CMC_Inn_CardDescription,"A warm inn kept by a friendly innkeeper. Step inside for a meal, a bed for the night, or some paying work."
CMC_Inn_Help,Inn
CMC_Inn_DA_Enter,Enter the Inn
CMC_Inn_DA_Enter_Fade,Entering the inn...
CMC_InnInterior_CardName,Village Inn
CMC_InnInteriorLocation_CardName,Village Inn
CMC_InnExit_CardName,Inn Door
CMC_InnExit_DA_Exit,Exit
CMC_InnExit_DA_Exit_Fade,Leaving the inn...
CMC_InnCounter_CardName,Inn Counter
CMC_InnCounter_CardDescription,"The Inn Keeper serves hot meals and rents out beds from behind this counter. Drag Salt, metal Nuggets, or Duros Coins onto the counter to fund your Inn Account (holds up to 500); a meal or a night's stay draws 50 from that balance. Drag Firewood onto the counter to sell it for Salt. There is usually odd work available too, paid in copper nuggets."
CMC_InnCounter_DA_Meal,Purchase Meal
CMC_InnCounter_DA_Meal_Desc,"Draws 50 from your Inn Account. Restores Satiation, Thirst, and Fullness. Provides Protein, Iron, and Vitamins. Tastes great."
CMC_InnCounter_DA_Sleep,Stay the Night
CMC_InnCounter_DA_Sleep_Desc,"Draws 50 from your Inn Account. Rest for up to 6 hours, restoring Wakefulness and Energy. You'll wake early if your vitals reach a critical warning (thirst, temperature, bleeding, illness, or nature's call)."
CMC_InnCounter_DA_Sleep_Interrupt_Thirsty,I'm too thirsty to sleep...
CMC_InnCounter_DA_Sleep_Interrupt_Hot,I'm too hot to sleep...
CMC_InnCounter_DA_Sleep_Interrupt_Cold,I'm too cold to sleep...
CMC_InnCounter_DA_Sleep_Interrupt_Bleeding,I'm losing too much blood...
CMC_InnCounter_DA_Sleep_Interrupt_Nauseous,I'm not feeling well...
CMC_InnCounter_DA_Sleep_Interrupt_Underweight,I'm not feeling well...
CMC_InnCounter_DA_Sleep_Interrupt_Storm,I can't sleep in the middle of a storm!
CMC_InnCounter_DA_Sleep_Interrupt_Bladder,I really need to Pee!
CMC_InnCounter_DA_Sleep_Interrupt_Bowel,I really need to Poop!
CMC_InnCounter_DA_Work,Work Odd Jobs
CMC_InnCounter_Prog_Account,Inn Account
CMC_InnCounter_CI_Deposit,Deposit Currency
CMC_InnCounter_CI_Deposit_Desc,"Adds the value of the dragged Salt, Nugget, or Duros Coin to the Inn Account (max 500)."
CMC_InnCounter_CI_SellFirewood,Sell Firewood
CMC_InnCounter_CI_SellFirewood_Desc,"Hand over a bundle of firewood for the hearth. Oak and Alder fetch 2 Salt; Birch, Pine, and Willow fetch 1."
CMC_InnKeeper_AgentName,Inn Keeper
CMC_InnKeeper_AgentDescription,"Keeps the Village Inn running: meals, a bed, and a friendly ear."
CMC_InnKeeper_Chat_ActionName,Chat
CMC_InnKeeper_Chat_ActionDescription,Share a few words with the Inn Keeper over a mug of something warm.
CMC_InnKeeper_Talk,Talk
CMC_InnKeeperTalk_SceneTitle,The Inn Keeper
CMC_InnKeeperTalk_Start_Line,"Well now, come in out of the dark, traveler. Fire's warm and the stew's on. What'll it be?"
CMC_InnKeeperTalk_Start_Answer_Tale,Tell me a tale of the forest.
CMC_InnKeeperTalk_Start_Answer_FoundCat,I found Ash. He's safe. See for yourself.
CMC_InnKeeperTalk_Start_Answer_Trade,Let's see your pantry.
CMC_InnKeeperTalk_Start_Answer_Leave,Just warming my hands.
CMC_InnKeeperTalk_Forest1_Line,"Old-timers say this forest was old when the hills were young. Cross the water at the River Clearing and the trees start listening, and past the Green Glade, out in the Old Woods and the Primeval Woods beyond, they do more than listen. My gran swore she watched a great oak pull up its roots by moonlight and stride off between the groves. Folk call it the Wandering Oak, and nobody cuts timber where it's passed."
CMC_InnKeeperTalk_Forest1_Answer_GoOn,Go on.
CMC_InnKeeperTalk_Forest1_Answer_Enough,Maybe another night.
CMC_InnKeeperTalk_Forest2_Line,"Mind you, not everything walking those woods is timber. Shepherds up by the Moon Hills tell of the Humming Widow's lullaby drifting down after dusk, and away south in the Black Mire squats the Hag, she'll trade you wonders, sure, but her bargains cost dearer than salt. And on the coldest nights, when every wolf in the forest goes quiet at once? That's the Primeval Wolf passing through, and even the bears in the Bear Cave hold their breath."
CMC_InnKeeperTalk_Forest2_Answer_True,Is any of it true?
CMC_InnKeeperTalk_Forest3_Line,"True enough that I keep salt on the sill and the fire lit. The forest gives: mushrooms, game, timber, and it takes. House rule: respect the groves, mind the mire, and be indoors by full dark."
CMC_InnKeeperTalk_Forest3_Answer_Mind,You've gone quiet. Something on your mind?
CMC_InnKeeperTalk_Forest3_Answer_Thanks,A fine tale. Thanks for the telling.
CMC_InnKeeperTalk_Cat1_Line,"Aye, it's our Ash. The inn's cat, gray as woodsmoke, eyes like embers, best mouser this side of the river. He slipped out three nights back and hasn't come home. A forager swears she saw him in the Foraging Forest, off the Village Path, prowling the ferns at dusk. Those trees are the Old Woods' little sister, no place for a house cat after dark."
CMC_InnKeeperTalk_Cat1_Answer_Help,I'll keep an eye out for him.
CMC_InnKeeperTalk_Cat1_Answer_Decline,Cats find their own way home.
CMC_InnKeeperTalk_Cat2_Line,"Bless you. Dusk, mind, he never prowls by daylight. And he won't come to calling; hold out a bit of meat or fish and keep very still. Bring him home safe, or keep him fed, and he'll keep you."
CMC_InnKeeperTalk_Cat2_Answer_Ok,I will.
CMC_InnKeeperTalk_CatThanks_Line,"Ash! Look at him, riding your pack like he owns it. Ha! He's chosen you, then; cats do the choosing, never us. Keep him fed and he'll keep the rats from your stores. Here, supper's on the house, and a little something for the road."
CMC_InnKeeperTalk_CatThanks_Answer_Ok,He's in good hands. Thank you.
CMC_LostCat_StatName,The Inn Keeper's Cat
CMC_LostCat_StatDescription,Hidden tracker for the Inn Keeper's lost cat.
CMC_StrayCat_CardName,Ash the Stray Cat
CMC_StrayCat_CardDescription,"A slate-gray cat with ember-orange eyes, watching from the ferns. This must be Ash, the Village Inn's lost mouser. He keeps his distance, but his nose twitches at your pack. A bit of meat or fish might win his trust."
CMC_StrayCat_CI_OfferFood,Offer Food
CMC_StrayCat_CI_OfferFood_Desc,Hold out a morsel and keep very still.
CMC_InnCat_CardName,Ash the Cat
CMC_InnCat_CardDescription,"The Village Inn's slate-gray mouser, now quite convinced you belong to him. He takes most of his water from his prey, hunts what he pleases, and sleeps where he pleases, but a fed cat is a loyal one, and his purr is a balm on lonely nights."
CMC_InnCat_Hunger,Hunger
CMC_InnCat_Thirst,Thirst
CMC_InnCat_Hunger_OnZero,Wanders Off
CMC_InnCat_Thirst_OnZero,Wanders Off
CMC_InnCat_Care,Care
CMC_InnCat_Care_OnZero,Wanders Off
CMC_InnCat_DA_Pet,Pet
CMC_InnCat_DA_Play,Play
CMC_InnCat_CI_Feed,Feed
CMC_InnCat_CI_Feed_Fail,He sniffs it and walks away. Not hungry yet.
CMC_InnCat_CI_GiveWater,Give Water
CMC_InnCat_CI_GiveWater_Fail,Not thirsty yet.
CMC_Professor_AgentName,The Professor
CMC_Professor_AgentDescription,Teaches the Academy's courses and keeps the lecture hall in order.
CMC_Professor_Talk,Talk
CMC_ProfessorGreeting_SceneTitle,The Professor
CMC_ProfessorGreeting_Start_Answer_About,What is this place?
CMC_ProfessorGreeting_Start_Answer_Report,Anything new to report?
CMC_ProfessorGreeting_Start_Answer_Farewell,Farewell.
CMC_ProfessorGreeting_AboutAcademy_Line,"The Academy. A stone hall of learning, built so the village's trades don't have to be relearned from scratch by every generation. Architecture, metallurgy, herbalism, and more. Sit long enough at the lectern and you'll graduate knowing something useful."
CMC_ProfessorGreeting_AboutAcademy_Answer_Ok,I see.
CMC_ProfessorGreeting_AboutFarm_Line,"The village farmland. Furrows, fences, and a farmer who tolerates my rummaging. Turnroot and fireroot come up well here if the soil is kept soft. Half of practical botany is just knowing where to dig."
CMC_ProfessorGreeting_AboutVillage_Line,"The village proper. Market stalls, trades, and more gossip than a lecture hall. If you want to know how the world actually works, spend an afternoon at a merchant's table."
CMC_ProfessorGreeting_AboutForest_Line,"The Foraging Forest. Wild, generous, and a touch spiteful about the nettles. Most of the Academy's herbarium was gathered under that canopy, one careful clearing at a time."
CMC_ProfessorGreeting_AboutPath_Line,"The old village path, the road between everywhere and everywhere else. Gravel, fenceposts, and the occasional useful stone. A scholar walks it more than he would like to admit."
CMC_ProfessorGreeting_AboutInn_Line,"The inn. A warm hearth, warmer cider, and the innkeeper's cat underfoot. I take my evenings here when the lecture hall grows too quiet. Even a scholar needs company now and then."
CMC_ProfessorGreeting_DayGated_Line,"Since you ask, the lecture hall has been busy. Given a few more days I expect I'll have proper work for a pair of willing hands."
CMC_ProfessorGreeting_DayGated_Answer_Ok,I'll keep that in mind.

CMC_MeleeFighting_GameName,Melee Fighting
CMC_MeleeFighting_Description,Increases your success chances and damage when fighting with melee weapons.
CMC_VillageField_YieldStat,Yield
CMC_VillageField_Flax_CardName,Flax Field
CMC_VillageField_Flax_CardDescription,"A patch of flax growing wild at the old village farm. The blue flowers nod in the spring breeze. It can be harvested through the season, but the soil gives only so much before the patch is spent."
CMC_VillageField_Flax_DA_Harvest,Harvest Flax
CMC_VillageField_Flax_Spent,The flax patch has given all it can this season.
CMC_VillageField_Turnroot_CardName,Turnroot Field
CMC_VillageField_Turnroot_CardDescription,"Rows of turnroot swelling in the summer soil of the old village farm. They can be pulled through the season, but the patch is spent once the ground is bare."
CMC_VillageField_Turnroot_DA_Harvest,Harvest Turnroot
CMC_VillageField_Turnroot_Spent,The turnroot patch has given all it can this season.
CMC_VillageField_Rye_CardName,Rye Field
CMC_VillageField_Rye_CardDescription,"Tall rye ripening gold across the autumn village farm. It can be cut through the season, but once the field is reaped there is no more until next year."
CMC_VillageField_Rye_DA_Harvest,Harvest Rye
CMC_VillageField_Rye_Spent,The rye field has been reaped bare for the season.
CMC_VillageField_HealthStat,Health
CMC_Academy_CardName,Village Academy
CMC_Academy_CardDescription,"A stone hall of learning where the village masters teach their trades. Step inside to enroll in courses on architecture, metallurgy, or herbalism."
CMC_Academy_Help,Academy
CMC_Academy_DA_Enter,Enter the Academy
CMC_Academy_DA_Enter_Fade,Entering the academy...
CMC_AcademyInterior_CardName,Village Academy
CMC_AcademyInteriorLocation_CardName,Village Academy
CMC_AcademyExit_CardName,Academy Door
CMC_AcademyExit_DA_Exit,Exit
CMC_AcademyExit_DA_Exit_Fade,Leaving the academy...
CMC_AcademyLectern_CardName,Lecture Hall
CMC_AcademyLectern_CardDescription,"The academy masters lecture here. Drag Salt, metal Nuggets, or Duros Coins onto the lectern to fund your Tuition Account (holds up to 1000); each two-hour study session draws 100 from that balance, including the final exam. Choose a subject below to advance its coursework; when only one session remains, sit the final exam to earn your degree."
CMC_AcademyLectern_DA_Architecture,Study Architecture
CMC_AcademyLectern_DA_Architecture_Desc,"A two-hour lecture on load-bearing frames and waterworks. The full course takes 72 hours of study; each session draws 100 from your Tuition Account. When one session remains, the final exam becomes available."
CMC_AcademyLectern_DA_Metallurgy,Study Metallurgy
CMC_AcademyLectern_DA_Metallurgy_Desc,"A two-hour session at the assay bench. The full course takes 60 hours of study; each session draws 100 from your Tuition Account. When one session remains, the final exam becomes available."
CMC_AcademyLectern_DA_Herbalism,Study Herbalism
CMC_AcademyLectern_DA_Herbalism_Desc,"A two-hour session among the herb gardens. The full course takes 30 hours of study; each session draws 100 from your Tuition Account. When one session remains, the final exam becomes available."
CMC_AcademyLectern_DA_ArchitectureFinal,Final Exam: Architecture
CMC_AcademyLectern_DA_ArchitectureFinal_Desc,"The final two-hour examination. Pass it to earn the Architecture degree: unlocks the Water-Driven Sawmill and Grinding Mill blueprints, and, together with a Metallurgy degree, the Water-Driven Forge and Workshop."
CMC_AcademyLectern_DA_MetallurgyFinal,Final Exam: Metallurgy
CMC_AcademyLectern_DA_MetallurgyFinal_Desc,"The final two-hour examination. Pass it to earn the Metallurgy degree: unlocks the Copper Sheet recipe, and, together with an Architecture degree, the Water-Driven Forge and Workshop."
CMC_AcademyLectern_DA_HerbalismFinal,Final Exam: Herbalism
CMC_AcademyLectern_DA_HerbalismFinal_Desc,The final two-hour examination. Pass it to earn the Herbalism degree: from then on you gather twice as much whenever you forage.
CMC_AcademyLectern_Prog_Architecture,Architecture
CMC_AcademyLectern_Prog_Metallurgy,Metallurgy
CMC_AcademyLectern_Prog_Herbalism,Herbalism
CMC_AcademyLectern_Prog_Tuition,Tuition Account
CMC_AcademyLectern_CI_Deposit,Deposit Currency
CMC_AcademyLectern_CI_Deposit_Desc,"Adds the value of the dragged Salt, Nugget, or Duros Coin to the Tuition Account (max 1000)."
CMC_AcademyLectern_StudyBlocked,The coursework is complete; sit the final exam.
CMC_AcademyLectern_FinalNotReady,You are not ready for the final examination.
CharacterTraits_Perk_HigherEducation_PerkName,Higher Education
CharacterTraits_Perk_HigherEducation_PerkDescription,"Retired trait. The village Academy now stands for every character, and its courses gate their blueprint rewards for everyone; this trait no longer appears at character creation and has no effect. It is kept only so older saves that selected it remain valid."
CharacterTraits_Perk_GradArchitecture_PerkName,Architecture Graduate
CharacterTraits_Perk_GradArchitecture_PerkDescription,"You completed the Academy's architecture course. The Water-Driven Sawmill and Grinding Mill blueprints are yours, and together with a Metallurgy degree, the Water-Driven Forge and Workshop."
CharacterTraits_Perk_GradMetallurgy_PerkName,Metallurgy Graduate
CharacterTraits_Perk_GradMetallurgy_PerkDescription,"You completed the Academy's metallurgy course. The Copper Sheet recipe is yours, and together with an Architecture degree, the Water-Driven Forge and Workshop."
CharacterTraits_Perk_GradHerbalism_PerkName,Herbalism Graduate
CharacterTraits_Perk_GradHerbalism_PerkDescription,You completed the Academy's herbalism course. You spot twice as much whenever you forage.
CharacterTraits_Perk_GradFishing_PerkName,Fishing Graduate
CharacterTraits_Perk_GradFishing_PerkDescription,"You completed the Academy's fishing course. The Iron Fishing Rod recipe is yours, and you've learned to read the water for a better catch."
CharacterTraits_Perk_GradArmorer_PerkName,Armorer Graduate
CharacterTraits_Perk_GradArmorer_PerkDescription,"You completed the Academy's armorer course. The copper and iron armor recipes (Breastplate, Helmet, Greaves, Gauntlets) are yours."
CharacterTraits_Perk_GradMedicine_PerkName,Medicine Graduate
CharacterTraits_Perk_GradMedicine_PerkDescription,You completed the Academy's medicine course. You know how to properly dress a wound and manage pain: wounds clot and aches fade noticeably faster.
CMC_AcademyLectern_DA_Fishing,Study Fishing
CMC_AcademyLectern_DA_Fishing_Desc,"A two-hour session mending nets and reading water. The full course takes 24 hours of study; each session draws 100 from your Tuition Account. When one session remains, the final exam becomes available."
CMC_AcademyLectern_DA_FishingFinal,Final Exam: Fishing
CMC_AcademyLectern_DA_FishingFinal_Desc,The final two-hour examination. Pass it to earn the Fishing degree: unlocks the Iron Fishing Rod recipe and teaches you to read the water for a better catch.
CMC_AcademyLectern_DA_Armorer,Study Armorer
CMC_AcademyLectern_DA_Armorer_Desc,"A two-hour session at the armorer's bench, hammering fittings and fitting straps. The full course takes 24 hours of study; each session draws 100 from your Tuition Account. When one session remains, the final exam becomes available."
CMC_AcademyLectern_DA_ArmorerFinal,Final Exam: Armorer
CMC_AcademyLectern_DA_ArmorerFinal_Desc,"The final two-hour examination. Pass it to earn the Armorer degree: unlocks the copper and iron armor recipes (Breastplate, Helmet, Greaves, Gauntlets)."
CMC_AcademyLectern_DA_Medicine,Study Medicine
CMC_AcademyLectern_DA_Medicine_Desc,"A two-hour session studying wound care and pain management. The full course takes 24 hours of study; each session draws 100 from your Tuition Account. When one session remains, the final exam becomes available."
CMC_AcademyLectern_DA_MedicineFinal,Final Exam: Medicine
CMC_AcademyLectern_DA_MedicineFinal_Desc,"The final two-hour examination. Pass it to earn the Medicine degree: from then on, wounds clot and aches fade noticeably faster."
CMC_AcademyLectern_Prog_Fishing,Fishing
CMC_AcademyLectern_Prog_Armorer,Armorer
CMC_AcademyLectern_Prog_Medicine,Medicine
Combat_And_Armor_FireHardenedSpear_CardName,Fire-Hardened Spear
Combat_And_Armor_FireHardenedSpear_CardDescription,"A simple wooden spear whose point has been hardened in fire. Crude, but deadly in trained hands."
Combat_And_Armor_FireHardenedSpear_UsageDurability.CardStatName,Durability
Combat_And_Armor_FireHardenedSpear_OnZero,Fire-Hardened Spear Broken!
Combat_And_Armor_FireHardenedSpear_Dismantle_ActionName,Dismantle
Combat_And_Armor_FireHardenedSpear_Dismantle_ActionDescription,Break the spear apart to recover the shaft.
Combat_And_Armor_Bp_FireHardenedSpear_CardName,Fire-Hardened Spear
Combat_And_Armor_Bp_FireHardenedSpear_CardDescription,Sharpen a stick and harden the point over a fire.
Combat_And_Armor_Bp_FireHardenedSpear_UnlockConditionsDesc,Find Ash and bring him home
CharredTipStrike_ActionName,Charred-Tip Strike
CharredTipStrike_ActionSuccessLog.LogText,the fire-hardened point punches clean through {0}'s guard!
CharredTipStrike_ActionFailureLog.LogText,"you jab with your {1}, but {0} twists away just in time..."
DMG_Char_Name,Char
SpearThrow_ActionSuccessLog.LogText,you hurl your {1} and it finds its mark in {0} with a satisfying thud!
CMC_InnKeeperTalk_Start_Answer_Forage,Any good foraging nearby?
CMC_InnKeeperTalk_Start_Answer_StayOrWork,"Room for the night, or work?"
CMC_InnKeeperTalk_Start_Forage_Line,"The Foraging Forest off the Village Path is thick with mushrooms and berries most of the year, and the ferns hide more than they let on. Mind you're back before full dark, that's all I ask."
CMC_InnKeeperTalk_Start_Forage_Answer_Thanks,Good to know. Thank you.
CMC_InnKeeperTalk_Start_StayOrWork_Line,"Bed's yours for the asking, and there's always some odd job wants doing around the place. See the counter for either one, I keep the accounts there."
CMC_InnKeeperTalk_Start_StayOrWork_Answer_Ok,I'll see to it.
CMC_InnKeeperTalk_Week2_Line,"Settling in a bit more now, are you? The season's turning, and I've got fresh goods laid in. Care to see what's on offer, or shall I finish that tale I owe you?"
CMC_InnKeeperTalk_Week2_Answer_Trade,What's fresh this time of year?
CMC_InnKeeperTalk_Week2_Answer_Tale,Tell me that tale now.
CMC_InnKeeperTalk_Week2_Answer_Stay,I'll take a bed for the night.
CMC_InnKeeperTalk_Week2_Answer_Leave,Just passing through.
CMC_InnKeeperTalk_Week3_Line,"You've stayed through more than one moon now. Feels right to tell you properly how this place came to be. I came to this valley as a boy, with my mother and father. Nothing here then but river and trees."
CMC_InnKeeperTalk_Week3_Answer_GoOn,How did the Inn come to be?
CMC_InnKeeperTalk_Week3_Answer_Later,Maybe another time.
CMC_InnKeeperTalk_Week3_Backstory2_Line,"My father dug the cellar with his own two hands, and my mother never turned a traveler from the door once the dark caught them out. Word spread. More came to stay than we had room for, so we raised walls around the hearth, then a roof, then the Inn you're sitting in now. I've been thinking it's time this place grew again. The village could use more hands, and truth is, I could use help seeing it done."
CMC_InnKeeperTalk_Week3_Backstory2_Answer_Help,I'll help however I can.
CMC_InnKeeperTalk_Week3_Backstory2_Answer_Progress,How's the well coming along?
CMC_InnKeeperTalk_Week3_Backstory2_Answer_Later,Some other day.
CMC_InnKeeperTalk_AshCheckIn_Line,"Ash treating you well? That cat's got more opinions than the miller's wife, but he's happier for having you."
CMC_InnKeeperTalk_AshCheckIn_Answer_Mouser,Never better. Catches mice every night.
CMC_InnKeeperTalk_AshCheckIn_Answer_Lazy,Sleeps most of the day. Spoiled rotten.
CMC_InnKeeperTalk_AshCheckIn_Answer_Pack,He's decided he owns my pack now.
CMC_InnKeeperTalk_AshCheckIn_Answer_Company,Keeps me company on the cold nights.
CMC_InnKeeperTalk_AshCheckIn_Answer_Gone,Truth is… he wandered off. Haven't seen him in days.
CMC_InnKeeperTalk_AshLostAgain_Line,"Gone off again, has he? That's Ash for you — slips his collar the moment your back's turned. Same as before: try the Foraging Forest off the Village Path, at dusk when he prowls the ferns. Bring a bit of meat or fish and keep still, and he'll pick you a second time. He always does."
CMC_InnKeeperTalk_AshLostAgain_Answer_Ok,I'll bring him home.
CMC_InnKeeperTalk_AshHuntHint_Line,"Haven't seen that cat of yours since yesterday's dusk. He had the look — ears up, tail low, nose testing the wind — then slipped off toward Hunter's Crossing when the light went. When Ash moves like that, there's quarry involved and he means to see it through. You need to get to Hunter's Crossing soon; he'll have tracked something dangerous into the thicket and he won't want to face a boar alone."
CMC_InnKeeperTalk_AshHuntHint_Answer_Go,I'll go find him.
CMC_InnKeeperTalk_AshHuntHint_Answer_Manage,He can hold his own.
CMC_InnKeeperTalk_AshHuntHint2_Line,He can — but a boar doesn't play fair. Follow the game trail east past the old standing stones and you'll reach the Crossing soon enough. Go on.
CMC_InnKeeperTalk_AshHuntHint2_Answer_OnMyWay,On my way.
CMC_AshTakeover_StatName,The Inn Keeper's Worry
CMC_AshTakeover_StatDescription,"Hidden tracker for the Ash reveal, armed at village week 6 once the Well is built."
CMC_InnStoryIndex_StatName,The Inn Keeper's Current Tale
CMC_InnStoryIndex_StatDescription,Hidden tracker for which seasonal story thread is active.
CMC_InnStoryStep_StatName,The Inn Keeper's Tale Progress
CMC_InnStoryStep_StatDescription,Hidden tracker for progress through the active seasonal story.
CMC_InnLastSeason_StatName,The Inn Keeper's Last Season Seen
CMC_InnLastSeason_StatDescription,Hidden bookkeeping stat for seasonal story rerolls.
CMC_InnWellPlansGiven_StatName,The Inn Keeper's Offer
CMC_InnWellPlansGiven_StatDescription,Hidden tracker for whether the Well Plans have been given.
CMC_WellPlans_CardName,Well Plans
CMC_WellPlans_CardDescription,"A charcoal sketch of a stone-lined well, twice the depth of the Inn's old root cellar. The Inn Keeper drew it from memory, the way his father once dug the cellar by hand. Keep it on hand to start the dig in the Village."
CMC_WellPlans_DA_Discard_ActionName,Discard the Old Sketch
CMC_WellPlans_DA_Discard_ActionDescription,The well stands finished in the village. The Inn Keeper's sketch has served its purpose.
CMC_VillageWell_CardName,Village Well
CMC_VillageWell_CardDescription,"A deep, stone-lined well sunk twice as deep as the Inn's root cellar. Draw water here any time by dragging an empty container to it."
CMC_VillageWell_CI_Draw_ActionName,Draw Water
CMC_VillageWell_CI_Draw_ActionDescription,Fill an empty container from the well.
Bp_CMC_VillageWell_CardName,Village Well
Bp_CMC_VillageWell_CardDescription,"Dig a deep, stone-lined well in the village, twice the depth of the Inn's old root cellar, following the Inn Keeper's charcoal sketch. Can only be built at the Village."
Bp_CMC_VillageWell_UnlockConditionsDesc,Have the Inn Keeper's well plans in hand while at the Village
CMC_InnKeeperTalk_Wolves_1_Line,"Coldest winter in memory, that one. The wolves came down out of the high country thin and bold, right up to the fences, and old Tomas swore one of them looked him dead in the eye through his own window glass. Nobody much wanted watch duty after dark that season, and I don't blame them one bit. Traps came up empty three nights running, and torches only bought an hour's peace before the wolves crept back closer each time. It was the miller's wife who noticed something the rest of us had missed: the wolves never came within twenty paces of the smokehouse. Turned out the smell put their noses clean off the scent of anything worth hunting."
CMC_InnKeeperTalk_Wolves_1_Answer_GoOn,So what did she do about it?
CMC_InnKeeperTalk_Wolves_2_Line,"Traps came up empty three nights running, and torches only bought an hour's peace before the wolves crept back. It was the miller's wife who noticed something the rest of us had missed: the wolves never came within twenty paces of the smokehouse. Turned out the smell put their noses clean off the scent of anything worth hunting."
CMC_InnKeeperTalk_Wolves_2_Answer_GoOn,So what did she do?
CMC_InnKeeperTalk_Wolves_3_Line,"She called the whole village into the square and had us hang strips of smoked hide and old fish bones along every fence post and gate, thick as bunting at a festival. Ripest the village ever smelled, I'll tell you, half the children held their noses just walking to bed, but by the third night not a single wolf set paw within a stone's throw of the walls. It held clean through to spring, and once the deer wandered back down from the hills the wolves lost interest in us entirely and went back to easier hunting. We still hang a strip of smoked hide over the north gate every winter to this day, more habit now than need, though old Tomas won't sleep a wink without it there. Funny thing, how a bit of good honest stink saved an entire village."
CMC_InnKeeperTalk_Wolves_3_Answer_GoOn,Did it hold?
CMC_InnKeeperTalk_Wolves_4_Line,"Held clean through to spring, and once the deer wandered back down from the hills, the wolves lost interest in us entirely and went back to easier hunting. We still hang a strip of smoked hide over the north gate every winter to this day, more habit now than need, though old Tomas won't sleep a wink without it there. Funny thing, how a bit of good honest stink saved an entire village."
CMC_InnKeeperTalk_Wolves_4_Answer_Thanks,That's a fine tale. Thanks for telling it.
CMC_InnKeeperTalk_Wolves_4_Answer_Wry,Noted: avoid the miller's wife at supper.
CMC_InnKeeperTalk_Mushroom_1_Line,"Had a peddler come through one autumn, sharp dressed fellow, full of opinions about foraging he had no business holding. Insisted he knew his mushrooms better than any village forager, picked himself a nice fat cap out past the tree line, and ate it raw before anyone could stop him, wrong cap as it turned out, and wrong by quite a margin. Within the hour he was convinced the inn's rafters were speaking to him in verse, and not bad verse either, by his own account. He climbed up on this very table, arms out like a scarecrow, and announced to the whole common room that he'd been made an honorary badger, then spent a good twenty minutes bowing to the fireplace, calling it 'Your Grace.'"
CMC_InnKeeperTalk_Mushroom_1_Answer_GoOn,How did the night end?
CMC_InnKeeperTalk_Mushroom_2_Line,"Within the hour he was convinced the inn's rafters were speaking to him in verse, and not bad verse either, by his own account. He climbed up on this very table, arms out like a scarecrow, and announced to the whole common room that he'd been made an honorary badger. Spent a good twenty minutes bowing to the fireplace, calling it 'Your Grace.'"
CMC_InnKeeperTalk_Mushroom_2_Answer_GoOn,Then what?
CMC_InnKeeperTalk_Mushroom_3_Line,"He tried to trade his boots to the cat for what he called 'safe passage through the badger kingdom,' and the cat, being a sensible creature, wanted nothing to do with any of it. Somewhere in there he became convinced his own shadow was following him with intent to rob him, and spent a solid hour negotiating with it in the corner while my father just kept refilling water and moving the sharp objects out of reach. Come sunrise he woke up on the floor, boots still on his feet, utterly baffled why every soul in the inn was grinning at him over breakfast. Swore off foraging for himself forever after, and paid double for a proper forager's basket before he left, no questions asked. To this day I tell every newcomer: if you don't know the mushroom, ask before you eat it, that peddler's shadow is still owed an apology somewhere."
CMC_InnKeeperTalk_Mushroom_3_Answer_GoOn,How did the night end?
CMC_InnKeeperTalk_Mushroom_4_Line,"Come sunrise he woke up on the floor, boots still on his feet, utterly baffled why every soul in the inn was grinning at him over breakfast. Swore off foraging for himself forever after, and paid double for a proper forager's basket before he left, no questions asked. To this day I tell every newcomer: if you don't know the mushroom, ask before you eat it, that peddler's shadow is still owed an apology somewhere."
CMC_InnKeeperTalk_Mushroom_4_Answer_Thanks,I'll be sure to ask first.
CMC_InnKeeperTalk_Mushroom_4_Answer_Wry,Honorary badger. I like that title.
CMC_InnKeeperTalk_Fish_1_Line,"Now this one my uncle swears is true, though he swears a great many things are true. Out on the river one summer evening, quiet water, not a ripple, when something took his line so hard it nearly dragged him clean off the bank, bending his rod into a shape no rod ought to bend into. He fought it for the better part of an hour, or so he tells it, and each retelling the hour grows a little longer. Said the fish surfaced once, just once, and looked him square in the eye with an expression he could only describe as disappointed in him personally. By his account it was the size of a rowboat, though the size seems to grow a bit with every winter that passes too."
CMC_InnKeeperTalk_Fish_1_Answer_GoOn,Did he land it?
CMC_InnKeeperTalk_Fish_2_Line,"Fought it for the better part of an hour, or so he tells it, and each retelling the hour grows a little longer. Said the fish surfaced once, just once, and looked him square in the eye with an expression he could only describe as disappointed in him personally. By his account it was the size of a rowboat, though the size seems to grow a bit with every winter that passes too."
CMC_InnKeeperTalk_Fish_2_Answer_GoOn,Did he land it?
CMC_InnKeeperTalk_Fish_3_Line,"Just as he had it near the bank, close enough to touch, the line snapped clean through, and the fish gave what he insists was a mocking little flick of its tail before it vanished back under. He came home soaked to the bone, empty handed, and utterly certain it was the finest fish that had ever lived in that river or any other, and nobody else was there to see a scale of it, of course, which he says is exactly the sort of detail a truly legendary fish arranges for itself. Half the village has started calling that stretch of river 'the old man's grief' just to needle him over it. He still fishes that same spot every summer, same rod even, waiting on what he calls a proper rematch. I've long since given up asking whether any of it happened the way he says, a good fish story doesn't need much truth in it to be worth the telling."
CMC_InnKeeperTalk_Fish_3_Answer_GoOn,So nobody can back up the story?
CMC_InnKeeperTalk_Fish_4_Line,"Not one soul, no, but my uncle tells it with such conviction that half the village has started calling that stretch of river 'the old man's grief' just to needle him. He still fishes that same spot every summer, same rod even, waiting on what he calls a proper rematch. I've long since given up asking whether any of it happened the way he says, a good fish story doesn't need much truth in it to be worth the telling."
CMC_InnKeeperTalk_Fish_4_Answer_Thanks,"A tale worth its salt, true or not."
CMC_InnKeeperTalk_Fish_4_Answer_Wry,"That fish has a story too, I bet."
CMC_InnKeeperTalk_Miller_1_Line,"The miller's a proud man about that wheel of his, always has been, and one autumn a traveling grain merchant made the mistake of saying so within earshot. Merchant claimed his own family mill back wherever he hailed from could grind a sack of grain to fine flour faster than any wheel in this whole forest, and the miller near dropped his pipe hearing that. Wager was struck right there in the square before either of them thought better of it: a full cask of the inn's best cider against the merchant's finest travel cloak, first to grind a sack to proper baking flour wins outright. Half the village turned up to watch, more for the spectacle of two stubborn men than any real interest in flour, and the miller wouldn't let anyone near his wheel to help, said a fair contest needed a fair hand, his own."
CMC_InnKeeperTalk_Miller_1_Answer_GoOn,So what happened?
CMC_InnKeeperTalk_Miller_2_Line,"Wager was struck right there in the square before either of them thought better of it: a full cask of the inn's best cider against the merchant's finest travel cloak, first to grind a sack to proper baking flour wins outright. Half the village turned up to watch, more for the spectacle of two stubborn men than any real interest in flour. The miller wouldn't let anyone near his wheel to help, said a fair contest needed a fair hand, his own."
CMC_InnKeeperTalk_Miller_2_Answer_GoOn,Who was winning?
CMC_InnKeeperTalk_Miller_3_Line,"Merchant's method was all elbow grease and a hand quern he'd hauled along in his cart, fast at first but his arms gave out well before the sack did. The miller, meanwhile, had quietly diverted a touch more water onto his own wheel the night before, swearing up and down it was coincidence and the river was simply generous that week, and nobody quite believed him but nobody could prove otherwise either. Miller finished first by a good margin, flour fine as powder snow, and the merchant handed over that cloak with about as much grace as a man can manage while grumbling the whole time. They shared the cask of cider together that same night, thick as old friends by the time it was empty, and the merchant still stops through every harvest to needle the miller about that river's 'generosity.' Nobody's proven a thing, mind you, but that mill has never once run slow since."
CMC_InnKeeperTalk_Miller_3_Answer_GoOn,Who won the wager?
CMC_InnKeeperTalk_Miller_4_Line,"Miller finished first by a good margin, flour fine as powder snow, and the merchant handed over that cloak with about as much grace as a man can manage while grumbling the whole time. They shared the cask of cider together that same night, thick as old friends by the time it was empty, and the merchant still stops through every harvest to needle the miller about that river's 'generosity.' Nobody's proven a thing, mind you, but that mill has never once run slow since."
CMC_InnKeeperTalk_Miller_4_Answer_Thanks,Sounds like the miller found a clever edge.
CMC_InnKeeperTalk_Miller_4_Answer_Wry,I wonder how generous that river really was.
CMC_InnKeeperTalk_Ferryman_1_Line,"There's an old crossing further down the river, past where most folk care to wander, where they say a ferryman still waits for passengers who never quite arrive. My grandmother told it first, how on certain fog thick nights you can hear the creak of oarlocks out on the water with no boat in sight to match the sound; she never crossed there after dark again, not once in her whole life. Story goes he ferried travelers across for a fair coin his whole life, honest work, until one crossing in a storm the current took the boat and him with it, and he was never found. Some say he still keeps to his old post out of habit more than haunting, waiting on a fare that drowned along with him. Others say he's simply forgotten he's not needed anymore, and keeps rowing all the same."
CMC_InnKeeperTalk_Ferryman_1_Answer_GoOn,Has anyone seen him?
CMC_InnKeeperTalk_Ferryman_2_Line,"Story goes he ferried travelers across for a fair coin his whole life, honest work, until one crossing in a storm the current took the boat and him with it, and he was never found. Some say he still keeps to his old post out of habit more than haunting, waiting on a fare that drowned along with him. Others say he's simply forgotten he's not needed anymore, and keeps rowing all the same."
CMC_InnKeeperTalk_Ferryman_2_Answer_GoOn,Has anyone seen him?
CMC_InnKeeperTalk_Ferryman_3_Line,"A trapper I knew swore he saw a lantern bobbing low over the water one autumn night, right where the old landing used to stand before the river shifted its course. Called out to it, thinking it a traveler in trouble, and the light simply drifted off downstream without a word of answer, faster than any current should carry it. He didn't go back to that stretch of river again, not for trapping, not for anything, and truth be told I don't think anyone else rightly wants to either. Some tales are better left as tales, a light on the water, an old creak of oarlocks, nothing more than that so long as you keep your distance and mind your own crossing. All the same, if you ever find yourself down by that old landing after dark, I'd thank you to walk the long way round instead, just to be safe."
CMC_InnKeeperTalk_Ferryman_3_Answer_GoOn,Did he ever find out the truth of it?
CMC_InnKeeperTalk_Ferryman_4_Line,"No, and truth be told I don't think anyone rightly wants to. Some tales are better left as tales, a light on the water, an old creak of oarlocks, nothing more than that so long as you keep your distance and mind your own crossing. All the same, if you ever find yourself down by that old landing after dark, I'd thank you to walk the long way round instead, just to be safe."
CMC_InnKeeperTalk_Ferryman_4_Answer_Thanks,"I'll take the long way round, just in case."
CMC_InnKeeperTalk_Ferryman_4_Answer_Wry,Maybe he just wants exact fare.
CMC_ClayFlats_CardName,Clay Shoal
CMC_Env_ClayFlats_CardName,Clay Shoal
CMC_ClayFlats_CardDescription,"Low-lying wetland flats dominated by alder trees, with patches of exposed clay ideal for digging."
CMC_ClayFlats_CardHelpSection,"<b>Alder Clearing, Wetlands, Riverbank:</b>

<b>Conditions:</b> Acidic and humid soil.

<b>Flora:</b> Alders, Bog Myrtle, Kingcup, Forest Caps, Spirit Mushrooms.

<b>Fauna:</b> Frogs, Mosquitoes.

<b>Also:</b> A clay-rich mound along the bank can be dug for raw clay."
CMC_MarshHollow_CardName,Sodden Hollow
CMC_Env_MarshHollow_CardName,Sodden Hollow
CMC_MarshHollow_CardDescription,"A boggy depression filled with marsh plants, willows, and alder growth, with standing pools of water."
CMC_MarshHollow_CardHelpSection,"<b>Alder Clearing:</b>

<b>Flora:</b> Alders, Willows, Birch, Appleweed, Moss.

<b>Fauna:</b> Mosquitoes."
CMC_MossyClearing_CardName,Moss-Grown Clearing
CMC_Env_MossyClearing_CardName,Moss-Grown Clearing
CMC_MossyClearing_CardDescription,A shaded oak clearing where moisture and shade have encouraged thick moss growth on the damp ground.
CMC_MossyClearing_CardHelpSection,"<b>Oak Clearing:</b>

<b>Flora:</b> Oaks, Birch, Appleweed, Healer's Moss, Spirit Mushrooms, Acorns (autumn), Forest Caps.

<b>Fauna:</b> Squirrels, Boars."
CMC_PineTrail_CardName,Pine Trail
CMC_Env_PineTrail_CardName,Pine Trail
CMC_PineTrail_CardDescription,"A narrow path winding through dense pine forest, its floor soft with needles and moss."
CMC_PineTrail_CardHelpSection,"<b>Pine Grove:</b>

<b>Conditions:</b> Acidic soil.

<b>Flora:</b> Pines, Healer's Moss, Fireroot, Bilberries (summer), Pine Nuts (autumn), Fly Agaric.

<b>Fauna:</b> Squirrels."
CMC_HighGrove_CardName,Highland Pines
CMC_Env_HighGrove_CardName,Highland Pines
CMC_HighGrove_CardDescription,"An elevated pine grove with tall, straight trees spaced among moss-covered rocks, offering clear views across the surrounding landscape."
CMC_HighGrove_CardHelpSection,"<b>Pine Grove:</b>

<b>Conditions:</b> Acidic soil. Windy.

<b>Flora:</b> Pines, Healer's Moss, Fireroot, Bilberries (summer), Pine Nuts (autumn), Fly Agaric.

<b>Fauna:</b> Squirrels, Partridges, Foxes, Does, Stags, Wolves."
Bp_CMC_CottageMiller_CardName,Miller's Cottage
Bp_CMC_CottageMiller_CardDescription,"Raise a small stone-and-timber cottage in the village, a modest home, not a landmark. Can only be built at the Village."
Bp_CMC_CottageMiller_UnlockConditionsDesc,Hear the Inn Keeper's plans for the village
CMC_CottageMiller_CardName,Miller's Cottage
CMC_CottageMiller_CardDescription,A small stone-and-timber cottage in the village. Someone's clearly fixing the place up; the whole street feels a little more lived-in for it.
CMC_CottageMiller_DA_Enter,Enter the Cottage
CMC_CottageMiller_DA_Enter_Fade,Entering the cottage...
CMC_MillerCottageInterior_CardName,Miller's Cottage
CMC_MillerCottageInteriorLocation_CardName,Miller's Cottage
CMC_MillerCottageExit_CardName,Cottage Door
CMC_MillerCottageExit_DA_Exit,Exit
CMC_MillerCottageExit_DA_Exit_Fade,Leaving the cottage...
Bp_CMC_CottageWeaver_CardName,Weaver's Cottage
Bp_CMC_CottageWeaver_CardDescription,"Raise a second village cottage on the same stone-and-timber frame as the first, finished with cloth hangings, woven fiber, and rope lashings. Can only be built at the Village."
Bp_CMC_CottageWeaver_UnlockConditionsDesc,Hear the Inn Keeper's plans for the village
CMC_CottageWeaver_CardName,Weaver's Cottage
CMC_CottageWeaver_CardDescription,"A second village cottage, its walls hung with dyed cloth and its frame lashed tight with rope. Cozier than Miller's place, if a little draftier."
CMC_CottageWeaver_DA_Enter,Enter the Cottage
CMC_CottageWeaver_DA_Enter_Fade,Entering the cottage...
CMC_WeaverCottageInterior_CardName,Weaver's Cottage
CMC_WeaverCottageInteriorLocation_CardName,Weaver's Cottage
CMC_WeaverCottageExit_CardName,Cottage Door
CMC_WeaverCottageExit_DA_Exit,Exit
CMC_WeaverCottageExit_DA_Exit_Fade,Leaving the cottage...
Bp_CMC_VillageHall_CardName,Village Hall
Bp_CMC_VillageHall_CardDescription,"The village's civic centerpiece, a genuine landmark, raised stage by stage from heavy foundation stones to plastered civic walls. Its Notice Board will track the village's growing renown. Can only be built at the Village."
Bp_CMC_VillageHall_UnlockConditionsDesc,Hear the Inn Keeper's plans for the village
CMC_VillageHall_CardName,Village Hall
CMC_VillageHall_CardDescription,"The village's civic centerpiece, raised in stone and plaster. Its Notice Board tracks the village's growing renown, earned from every cottage, well, bridge, and market stall the settlement has built."
CMC_VillageHall_SD1_Name,Village Renown
CMC_VillageHall_DA_Enter,Enter the Village Hall
CMC_VillageHall_DA_Enter_Fade,Entering the Village Hall...
CMC_VillageHallInterior_CardName,Village Hall
CMC_VillageHallInteriorLocation_CardName,Village Hall
CMC_VillageHallExit_CardName,Village Hall Door
CMC_VillageHallExit_DA_Exit,Exit
CMC_VillageHallExit_DA_Exit_Fade,Leaving the Village Hall...
CMC_BoardTown_CardName,Village Standing
CMC_BoardTown_CardDescription,A civic board summarizing the village's current standing and the finished works that now count toward it.
CMC_BoardInnKeeper_CardName,Inn Keeper's Board
CMC_BoardInnKeeper_CardDescription,A small board where the Inn Keeper posts news of the Inn.
CMC_BoardMiller_CardName,Miller's Board
CMC_BoardMiller_CardDescription,A small board where the Miller posts news of the Cottage.
CMC_BoardWeaver_CardName,Weaver's Board
CMC_BoardWeaver_CardDescription,A small board where the Weaver posts news of the Cottage.
CMC_BoardApothecary_CardName,Apothecary's Board
CMC_BoardApothecary_CardDescription,A small board where the Apothecary posts news of the Cabin.
CMC_BoardProfessor_CardName,Professor's Board
CMC_BoardProfessor_CardDescription,A small board where the Professor posts news of the Academy.
CMC_VillageReputation_StatName,Village Reputation
CMC_VillageReputation_StatDescription,"Net standing for the village: civic renown minus the player's own Village Crime. Shown as a Mental attribute in the character menu."
CMC_VillageCrime_StatName,Village Crime
CMC_VillageCrime_StatDescription,"Hidden notoriety tracker for the village Watch: rises when thefts and attacks are detected. Feeds into Village Reputation but stays its own independent ledger."
CMC_InnFriendship_StatName,Inn Keeper Friendship
CMC_InnFriendship_StatDescription,Hidden tracker: rises with each Chat. Gates warmer dialog and better trade prices at the Inn.
CMC_InnWellCommented_StatName,The Inn Keeper's Well Remark
CMC_InnWellCommented_StatDescription,"Hidden tracker: 0 = has not yet remarked on the finished Village Well, 1 = remarked once."
CMC_InnBridgeCommented_StatName,The Inn Keeper's Bridge Remark
CMC_InnBridgeCommented_StatDescription,"Hidden tracker: 0 = has not yet remarked on the finished River Bridge, 1 = remarked once."
CMC_InnErrandState_StatName,The Inn Keeper's Errand
CMC_InnErrandState_StatDescription,"Hidden tracker: 0 = no errand offered, 1 = accepted (delivery CI now active). Resets each season."
CMC_InnGiftGiven_StatName,The Inn Keeper's Gift
CMC_InnGiftGiven_StatDescription,"Hidden tracker: 0 = gift not yet given, 1 = given (claimable exactly once)."
CMC_InnRegularGranted_StatName,The Inn Keeper's Regard
CMC_InnRegularGranted_StatDescription,"Hidden tracker: 0 = Inn Regular perk not yet granted, 1 = granted (claimable exactly once)."
CMC_InnWellHousewarming_StatName,The Well Housewarming
CMC_InnWellHousewarming_StatDescription,"Hidden tracker: 0 = not yet told, 1 = told (claimable exactly once)."
CMC_Perk_InnRegular_PerkName,Inn Regular
CMC_Perk_InnRegular_PerkDescription,You've spent enough evenings at the Village Inn's hearth that it feels like home. Loneliness and stress creep up on you a little slower now.
CMC_InnKeeper_Regular_ActionName,Feel at Home
CMC_InnKeeper_Regular_ActionDescription,"""You know,"" the Inn Keeper says, ""you're not a stranger here anymore. This is your table, whenever you need it."""
CMC_InnKeeper_Gift_ActionName,Gift Wild Garlic
CMC_InnKeeper_Gift_ActionDescription,Hand over a bundle of wild garlic from your own foraging. The Inn Keeper's eyes light up.
CMC_InnKeeper_ErrandDeliver_ActionName,Deliver Dried Wild Garlic
CMC_InnKeeper_ErrandDeliver_ActionDescription,Hand over the dried wild garlic the Inn Keeper asked for.
CMC_InnKeeperTalk_WellRemark_Line,"Would you look at that. The well's finished, deep and cold and true. My father would have liked seeing it done. Thank you for lending a hand."
CMC_InnKeeperTalk_WellRemark_Answer_Proud,It's good work. You should be proud.
CMC_InnKeeperTalk_WellRemark_Answer_Modest,"Mostly the village's doing, really."
CMC_InnKeeperTalk_BridgeRemark_Line,"I hear the river's got a proper bridge across it now. Used to be you'd take your chances fording it, or not go at all. Makes this whole valley feel a little smaller, a little friendlier."
CMC_InnKeeperTalk_BridgeRemark_Answer_Useful,It's saved me a soaking more than once.
CMC_InnKeeperTalk_BridgeRemark_Answer_Agree,Smaller and friendlier sounds right.
CMC_InnKeeperTalk_WellHousewarming_Line,"Actually, glad you're here. We're closing up early tonight and walking out to the well together, whole village, for a proper toast. Won't be long. Care to come, or mind the hearth while we're gone?"
CMC_InnKeeperTalk_WellHousewarming_Answer_Join,Wouldn't miss it.
CMC_InnKeeperTalk_WellHousewarming_Answer_Watch,Go on. I'll keep an eye on things here.
CMC_InnKeeperTalk_WellHousewarming_Toast_Line,"""To the well,"" he says later, cup raised against the dark, ""and to everyone fool enough to help dig it."" The whole village laughs and drinks. By the time the fire's died down, he's already talking about what to build next."
CMC_InnKeeperTalk_WellHousewarming_Toast_Answer_Exit,A fine toast.
CMC_InnKeeperTalk_ErrandOffer_Line,"Actually, I could use a hand with something. My dried wild garlic's run low and the stew's suffering for it. Bring me some and I'll make it worth your while."
CMC_InnKeeperTalk_ErrandOffer_Answer_Accept,I'll bring you some.
CMC_InnKeeperTalk_ErrandOffer_Answer_Decline,Maybe another time.
CMC_InnKeeperTalk_ErrandActive_Line,"Still keeping an eye out for that dried wild garlic? No rush, but the stew's counting on you."
CMC_InnKeeperTalk_ErrandActive_Answer_Working,Working on it.
CMC_InnKeeperTalk_Friendship_Warm_Line,"There you are. Sit, sit. I've been saving the good chair for whoever wandered in looking like they needed it most, and lately that's usually you."
CMC_InnKeeperTalk_AboutProfessor_Answer_Ask,The Professor at the Academy?
CMC_InnKeeperTalk_AboutProfessor_Line,"The Professor? Sharp as a tack and twice as dry. Comes down from the Academy some evenings for a bowl of stew and to grumble about students who don't read. Good company, once you get a few words out of him."
CMC_InnKeeperTalk_AboutProfessor_Answer_Exit,Good to know.
CMC_ProfessorGreeting_AboutInnKeeper_Answer_Ask,What do you make of the Inn Keeper down the way?
CMC_ProfessorGreeting_AboutInnKeeper_Line,"The Inn Keeper? A good soul, and a better cook than any of us give credit for. I take my supper there most evenings, it's quieter than the lecture hall, and nobody asks me to grade anything."
CMC_ProfessorGreeting_AboutInnKeeper_Answer_Exit,Good to know.
CMC_Professor_Menu_Trade,Got anything for trade?
CMC_Professor_Menu_WhereToday,Where were your rounds today?
CMC_Professor_Menu_Studies,How am I doing as a student?
CMC_Professor_Menu_Quiz,"Test me, Professor."
CMC_Professor_Menu_Advice,Any advice for a field scholar?
CMC_Professor_Menu_Backstory,How did you come to teach here?
CMC_Professor_Menu_Ash,The innkeeper's cat has taken to me.
CMC_Professor_Menu_Bridge,The river bridge is finished.
CMC_ProfessorGreeting_GiftVale_Answer,I had good teachers.
CMC_ProfessorGreeting_GiftVale_Line,"Stand still a moment. Six courses. Six! In all my years at this lectern nobody has taken every degree the Academy offers. Consider yourself, formally, our first Valedictorian. This purse is the endowment prize; I've been guarding it for someone worth handing it to."
CMC_ProfessorGreeting_GiftFirst_Answer,"Thank you, Professor."
CMC_ProfessorGreeting_GiftFirst_Line,"One moment, before anything else. You've passed your first course. Do you know how few villagers ever finish one? Here, a small prize from the Academy's coffers. Put it toward your next enrollment, or don't; it's yours."
CMC_ProfessorGreeting_TrustHigh_Line,"Come in, come in. Of everyone in this village, you're the only one who asks the right questions. Sit. What's on your mind?"
CMC_ProfessorGreeting_TrustMid_Line,"Ah, my favorite irregular student. I was hoping you'd stop by. What shall it be today?"
CMC_ProfessorGreeting_SeasonSpring_Line,"Spring again. The forest floor is a syllabus all its own, every seedling a footnote. What can I do for you?"
CMC_ProfessorGreeting_SeasonSummer_Line,A fine summer's day. I would lecture outdoors if the students wouldn't doze in the grass. What brings you?
CMC_ProfessorGreeting_SeasonAutumn_Line,"Autumn: harvest for farmers, examinations for scholars. Both reward preparation. Yes?"
CMC_ProfessorGreeting_SeasonWinter_Line,Bitter out. A good season for study: the cold keeps the mind sharp and the students indoors. What do you need?
CMC_Professor_Answer_Ok,"Noted, Professor."
CMC_ProfessorGreeting_NodePath_Line,"The path today: mostly gravel and gossip, but I picked up a few useful stones. Mind the ruts by the old fencepost if you head that way."
CMC_ProfessorGreeting_NodeFarm_Line,"The farmland. Good roots this time of year, if you know where the soil stays soft. The farmer thinks I'm mad, wading about the furrows with a satchel. He may be right."
CMC_ProfessorGreeting_NodeVillage_Line,"Just the village square, trading pleasantries and picking up oddments. One learns more at a market stall than in some lectures, though don't quote me to my students."
CMC_ProfessorGreeting_NodeForest_Line,"The Foraging Forest. Mind the nettles. Worth every sting, though; the understory was generous today. Half my satchel came from a single clearing."
CMC_ProfessorGreeting_StudiesNone_Line,"Frankly? You've yet to sit a single final. The lectern takes deposits of salt, nuggets, or coin, and I promise the hours pass faster than you fear. Come. Ignorance is curable."
CMC_ProfessorGreeting_StudiesSome_Line,"Coming along well. You've a degree to your name, more than most who drift through here. Keep at it; the Academy's best shelf is reserved for those who finish all six."
CMC_ProfessorGreeting_StudiesAll_Line,"You've finished everything I can teach. It's an odd feeling, being out of material. Visit anyway; colleagues are rarer than students."
CMC_ProfessorGreeting_Advice_Line,Advice? Carry twine. Half of field scholarship is tying bundles. The other half is writing things down before you forget where you found them. And never eat a mushroom you can't name twice.
CMC_Professor_Answer_GoOn,Go on.
CMC_ProfessorGreeting_Backstory1_Line,"I taught in Duros, once: proper halls, proper stipends, proper politics. The politics won. A travelling merchant told me of a village raising an academy out of mud and stubbornness, and I found I preferred the stubbornness."
CMC_ProfessorGreeting_Backstory2_Line,"The first winter I lectured to three farmers and a goat. The goat left. The farmers stayed; one of them built the desk you've seen me at. You ask why I stay; that desk is why. Now, enough of an old man's history."
CMC_ProfessorGreeting_Ash_Line,So YOU'RE the one Ash chose. That cat used to prowl my lecture hall as if he held the deed to it. Mind he doesn't sleep on your notes; he has a scholar's instinct for the exact page you need.
CMC_ProfessorGreeting_Bridge_Line,"The river bridge, finished at last! Do you know what a bridge is to a village like this? A thesis in timber, proof we intend to be more than a clearing with opinions. Enrollment will thank you within the season."
CMC_ProfessorGreeting_QuizQ_Line,"Very well. A question from the entrance examination. A student returns from the forest fevered, with an angry wound. Which remedy do you reach for first?"
CMC_Professor_Quiz_A_Mushroom,"Raw spirit mushrooms, chewed slowly."
CMC_Professor_Quiz_A_Poultice,"A plantain poultice, cleaned and bound."
CMC_Professor_Quiz_A_Tea,"A strong fireroot tea, piping hot."
CMC_ProfessorGreeting_QuizRight_Line,"Precisely. Clean it, draw it, bind it; the poultice does the arguing. Full marks. The Academy awards small prizes for sound fundamentals; here."
CMC_ProfessorGreeting_QuizWrong_Line,Mm. No. Your patient is now feverish AND disappointed. Review your herbals and ask me again. The examination allows retakes; the forest rarely does.
CMC_ProfSpecimen_CardName,Specimen Request: 3 Nettle Leaves
CMC_ProfSpecimen_CardDescription,"The Professor could use three nettle leaves for his herbarium presses. A scholar's errand, paid in metal."
CMC_ProfSpecimenThanks_Line,"Ah, perfect specimens, barely bruised! These go straight to the presses. Your pay, as promised. Keep an ear out; I'll have another errand within the week."
CMC_Miller_AgentName,The Miller
CMC_Miller_AgentDescription,Moved into the Miller's Cottage a week after it was finished. Grinds the village's grain and keeps a pinch of every sack.
CMC_Miller_Talk,Talk
CMC_Miller_Chat_ActionName,Chat
CMC_Miller_Chat_ActionDescription,Trade a little village gossip while the grindstones turn.
CMC_MillerTalk_SceneTitle,The Miller
CMC_MillerTalk_Start_Line,"Ah, the builder! I wondered when you'd come knocking. The cottage suits me fine: stout walls, a dry floor, and room enough for the grindstones. The village has a miller again."
CMC_MillerTalk_Start_Answer_Work,How's the milling trade?
CMC_MillerTalk_Start_Answer_Village,How do you like the village?
CMC_MillerTalk_Start_Answer_Bye,Just passing through.
CMC_MillerTalk_Work_Line,"Steady. The farm carts me their grain and I send back flour, and I keep a pinch of every sack, which is how a miller stays fed. Bring me a good harvest some autumn and you'll see the stones sing."
CMC_MillerTalk_Work_Answer_Bye,I'll leave you to it.
CMC_MillerTalk_Village_Line,"It's young yet, but it has good bones: a well, honest neighbors, and now a roof of my own. A place worth grinding for. You built a piece of that, you know."
CMC_MillerTalk_Village_Answer_Bye,Glad to have you here.
CMC_MillerMoveIn_StatName,Miller Move-In Day
CMC_MillerMoveIn_StatDescription,Hidden tracker for the day the Miller moves into the finished cottage.
CMC_Weaver_AgentName,The Weaver
CMC_Weaver_AgentDescription,Moved into the Weaver's Cottage a week after it was finished. Keeps a loom by the window and the village in cloth.
CMC_Weaver_Talk,Talk
CMC_Weaver_Chat_ActionName,Chat
CMC_Weaver_Chat_ActionDescription,Pass the time to the clack of the loom and a bit of easy talk.
CMC_WeaverTalk_SceneTitle,The Weaver
CMC_WeaverTalk_Start_Line,"Oh! Come in out of the wind. You're the one who raised this cottage, aren't you? I've set the loom up by the window, best light in the whole village, if you ask me."
CMC_WeaverTalk_Start_Answer_Work,What are you weaving?
CMC_WeaverTalk_Start_Answer_Village,Settling in all right?
CMC_WeaverTalk_Start_Answer_Bye,I'll let you get back to it.
CMC_WeaverTalk_Work_Line,"Cloth for whoever needs it: plain and warm for winter, finer stuff when traders come through. A village that makes its own cloth never goes cold, that's what my mother always said."
CMC_WeaverTalk_Work_Answer_Bye,Lovely work.
CMC_WeaverTalk_Village_Line,"Better than all right. Well water for washing wool, neighbors who wave hello, and a door that latches against the wind. I've thread enough to stay a long while; thank you for the roof, truly."
CMC_WeaverTalk_Village_Answer_Bye,Happy to have you in the village.
CMC_WeaverMoveIn_StatName,Weaver Move-In Day
CMC_WeaverMoveIn_StatDescription,Hidden tracker for the day the Weaver moves into the finished cottage.
Combat_And_Armor_Club_CardName,Club
Combat_And_Armor_Club_CardDescription,"A stout hardwood club carved from a tree trunk. Crude, but dependable blunt power."
Combat_And_Armor_Club_UsageDurability.CardStatName,Durability
Combat_And_Armor_Club_OnZero,Club Broken!
Combat_And_Armor_Club_Dismantle_ActionName,Carve Down
Combat_And_Armor_Club_Dismantle_ActionDescription,Carve the club down into a usable long stick.
Combat_And_Armor_Bp_Club_CardName,Club
Combat_And_Armor_Bp_Club_CardDescription,Carve a stout club from a tree trunk.
Combat_And_Armor_Bp_Club_UnlockConditionsDesc,Tree Trunk Needed
Apparel_ClothMask_CardName,Cloth Mask
Apparel_ClothMask_CardDescription,A simple cloth face covering tied behind the head. Keeps the wind and the worst of the dust off your face.
Apparel_ClothMask_UsageDurability.CardStatName,Condition
Apparel_ClothMask_OnZero,The cloth mask has fallen apart.
Apparel_ClothMask_RipUp_ActionName,Rip up
Apparel_ClothMask_RipUp_ActionDescription,Rip the mask apart to recover the cloth.
Apparel_Bp_ClothMask_CardName,Cloth Mask
Apparel_Bp_ClothMask_CardDescription,Sew a simple face covering from a piece of cloth and twine.
Apparel_Bp_ClothMask_UnlockConditionsDesc,The Weaver and Apothecary's masks for powder work
Apparel_LongJohns_CardName,Long Johns
Apparel_LongJohns_CardDescription,"Snug cloth leggings worn under trousers. An extra layer between you and the cold, with a little padding besides."
Apparel_LongJohns_UsageDurability.CardStatName,Condition
Apparel_LongJohns_OnZero,The long johns have worn through.
Apparel_LongJohns_RipUp_ActionName,Rip up
Apparel_LongJohns_RipUp_ActionDescription,Rip the long johns apart to recover the cloth.
Apparel_Bp_LongJohns_CardName,Long Johns
Apparel_Bp_LongJohns_CardDescription,Sew snug cloth leggings to wear under trousers.
Apparel_Bp_LongJohns_UnlockConditionsDesc,Bring the Weaver a bundle of wool or fiber
Pottery_GlazedPlate_CardName,Glazed Clay Plate
Pottery_GlazedPlate_CardDescription,"A clay plate finished with a smooth ash glaze and refired. Far tougher than plain earthenware, and it wipes clean."
Pottery_GlazedPlate_UsageDurability,Durability
Pottery_GlazedPlate_Broken,The glazed plate has shattered.
Pottery_Bp_GlazedPlate_CardName,Glazed Clay Plate
Pottery_Bp_GlazedPlate_CardDescription,"Coat a clay plate in ash glaze and refire it into tough, glossy tableware."
Pottery_Bp_GlazedPlate_UnlockConditionsDesc,Bring the Inn Keeper dried foragables for the winter pantry
Hunters_Cache_HuntingStandKit_CardName,Hunting Stand Kit
Hunters_Cache_HuntingStandKit_CardDescription,"Planks, poles, and lashings bundled for raising an elevated hunting stand against a tree."
Hunters_Cache_HuntingStandKit_SetUp_ActionName,Set Up
Hunters_Cache_HuntingStandKit_SetUp_ActionDescription,Lash the platform to a sturdy tree at this location.
Hunters_Cache_HuntingStand_CardName,Hunting Stand
Hunters_Cache_HuntingStand_CardDescription,A simple elevated platform lashed to a tree. Being off the ground makes you much harder for predators to detect.
Hunters_Cache_HuntingStand_CardHelpSection,"<b>Effect:</b> While this stand is at a location, wild-animal encounters there have a ~45% chance to be averted.

<b>Take Down:</b> Recover the stand as a portable kit.

<b>Dismantle:</b> Break it down into planks and sticks."
Hunters_Cache_HuntingStand_TakeDown_ActionName,Take Down
Hunters_Cache_HuntingStand_TakeDown_ActionDescription,Unlash the platform and bundle it back into a portable kit.
Hunters_Cache_HuntingStand_Dismantle_ActionName,Dismantle
Hunters_Cache_HuntingStand_Dismantle_ActionDescription,Break the stand down into planks and sticks.
Hunters_Cache_Bp_HuntingStand_CardName,Hunting Stand
Hunters_Cache_Bp_HuntingStand_CardDescription,Build an elevated tree platform that keeps you out of predators' sight. Wild-animal encounters at its location are often averted.
CMC_InnCat_BoarHunt_OnZero,Goes Hunting
CMC_InnCat_BoarHunt_OnZero_Desc,"Ash slips out after dusk, hot on the scent of something in the underbrush."
CMC_AshTrackingBoar_CardName,"Ash, On the Hunt"
CMC_AshTrackingBoar_CardDescription,Ash didn't come home. He's gone to Hunter's Crossing — head there to find him. Once you do he'll have a boar cornered in the thicket.
CMC_AshTrackingBoar_DA_CornerBoar,Corner the Boar
CMC_AshTrackingBoar_DA_CornerBoar_Desc,Ash has the boar pinned in the thicket. Move in together and force the fight.
CMC_AshBoarTrail_CardName,Ash's Trail
CMC_AshBoarTrail_CardDescription,A tuft of grey fur and a scuff of paw prints in the mud. Ash slipped out after dark — the tracks lead toward Hunter's Crossing.
Bp_CMC_ApothecaryCabin_CardName,Apothecary's Cabin
Bp_CMC_ApothecaryCabin_CardDescription,"Raise a small herbalist's cabin among the pines of the Foraging Forest, with drying-racks under the eaves and a lean-to for the roots. Learned only by graduating the Academy's Herbalism course. Can only be built in the Foraging Forest."
Bp_CMC_ApothecaryCabin_UnlockConditionsDesc,Graduate the Academy's Herbalism course
CMC_ApothecaryCabin_CardName,Apothecary's Cabin
CMC_ApothecaryCabin_CardDescription,A snug herbalist's cabin tucked among the pines. Bundles of drying herbs hang under the eaves and the whole clearing smells faintly of nettle and resin. Someone has made a home of the forest.
CMC_Apothecary_AgentName,The Apothecary
CMC_Apothecary_AgentDescription,"A wandering herbalist who settled into a cabin at the edge of the Foraging Forest. Trades in salves, teas, and dried herbs, and knows every root within a day's walk."
CMC_Apothecary_Talk,Talk
CMC_Apothecary_Chat_ActionName,Chat
CMC_Apothecary_Chat_ActionDescription,Swap news of the woods and the weather while she sorts the day's cuttings.
CMC_Apothecary_GiveStallKit_ActionName,Give Market Stall Kit
CMC_Apothecary_GiveStallKit_ActionDescription,Hand over the market stall kit you built. She's delighted; she'll start spending her days trading in the village square.
CMC_ApothecaryMoveIn_StatName,Apothecary Move-In Day
CMC_ApothecaryMoveIn_StatDescription,Hidden tracker for the day the Apothecary moves into the finished cabin at the Foraging Forest.
CMC_ApothecaryStallGifted_StatName,The Apothecary's Stall
CMC_ApothecaryStallGifted_StatDescription,"Hidden tracker: 0 = the market stall kit has not yet been gifted (she stays at her cabin), 1 or more = gifted (she commutes to the village to trade by day)."
CMC_ApothecaryTalk_SceneTitle,The Apothecary
CMC_ApothecaryTalk_Start_Line,"Ah, the one who built me this cabin, come in, mind the drying racks. The forest's been good to me: nettle by the stream, moss on the north stones, more roots than I can press in a day. It's the finest workshop I've ever kept."
CMC_ApothecaryTalk_Start_Answer_Work,What are you brewing these days?
CMC_ApothecaryTalk_Start_Answer_Home,How do you find life out here in the forest?
CMC_ApothecaryTalk_Start_Answer_Stall,Thought about selling in the village?
CMC_ApothecaryTalk_Start_Answer_Thanks,How's the village stall treating you?
CMC_ApothecaryTalk_Start_Answer_Bye,Just looking in on you.
CMC_ApothecaryTalk_Work_Line,"Salves, mostly: healing and soothing both, and teas for whatever the season throws at you. Dry the willow bark right and it'll take the edge off any ache. Bring me herbs I don't have to walk for and I'll always find you a fair trade."
CMC_ApothecaryTalk_Work_Answer_Bye,I'll keep that in mind.
CMC_ApothecaryTalk_Home_Line,"Quiet, and I like it quiet. The wolves keep their distance and the pines keep the wind off. I trained at the Academy same as you might have, but a herbalist belongs where the herbs grow, not behind a lectern. This clearing is exactly where I ought to be."
CMC_ApothecaryTalk_Home_Answer_Bye,It suits you.
CMC_ApothecaryTalk_StallAsk_Line,"Funny you should say it, I've been thinking the same. The forest keeps me stocked but nobody walks all this way for a tea. If you could build one of those market stalls for the village square, I'd tend it myself between pressings. Build one and bring it to me."
CMC_ApothecaryTalk_StallAsk_Answer_Accept,I'll build it and bring it to you.
CMC_ApothecaryTalk_StallThanks_Line,The stall's a joy: I set it up in the square each morning and walk back here at dusk. Folk who'd never brave the forest for a remedy will happily buy one over a market counter. You did me a real kindness with that. Come find me there if the cabin's empty.
CMC_ApothecaryTalk_StallThanks_Answer_Bye,Glad it's working out.
CMC_ApothecaryCabinInterior_CardName,Apothecary's Cabin
CMC_ApothecaryCabinInteriorLocation_CardName,Apothecary's Cabin
CMC_ApothecaryCabinExit_CardName,Cabin Door
CMC_ApothecaryCabinExit_DA_Exit,Exit
CMC_ApothecaryCabinExit_DA_Exit_Fade,Leaving the cabin...
CMC_ApothecaryCabin_DA_Enter,Enter the Cabin
CMC_ApothecaryCabin_DA_Enter_Fade,Entering the cabin...
CMC_ApothecaryHealingMixture_BP_Name,Rare Herb Mixture
CMC_ApothecaryHealingMixture_BP_Desc,"Bundle together the rarest herbs the forest and its herb-gardens have to offer: dried ginseng, dried reishi, and dried hemp flower, bound with a handful of dried nettle. The Apothecary knows exactly what to do with it."
CMC_ApothecaryHealingMixture_BP_UnlockDesc,Graduate the Academy's Herbalism course
CMC_ApothecaryHealingMixture_CardName,Rare Herb Mixture
CMC_ApothecaryHealingMixture_CardDesc,"A mortar-bundle of the rarest herbs the forest and its herb-gardens have to offer, bound together for the Apothecary. It isn't much use to anyone else; carry it to her cabin and give it to her."
CMC_ApothecaryHealingMixture_Help,Rare Herb Mixture
CMC_ApothecaryHealingPotion_CardName,Powerful Healing Potion
CMC_ApothecaryHealingPotion_CardDesc,"A dark, bitter brew the Apothecary spent two full days over: ginseng, reishi, and hemp reduced down to something much stronger than any salve. Drink it in dire need."
CMC_ApothecaryHealingPotion_Help,Powerful Healing Potion
CMC_ApothecaryHealingPotion_Drink,Drink
CMC_ApothecaryHealingPotion_Drink_Desc,"Drink the potion. It burns going down, then the pain just... stops."
CMC_Apothecary_GiveHealingMixture_ActionName,Give Herb Mixture
CMC_Apothecary_GiveHealingMixture_ActionDescription,Hand over the rare herb mixture. She sets everything else aside; this is going to take her a couple of days to get right.
CMC_ApothecaryPotionCraftDay_StatName,The Apothecary's Brewing
CMC_ApothecaryPotionCraftDay_StatDescription,Hidden tracker: 0 = not brewing. A small in-between value marks a just-gifted mixture pending C# arming. 1 or more = the absolute day the Powerful Healing Potion will be ready.
Bp_CMC_MillerPlanks_CardName,Mill Logs into Planks
Bp_CMC_MillerPlanks_CardDescription,The Miller saws 3 logs' worth of planks (24 Plank) for a small fee in copper.
Bp_CMC_MillerPlanks_UnlockConditionsDesc,Available at the Miller's Cottage
Bp_CMC_MillerGrindWheat_CardName,Grind Wheat into Flour
Bp_CMC_MillerGrindWheat_CardDescription,"The Miller grinds a sack of wheat grains into flour, keeping a copper nugget for the work."
Bp_CMC_MillerGrindWheat_UnlockConditionsDesc,Available at the Miller's Cottage
Bp_CMC_MillerGrindRye_CardName,Grind Rye into Flour
Bp_CMC_MillerGrindRye_CardDescription,"The Miller grinds a sack of rye grains into flour, keeping a copper nugget for the work."
Bp_CMC_MillerGrindRye_UnlockConditionsDesc,Available at the Miller's Cottage
Bp_CMC_MillerGrindAcorn_CardName,Grind Acorns into Flour
Bp_CMC_MillerGrindAcorn_CardDescription,"The Miller grinds a batch of edible acorns into flour, keeping a copper nugget for the work."
Bp_CMC_MillerGrindAcorn_UnlockConditionsDesc,Available at the Miller's Cottage
Bp_CMC_WeaverRope_CardName,Weave Rope
Bp_CMC_WeaverRope_CardDescription,"The Weaver twists fiber into rope for less material than working it alone, for a fee in copper."
Bp_CMC_WeaverRope_UnlockConditionsDesc,Available at the Weaver's Cottage
Bp_CMC_WeaverLargeCloth_CardName,Weave Large Cloth
Bp_CMC_WeaverLargeCloth_CardDescription,"The Weaver works fiber straight into large cloth on the loom for less material than working it alone, for a fee in copper."
Bp_CMC_WeaverLargeCloth_UnlockConditionsDesc,Available at the Weaver's Cottage
Bp_CMC_WeaverProcessNettle_CardName,Process Nettle Stems into Fiber
Bp_CMC_WeaverProcessNettle_CardDescription,"The Weaver processes a bundle of dried nettle stems into fiber, for a fee in copper."
Bp_CMC_WeaverProcessNettle_UnlockConditionsDesc,Available at the Weaver's Cottage
Bp_CMC_WeaverProcessFlax_CardName,Process Flax Stems into Fiber
Bp_CMC_WeaverProcessFlax_CardDescription,"The Weaver processes a bundle of dry flax stems into fiber, for a fee in copper."
Bp_CMC_WeaverProcessFlax_UnlockConditionsDesc,Available at the Weaver's Cottage
Bp_CMC_WeaverProcessHemp_CardName,Process Hemp Stalks into Fiber
Bp_CMC_WeaverProcessHemp_CardDescription,"The Weaver processes a bundle of hemp stalks into fiber, for a fee in copper."
Bp_CMC_WeaverProcessHemp_UnlockConditionsDesc,Available at the Weaver's Cottage (requires Herbs & Fungi)
CMC_MillerTalk_Start_Answer_Story,Got a story for me?
CMC_MillerTalk_Start_Answer_QuestOffer,Anything you need a hand with?
CMC_MillerTalk_QuestOffer_Line,"Actually, since you're asking. My own store's run thin and the farm's grain hasn't come round yet this week. Bring me a wheat grain and I'll owe you one. Nothing fancy, just don't want the stones sitting idle."
CMC_MillerTalk_QuestOffer_Answer_Accept,I'll bring you some.
CMC_MillerTalk_QuestOffer_Answer_Decline,Maybe another time.
CMC_MillerTalk_QuestThanks_Line,"There we are. Stones'll sing again by morning. I won't forget this, you're the sort of neighbor this village needed, and didn't know it yet."
CMC_MillerTalk_QuestThanks_Answer_Glad,Glad to help.
CMC_MillerTalk_Story1_Line,"A story? Ha. All right, since you built me the roof. Years back, before I ever came here, I milled in a town three valleys over. There was another miller across the river, proud man, and one harvest we made a wager: whoever ground a full cart of grain fastest by sundown kept the other's best grindstone."
CMC_MillerTalk_Story1_Answer_GoOn,And? Who won?
CMC_MillerTalk_Story2_Line,"I did, by two full sacks. But here's the thing about a wheel wager: it isn't the arms that win it, it's the water. I'd spent the whole week before quietly clearing the leaves and silt out of my own millrace so the wheel ran free, while his was choking half-shut and he never thought to look."
CMC_MillerTalk_Story2_Answer_Fair,Did you play fair?
CMC_MillerTalk_Story3_Line,"Fair? I kept my own house in order and he didn't, that's all. Nothing in the wager said a word about whose race ran cleaner. Still, I'll grant you it wasn't the whole of it, and I've never quite told it straight to anyone until now."
CMC_MillerTalk_Story3_Answer_Admit,So you admit it.
CMC_MillerTalk_Story3_Answer_Secret,Your secret's safe with me.
CMC_MillerTalk_Story4_Line,"He took it in good humor in the end, once his temper cooled. Told me a miller who watches his water deserves the wheel, and gave me the grindstone without another word. I've cleared my race every week since, out of respect for him as much as habit. Just don't go repeating the water part around the village, eh?"
CMC_MillerTalk_Story4_Answer_Close,Wouldn't dream of it.
CMC_WeaverTalk_Start_Answer_Story,Got a story for me?
CMC_WeaverTalk_Start_Answer_QuestOffer,Anything you need a hand with?
CMC_WeaverTalk_QuestOffer_Line,"If you're passing the farm rows, I've a pattern I've been dying to try, but it wants more flax than my own plot gives up in a season. Bring me a good bundle of dried flax stems and I'll show you something worth the wait."
CMC_WeaverTalk_QuestOffer_Answer_Accept,I'll gather some for you.
CMC_WeaverTalk_QuestOffer_Answer_Decline,Maybe another time.
CMC_WeaverTalk_QuestThanks_Line,"Oh, this'll do nicely. Here, I sketched a wall hanging out ages ago and never had the flax to spare for a first try. The pattern's yours now, same as the idea was. Loom's always warm if you want to see it made."
CMC_WeaverTalk_QuestThanks_Answer_Thanks,"Thank you, I'll treasure it."
CMC_WeaverTalk_Story1_Line,"A story. Let me think. My mother wove before me, and hers before her. The last winter she was well, she was spinning a spindle of nettle-fiber thread by the fire, thin as a hair and twice as stubborn. She said nettle punishes a lazy hand but never a patient one."
CMC_WeaverTalk_Story1_Answer_GoOn,What happened to it?
CMC_WeaverTalk_Story2_Line,"She never finished it. She got too weak to hold the spindle steady, and it sat on the shelf half-spun through the whole of that last spring. I couldn't bring myself to touch it. It felt like finishing it would mean she was really gone."
CMC_WeaverTalk_Story2_Answer_GoOn,Did you ever pick it up?
CMC_WeaverTalk_Story3_Line,"A full year later, on the first cold night, I finally sat down and spun the rest of it. My hands remembered hers, somehow. The thread came out even, no knots, no breaks, the whole length of it. I still don't know how, patient hand or not. I keep telling myself I made it. Truthfully I think we made it together."
CMC_WeaverTalk_Story3_Answer_GoOn,What did you do with the thread?
CMC_WeaverTalk_Story4_Line,"I wove it into the hem of the shawl I wear every winter, this one, here. You'd never pick it out from the rest, and that's the point. She's a single thread running through the whole of it, holding, not breaking. So when I tell you a good thread is worth waiting a year for, you understand I mean it more than one way."
CMC_WeaverTalk_Story4_Answer_Close,That's the finest thing I've heard in a long while.
CMC_ApothecaryTalk_Start_Answer_HerbQuest,Anything else you're short on?
CMC_ApothecaryTalk_HerbQuestOffer_Line,"Since you're forever in those woods anyway, there are three things I've never enough of on hand: billberries, springberries, and spirit mushrooms, all fresh, mind, not dried. Bring me all three together and I'll finally have what I need for something stronger than what I sell."
CMC_ApothecaryTalk_HerbQuestOffer_Answer_Accept,I'll keep an eye out for all three.
CMC_ApothecaryTalk_HerbQuestOffer_Answer_Decline,I'll see what I can do.
CMC_ApothecaryTalk_HerbQuestThanks_Line,"All three, and none of them bruised. You've got a forager's hands, whether you know it or not. Give me a day or so and I'll have something worth more than a tea for it. Here, the recipe's yours too; you've earned the knowing of it."
CMC_ApothecaryTalk_HerbQuestThanks_Answer_Thanks,Happy to forage for you.
CMC_Professor_Menu_Specimen,Need anything pressed for your herbarium?
CMC_ProfessorGreeting_SpecimenPointer_Line,"As it happens, I've a standing request on the board for nettle leaves, three fresh ones, whenever you've a moment in the forest. Small thing, but my herbarium thanks you all the same."
CMC_ProfessorGreeting_SpecimenPointer_Answer_Close,I'll keep an eye out.
CMC_InnKeeperTalk_Cat2ndLife_1_Line,"You know, this inn's always had exactly one cat. Never two, never none for long, just the one. Ash isn't the first. Before him there was an old three-legged tom named Soot, black as a cold hearth, and he picked my father the very same way Ash picked you: walked in unbidden one evening and simply decided he lived here."
CMC_InnKeeperTalk_Cat2ndLife_1_Answer_GoOn,What became of Soot?
CMC_InnKeeperTalk_Cat2ndLife_2_Line,"One hard winter he wandered off into the Old Woods and never came back. We looked, I'll tell you, we looked for weeks. And then for two full years, not a single cat came near the place. Not a stray, not a barn kitten, nothing. It was as if the inn itself was in mourning and wouldn't take another."
CMC_InnKeeperTalk_Cat2ndLife_2_Answer_GoOn,And then Ash turned up?
CMC_InnKeeperTalk_Cat2ndLife_3_Line,"The very week the well was finished, out he strolled from nowhere, this scruffy young thing, and made himself at home on the warm hearthstone like he'd always owned it. I've chosen to believe, half in jest and half not, that a place only earns a cat again once it's proven it deserves one. And you helped prove it."
CMC_InnKeeperTalk_Cat2ndLife_3_Answer_Close,Maybe he was just waiting for the right place to be worth it.
CMC_Miller_GiveWheatGrain_ActionName,Give Wheat Grain
CMC_Miller_GiveWheatGrain_ActionDescription,"Hand over a wheat grain for the Miller's errand. He tips it straight onto the hopper, pleased the stones won't sit idle."
CMC_Weaver_GiveFlaxStems_ActionName,Give Dried Flax Stems
CMC_Weaver_GiveFlaxStems_ActionDescription,Hand over a bundle of dried flax stems for the Weaver's errand. Her eyes light up; she already knows the pattern she'll try.
CMC_Apothecary_GiveBillberries_ActionName,Give Billberries
CMC_Apothecary_GiveBillberries_ActionDescription,Hand over a handful of fresh billberries for the Apothecary's request. She checks them for bruising and sets them in a clean bowl.
CMC_Apothecary_GiveSpringberries_ActionName,Give Springberries
CMC_Apothecary_GiveSpringberries_ActionDescription,"Hand over a handful of fresh springberries for the Apothecary's request. She nods, pleased they're still firm."
CMC_Apothecary_GiveSpiritMushrooms_ActionName,Give Spirit Mushrooms
CMC_Apothecary_GiveSpiritMushrooms_ActionDescription,"Hand over fresh spirit mushrooms for the Apothecary's request. She handles them carefully, murmuring about how rarely they come in unspoiled."
CMC_MillerStoryStep_StatName,The Miller's Tale Progress
CMC_MillerStoryStep_StatDescription,Hidden tracker for how far into the Miller's four-part tale (0-4) the player has heard.
CMC_MillerGrainQuest_StatName,The Miller's Grain Errand
CMC_MillerGrainQuest_StatDescription,"Legacy flavor counter for the Miller's grain errand. Errand progress is tracked by QuestArmed (0.5 = grain delivered) and QuestChain, matching the leather and plank errands."
CMC_WeaverStoryStep_StatName,The Weaver's Tale Progress
CMC_WeaverStoryStep_StatDescription,Hidden tracker for how far into the Weaver's four-part tale (0-4) the player has heard.
CMC_WeaverFlaxQuest_StatName,The Weaver's Flax Errand
CMC_WeaverFlaxQuest_StatDescription,"Hidden tracker: 0 = not offered, 1 = active (bring dried flax stems), 2 = delivered and thanked."
CMC_ApothecaryHerbQuest_StatName,The Apothecary's Herb Request
CMC_ApothecaryHerbQuest_StatDescription,"Hidden tracker: 0 = not offered, 0.5 = accepted, then +1 per fresh herb delivered (billberries, springberries, spirit mushrooms); 3.5 = all three in, 4.5 = thanked and cleared."
CMC_QuestRenownMillerGrain_StatName,Renown: Miller's Errand
CMC_QuestRenownMillerGrain_StatDescription,Hidden one-shot flag: 1 once the Miller's grain errand is completed. Contributes to Village Renown.
CMC_QuestRenownWeaverFlax_StatName,Renown: Weaver's Errand
CMC_QuestRenownWeaverFlax_StatDescription,Hidden one-shot flag: 1 once the Weaver's flax errand is completed. Contributes to Village Renown.
CMC_QuestRenownApothecaryHerbs_StatName,Renown: Apothecary's Herbs
CMC_QuestRenownApothecaryHerbs_StatDescription,Hidden one-shot flag: 1 once the Apothecary's herb request is completed. Contributes to Village Renown.
CMC_QuestRenownProfSpecimen_StatName,Renown: Professor's Specimen
CMC_QuestRenownProfSpecimen_StatDescription,Hidden one-shot flag: 1 once the Professor's specimen commission is completed. Contributes to Village Renown.
CMC_InnKeeperTalk_Intro_Line,"Well now, come in, come in. A new face in the valley is rarer than a dry spring. Sit; the fire doesn't charge. I keep this inn, and if you mean to last in these woods, you and I ought to get acquainted first."
CMC_InnKeeperTalk_Intro_Answer_How,How do things work around here?
CMC_InnKeeperTalk_Intro_Answer_Leave,Just warming my hands for now.
CMC_InnKeeperTalk_Intro_Money_Line,"Simple enough. Minted coin is scarce out here; what the village trusts is salt and metal. Salt, nuggets, coins: all of it spends. Leave a deposit with me and I'll keep you an account, meals and a warm bed drawn against it at fair rates. The Academy across the way runs the same: the Professor draws tuition from a lectern account for his courses. Earn, deposit, spend: that's the whole economy."
CMC_InnKeeperTalk_Intro_Money_Answer_Projects,Anything around here I could help with?
CMC_InnKeeperTalk_Intro_Money_Answer_Later,I'll think it over.
CMC_InnKeeperTalk_Intro_Projects_Line,"Now that you ask, this village dreams bigger than its hands. A proper cottage for a miller: there's a man who'd grind grain for the whole valley if he had a roof over his stones. Another for a weaver, so we stop hauling every bolt of cloth in by cart. And a Village Hall, so the place finally has a heart to gather in. Help raise them, and you'll find this village doesn't forget its friends."
CMC_InnKeeperTalk_Intro_Projects_Answer_In,Count me in.
CMC_InnKeeperTalk_Intro_Close_Line,"Ha! I knew I liked you. The plans are yours to study whenever you're ready, no rush; the village has waited this long. Ask around, lend a hand where you can, and watch this valley wake up. My door's always open: a meal, a bed, or a look through the pantry."
CMC_InnKeeperTalk_Intro_Close_Answer_Done,(Shake his hand)
CMC_InnKeeperTalk_IntroRecap_Line,"The short of it: salt, nuggets, and coins are what spend here. Leave a deposit with me and your meals and bed draw against it; the Professor's lectern takes tuition the same way. And the projects: the Miller's Cottage, the Weaver's Cottage, and the Village Hall. The plans are in your journal; the hope is all ours."
CMC_InnKeeperTalk_IntroRecap_Answer_Thanks,Thanks for the refresher.
CMC_InnKeeperTalk_Start_Answer_Recap,Remind me how the village works.
CMC_ProfessorGreeting_Redirect_Line,"Hm? Ah, forgive me, I don't lecture strangers. In this valley introductions come first: present yourself to the Keeper at the Inn, let him show you how the village works. Once you're acquainted, my door, and my syllabus, will be open to you."
CMC_ProfessorGreeting_Redirect_Answer_Ok,I'll go and introduce myself.
CMC_VillagePhase_StatName,Village Standing
CMC_VillagePhase_StatDescription,Hidden village-timeline phase gate (0 undiscovered / 1 introduced).
CMC_VillageEpochDay_StatName,Village Epoch Day
CMC_VillageEpochDay_StatDescription,Hidden Village Clock anchor day stamped when the intro completes.
CMC_VillageWeek_StatName,Village Week
CMC_VillageWeek_StatDescription,Hidden Village Clock week counter derived from the epoch day.
CMC_InnOnboardStep_StatName,The Inn Keeper's Onboarding
CMC_InnOnboardStep_StatDescription,Hidden sequencer keeping onboarding beats to one per conversation.
CMC_InnKeeperTalk_TraitWelcome_Line,"There you are! I'd have sworn we'd met before you ever walked in, word travels, and I already think of you as one of ours. Save the two of us the formal introductions, then: this inn is yours to use, meals and a bed both, the village's projects are open for the helping, and the Academy across the way will take you as a student any day you like. Ask around and settle in."
CMC_InnKeeperTalk_TraitWelcome_Answer_Thanks,Good to finally meet you properly.
CMC_InnTraitWelcomeGiven_StatName,Inn Trait Welcome Given
CMC_InnTraitWelcomeGiven_StatDescription,"Hidden tracker: 0 = the Village Inn trait's one-time welcome line has not played, 1 = played (claimable exactly once)."
CMC_ApothecaryTalk_InterlockS2Offer_Answer_Ok,I'll see what she can spare.
CMC_ApothecaryTalk_InterlockS2Offer_Line,"Grinding powders kicks up more dust than you'd think, gets in the eyes, the nose, everywhere. If the Weaver can spare a length of cloth, I could sew myself a proper mask instead of tying a rag over my face like some bandit."
CMC_ApothecaryTalk_InterlockS2Thanks_Answer_Ok,I'll pass that along.
CMC_ApothecaryTalk_InterlockS2Thanks_Line,"Good weave, tight enough to keep the worst of the dust out. Tell the Weaver her cloth's finally doing honest work for someone other than herself. Here, the pattern's yours, in case you've a dusty errand of your own someday."
CMC_ApothecaryTalk_PowderQuestOffer_Answer_Accept,I'll bring you both.
CMC_ApothecaryTalk_PowderQuestOffer_Answer_Decline,I'll see what I can find.
CMC_ApothecaryTalk_PowderQuestOffer_Line,"Since you're asking, I could use charcoal and a good handful of dried heather flowers. Grind them right and you get a pigment worth more than the sum of its parts, dyes, paints, all sorts of uses."
CMC_ApothecaryTalk_PowderQuestThanks_Answer_Glad,Glad to help.
CMC_ApothecaryTalk_PowderQuestThanks_Line,"Good char, good flowers, no waste in either. Grind them together and you've got yourself a proper pigment. Take the trick, I've no use hoarding it."
CMC_ApothecaryTalk_Start_Answer_InterlockS2,Could the Weaver help with your dust problem?
CMC_ApothecaryTalk_Start_Answer_PowderQuest,What about powders and dyes?
CMC_Apothecary_GiveCharcoal_ActionDescription,Hand over a piece of charcoal for the Apothecary's powder work. She sets it aside with the rest of her grinding stock.
CMC_Apothecary_GiveCharcoal_ActionName,Give Charcoal
CMC_Apothecary_GiveClothForMask_ActionDescription,Hand over a length of cloth for a dust mask. She holds it up to her face to check the fit.
CMC_Apothecary_GiveClothForMask_ActionName,Give Cloth
CMC_Apothecary_GiveDriedFlowers_ActionDescription,"Hand over dried heather flowers for the Apothecary's powder work. She crumbles a petal between her fingers, testing the dryness."
CMC_Apothecary_GiveDriedFlowers_ActionName,Give Dried Heather Flowers
CMC_InnKeeperTalk_InterlockS3Offer_Answer_Ok,I'll see what he's got milled.
CMC_InnKeeperTalk_InterlockS3Offer_Line,"I've a mind to set a proper baking day, but I'm short on milled flour. The Miller's got a mill sitting idle half the week, if you'd bring me some of what he grinds, wheat or rye, either does."
CMC_InnKeeperTalk_InterlockS3Thanks_Answer_Ok,I'll pass that along.
CMC_InnKeeperTalk_InterlockS3Thanks_Line,"Good fine grind, the Miller knows his stones. Baking day's on for certain now. Tell him the whole Inn will smell like bread by supper, that ought to please him. Here, a plate pattern for the trouble, freshly painted to match the occasion."
CMC_InnKeeperTalk_InterlockS5Offer_Answer_Ok,I'll see what she's got.
CMC_InnKeeperTalk_InterlockS5Offer_Line,"Between you and me, some of my regulars overdo it on brew night and I'm tired of hearing about it the morning after. The Apothecary's herb paste settles a stomach better than anything I've tried. Bring me some and I'll keep it behind the bar."
CMC_InnKeeperTalk_InterlockS5Thanks_Answer_Ok,I'll pass that along.
CMC_InnKeeperTalk_InterlockS5Thanks_Line,"That'll settle a few stomachs come morning. Tell the Apothecary the whole common room owes her a favor she'll never collect on. Here, a burner pattern for the trouble, might as well have something nice for the bar too."
CMC_InnKeeperTalk_QuestOffer2_Answer_Accept,I'll bring you a stew.
CMC_InnKeeperTalk_QuestOffer2_Answer_Decline,Maybe another time.
CMC_InnKeeperTalk_QuestOffer2_Line,"Truth told, the pot's been lonely lately, same broth every night wears thin. Bring me a hot cooked stew and I'll dish it up proper, might even earn you a keepsake for the trouble."
CMC_InnKeeperTalk_QuestOffer3_Answer_Accept,I'll bring you some ale.
CMC_InnKeeperTalk_QuestOffer3_Answer_Decline,Maybe another time.
CMC_InnKeeperTalk_QuestOffer3_Line,"Brew night's coming and my own stock's run dry. Bring me a beer or ale and I'll make sure it's poured right, on the house even, once or twice."
CMC_InnKeeperTalk_QuestOffer4_Answer_Accept,I'll bring you a wine.
CMC_InnKeeperTalk_QuestOffer4_Answer_Decline,Maybe another time.
CMC_InnKeeperTalk_QuestOffer4_Line,"For the top shelf, mind, not the common stock, I'd like a wine or a second brew, something worth setting aside for a good occasion. Bring me one and I'll make it worth your while."
CMC_InnKeeperTalk_QuestOffer5_Answer_Accept,I'll bring you some dried foragables.
CMC_InnKeeperTalk_QuestOffer5_Answer_Decline,Maybe another time.
CMC_InnKeeperTalk_QuestOffer5_Line,"Winter's the hardest stretch for a pantry. Bring me some dried mushrooms or dried berries, whatever you've got put by, and I'll square us up proper come the thaw."
CMC_InnKeeperTalk_QuestThanks2_Answer_Glad,Glad the pot's happy again.
CMC_InnKeeperTalk_QuestThanks2_Line,"Now that's a proper stew, thick and hearty, the kind that sticks to a traveler's ribs on a cold night. The whole common room will smell of it by supper, and I expect a crowd once word gets around. Here, a painted bowl to serve it in, real color to it instead of plain clay, the least the pot deserves after being neglected so long."
CMC_InnKeeperTalk_QuestThanks3_Answer_Glad,I'll drink to that.
CMC_InnKeeperTalk_QuestThanks3_Line,"Brew night's saved, and just in time too, half the regulars were already grumbling about a dry bar before you walked in. Here's a painted cup to pour it in, better than the chipped ones we've been making do with since my father's day. Cheers, when you've a moment to sit, you've more than earned the first pour."
CMC_InnKeeperTalk_QuestThanks4_Answer_Glad,Save me a glass when it does.
CMC_InnKeeperTalk_QuestThanks4_Line,"Now that's a top-shelf pour if I ever saw one, the kind I'll be saving for someone's wedding toast or the day the Village Hall finally got its roof. Here's a painted vase to keep it in until the right occasion comes along, and around here, one always does sooner or later. You've got a good eye for quality, I'll say that for you."
CMC_InnKeeperTalk_QuestThanks5_Answer_Glad,Here's hoping for plenty more.
CMC_InnKeeperTalk_QuestThanks5_Line,"Now the pantry's set for the worst of it, shelves packed tight enough that I won't be lying awake fretting over the deep frost this year. Here, a glazed plate, tougher than the plain clay, fired twice over so it won't crack the first time someone sets it down too hard. Ought to last through however many winters this Inn has left in it, and I mean to see quite a few more of them yet."
CMC_InnKeeperTalk_Start_Answer_InterlockS5,Rough mornings after brew night?
CMC_InnKeeperTalk_Start_Answer_QuestOffer2,The pot's been quiet lately.
CMC_InnKeeperTalk_Start_Answer_QuestOffer3,Any brew night planned?
CMC_InnKeeperTalk_Start_Answer_QuestOffer4,What's for the top shelf?
CMC_InnKeeperTalk_Start_Answer_QuestOffer5,How's the winter pantry?
CMC_InnKeeper_ErrandDeliverRepeat_ActionDescription,Hand over the dried wild garlic the Inn Keeper asked for.
CMC_InnKeeper_ErrandDeliverRepeat_ActionName,Deliver Dried Wild Garlic
CMC_InnKeeper_GiveAle_ActionDescription,"Hand over a batch of ale for brew night. The Inn Keeper sniffs the cask, satisfied."
CMC_InnKeeper_GiveAle_ActionName,Give Ale
CMC_InnKeeper_GiveDriedSpringberries_ActionDescription,Hand over dried springberries for the winter pantry. The Inn Keeper stacks them with the rest of the stores.
CMC_InnKeeper_GiveDriedSpringberries_ActionName,Give Dried Springberries
CMC_InnKeeper_GiveFlour_ActionDescription,"Hand over milled flour for baking day. The Inn Keeper dusts a hand through it, testing the grind."
CMC_InnKeeper_GiveFlour_ActionName,Give Flour
CMC_InnKeeper_GiveHerbPaste_ActionDescription,Hand over herb paste for the morning-after remedy. The Inn Keeper tucks it behind the bar with a knowing look.
CMC_InnKeeper_GiveHerbPaste_ActionName,Give Herb Paste
CMC_InnKeeper_GiveStew_ActionDescription,Hand over a pot of hot cooked stew. The Inn Keeper ladles out a bowl for herself before it even reaches the counter.
CMC_InnKeeper_GiveStew_ActionName,Give Hot Stew
CMC_InnKeeper_GiveWine_ActionDescription,"Hand over a bottle for the top shelf. The Inn Keeper holds it up to the firelight, admiring the color."
CMC_InnKeeper_GiveWine_ActionName,Give Wine
CMC_MillerTalk_QuestOffer2_Answer_Accept,I'll bring you some leather.
CMC_MillerTalk_QuestOffer2_Answer_Decline,Maybe another time.
CMC_MillerTalk_QuestOffer2_Line,"Truth be told, the belts on the grindstone are worn thin as paper. Bring me some hides, small leather will do fine, and I can patch them up proper instead of praying every morning."
CMC_MillerTalk_QuestOffer3_Answer_Accept,I'll bring you some planks.
CMC_MillerTalk_QuestOffer3_Answer_Decline,Maybe another time.
CMC_MillerTalk_QuestOffer3_Line,"One more thing, since you're clearly the helpful sort. My workbench is missing a good few planks, don't suppose you've got any spare from that sawmill of yours?"
CMC_MillerTalk_QuestThanks2_Answer_Glad,Glad it helped.
CMC_MillerTalk_QuestThanks2_Line,"Now that's a proper patch job. Stones'll turn smooth as a millpond now. Here, I've been meaning to put up a hunter's platform out past the fields, figured you'd want the plans more than I would."
CMC_MillerTalk_QuestThanks3_Answer_Glad,Happy to help.
CMC_MillerTalk_QuestThanks3_Line,"Perfect, just what the bench needed. You've a good eye for craft, you know. Here's something for the trouble, an old stonecutting trick my father showed me. Might come in handy for flooring."
CMC_MillerTalk_Start_Answer_QuestOffer2,Need anything for the mill?
CMC_MillerTalk_Start_Answer_QuestOffer3,Anything else you're short on?
CMC_Miller_GiveLeather_ActionDescription,"Hand over a small piece of leather for the Miller's grindstone belts. He turns it over, testing the give in it, and nods."
CMC_Miller_GiveLeather_ActionName,Give Small Leather
CMC_Miller_GivePlanks_ActionDescription,"Hand over a stack of planks for the Miller's workbench. He sets them against the wall, already planning what to build."
CMC_Miller_GivePlanks_ActionName,Give Planks
CMC_ProfessorGreeting_InterlockS4Offer_Answer_Ok,I'll see if she has one to spare.
CMC_ProfessorGreeting_InterlockS4Offer_Line,"Winter fieldwork is a misery without the right coat, and I hear the Weaver's cut a fine one lately. If you could bring me one of her cloth coats, I'd finally survey properly instead of shivering through it."
CMC_ProfessorGreeting_InterlockS4Thanks_Answer_Ok,"I'll pass that along, Professor."
CMC_ProfessorGreeting_InterlockS4Thanks_Line,"Warm as promised, good stitching too. Tell the Weaver a scholar's gratitude keeps him from freezing in a ditch this winter. Here, a vest pattern, quilted the same way, in case you ever need one yourself."
CMC_ProfessorGreeting_QuestOffer2_Answer_Accept,I'll bring you some clay.
CMC_ProfessorGreeting_QuestOffer2_Answer_Decline,Maybe another time.
CMC_ProfessorGreeting_QuestOffer2_Line,"Ah, yes! A ruin out past the old tree line, I surveyed it years ago, half-collapsed even then. I've always meant to reconstruct it in miniature. Bring me clay and I'll finally have the material to try."
CMC_ProfessorGreeting_QuestOffer3_Answer_Accept,I'll bring you some metal nuggets.
CMC_ProfessorGreeting_QuestOffer3_Answer_Decline,Maybe another time.
CMC_ProfessorGreeting_QuestOffer3_Line,"There's an old legend the villagers used to tell, a dragon in the hills, more metaphor than beast, I suspect, but a fine subject for a cast figure all the same. Bring me some metal nuggets and I'll see what I can make of it."
CMC_ProfessorGreeting_QuestOffer4_Answer_Accept,I'll bring you bones or antler.
CMC_ProfessorGreeting_QuestOffer4_Answer_Decline,Maybe another time.
CMC_ProfessorGreeting_QuestOffer4_Line,"One more project, if you'll indulge me. I've been reconstructing an old armor style from bone and antler, lamellar work, older than anything smithed. Bring me bones or antler and I'll show you how it was done."
CMC_ProfessorGreeting_QuestThanks2_Answer_Ok,"Happy to humor you, Professor."
CMC_ProfessorGreeting_QuestThanks2_Line,"Marvelous, good workable clay, no grit or shale in it at all. I've spent the evening sketching the castle from memory, towers and all, and I think I've finally got the proportions of that collapsed east wall right after eleven years of guessing. Here, the figurine pattern is yours. It's the least I can offer for humoring an old scholar's nostalgia, and honestly the least of what you've earned for it."
CMC_ProfessorGreeting_QuestThanks3_Answer_Ok,"A fine lesson, Professor."
CMC_ProfessorGreeting_QuestThanks3_Line,"Good weight to these, enough to cast properly without the metal thinning out mid-pour. Here's the dragon figurine pattern, legend cast in clay and metal same as the old villagers must have imagined it, more shape than scale, more shadow than beast. Might teach the village children a thing or two about where stories come from, and maybe teach the rest of us that a good tale doesn't need to be true to be worth keeping."
CMC_ProfessorGreeting_QuestThanks4_Answer_Ok,"I'll wear it with pride, Professor."
CMC_ProfessorGreeting_QuestThanks4_Line,"Exactly the material I needed, clean and dry, no rot in it to weaken the lacing. Here's the reconstruction, bone lamellar, laced the old way, plate over plate the way it was worn generations before anyone in this valley learned to smelt. Wear it and you're carrying a piece of scholarship as much as armor, and one fewer forgotten technique in the world besides."
CMC_ProfessorGreeting_Start_Answer_InterlockS4,Anything you need for the field?
CMC_ProfessorGreeting_Start_Answer_QuestOffer2,You mentioned a ruin once?
CMC_ProfessorGreeting_Start_Answer_QuestOffer3,Something cast from legend?
CMC_ProfessorGreeting_Start_Answer_QuestOffer4,You mentioned historical armor?
CMC_Professor_GiveBonesOrAntler_ActionDescription,"Hand over bones or antler for the Professor's armor reconstruction. He lays the piece out on the table, comparing it to a sketch."
CMC_Professor_GiveBonesOrAntler_ActionName,Give Bones or Antler
CMC_Professor_GiveClay_ActionDescription,"Hand over a lump of clay for the Professor's ruined castle. He turns it over, already sketching towers in his mind."
CMC_Professor_GiveClay_ActionName,Give Clay
CMC_Professor_GiveClothCoat_ActionDescription,"Hand over a cloth coat for winter fieldwork. He shrugs it on immediately, testing the warmth."
CMC_Professor_GiveClothCoat_ActionName,Give Cloth Coat
CMC_Professor_GiveMetalNuggets_ActionDescription,"Hand over metal nuggets for the Professor's dragon cast. He weighs them in his palm, pleased at the heft."
CMC_Professor_GiveMetalNuggets_ActionName,Give Metal Nuggets
CMC_WeaverTalk_InterlockS1Offer_Answer_Ok,I'll see what she's pressing.
CMC_WeaverTalk_InterlockS1Offer_Line,"I heard the Apothecary's finally pressing pigment worth using. If you can get me two batches, different shades, I've got a pattern that wants three colors instead of one. Worth the extra trip, I promise you."
CMC_WeaverTalk_InterlockS1Thanks_Answer_Ok,I'll pass that along.
CMC_WeaverTalk_InterlockS1Thanks_Line,"Three colors, just like that. The Apothecary always did have a good eye for a shade, better than mine, if I'm honest. Here, the tricolor pattern's yours, tell her I said her powders made it possible."
CMC_WeaverTalk_QuestOffer2_Answer_Accept,I'll bring you some cloth.
CMC_WeaverTalk_QuestOffer2_Answer_Decline,Maybe another time.
CMC_WeaverTalk_QuestOffer2_Line,"Since you asked, bring me a length of cloth you've made yourself, off your own loom or someone else's, I don't mind. I want to see what hands other than mine can do with warp and weft."
CMC_WeaverTalk_QuestOffer3_Answer_Accept,I'll bring you a scarf.
CMC_WeaverTalk_QuestOffer3_Answer_Decline,Maybe another time.
CMC_WeaverTalk_QuestOffer3_Line,"Bring me a cloth scarf, one you've sewn, not one you've bought off some peddler. I want to see if you've been paying attention to how I put a seam together."
CMC_WeaverTalk_QuestOffer4_Answer_Accept,I'll bring you a bundle.
CMC_WeaverTalk_QuestOffer4_Answer_Decline,Maybe another time.
CMC_WeaverTalk_QuestOffer4_Line,"Winter's coming and my own fiber stores are thin. Bring me a bundle of wool or fiber and I'll show you something to wear under everything else, warmest trick I know."
CMC_WeaverTalk_QuestOffer5_Answer_Accept,I'll bring you a large cloth.
CMC_WeaverTalk_QuestOffer5_Answer_Decline,Maybe another time.
CMC_WeaverTalk_QuestOffer5_Line,"I've had my eye on a full coat pattern, but it wants a large piece of cloth to work with, more than a scarf, more than a shirt. Bring me one and I'll cut it for you myself."
CMC_WeaverTalk_QuestOffer6_Answer_Accept,I'll bring you some large leather.
CMC_WeaverTalk_QuestOffer6_Answer_Decline,Maybe another time.
CMC_WeaverTalk_QuestOffer6_Line,"Leather's not my usual trade, but I know what to do with a large piece of it. Bring me one and I'll cut you an apron, the kind that saves your clothes from every spark and spill."
CMC_WeaverTalk_QuestOffer7_Answer_Accept,I'll bring you some leather.
CMC_WeaverTalk_QuestOffer7_Answer_Decline,Maybe another time.
CMC_WeaverTalk_QuestOffer7_Line,"One more, and then I'll leave your errands be for a while. Bring me a small piece of leather and I'll show you how to make sandals that won't fall apart the first time you cross a river."
CMC_WeaverTalk_QuestThanks2_Answer_Glad,Glad it's useful.
CMC_WeaverTalk_QuestThanks2_Line,"Now that's honest work, even weave, tight edges. You've got the hands for this, whether you know it or not. Here, I sketched a wall hanging pattern that wants exactly this kind of cloth. It's yours."
CMC_WeaverTalk_QuestThanks3_Answer_Glad,It's a fine pattern.
CMC_WeaverTalk_QuestThanks3_Line,"Look at that seam, hardly a pucker in it. You have been paying attention. Here, a hood-and-cape pattern I've been saving, a chaperon, sturdy enough for real work and sharp enough for the village square."
CMC_WeaverTalk_QuestThanks4_Answer_Glad,I'll be glad of them come winter.
CMC_WeaverTalk_QuestThanks4_Line,"Plenty here for a proper undergarment. Long johns, snug at the ankle and the wrist, keep the wind from ever finding skin. My mother swore by them and so will you."
CMC_WeaverTalk_QuestThanks5_Answer_Glad,I'll wear it proudly.
CMC_WeaverTalk_QuestThanks5_Line,"That's plenty of cloth, good weight to it too. Here's the coat pattern, full-length, warm as a hearth. Wear it well."
CMC_WeaverTalk_QuestThanks6_Answer_Glad,That'll save my clothes.
CMC_WeaverTalk_QuestThanks6_Line,"Good hide, thick enough to matter. Here's the apron pattern, worth its weight the first time a spark jumps off a fire and lands somewhere you'd rather it hadn't."
CMC_WeaverTalk_QuestThanks7_Answer_Glad,"You've kept me busy, and I'm grateful for it."
CMC_WeaverTalk_QuestThanks7_Line,"Small piece, but the right size for a good sole. Here's the sandal pattern, laced tight, won't slip off in the mud or the shallows. That's the last errand I've got for now, and I mean it this time."
CMC_WeaverTalk_Start_Answer_InterlockS1,Have you heard about the Apothecary's pigments?
CMC_WeaverTalk_Start_Answer_QuestOffer2,Show me your weave?
CMC_WeaverTalk_Start_Answer_QuestOffer3,Want to see my work?
CMC_WeaverTalk_Start_Answer_QuestOffer4,Need any wool or fiber?
CMC_WeaverTalk_Start_Answer_QuestOffer5,Anything else you're working toward?
CMC_WeaverTalk_Start_Answer_QuestOffer6,Got another project in mind?
CMC_WeaverTalk_Start_Answer_QuestOffer7,One more thing for the loom?
CMC_Weaver_GiveClothScarf_ActionDescription,"Hand over a cloth scarf you sewed yourself. The Weaver checks the seams closely, then nods."
CMC_Weaver_GiveClothScarf_ActionName,Give Cloth Scarf
CMC_Weaver_GiveCloth_ActionDescription,"Hand over a length of cloth you wove yourself. The Weaver runs it between her fingers, checking the weft."
CMC_Weaver_GiveCloth_ActionName,Give Cloth
CMC_Weaver_GiveFiberBundle_ActionDescription,"Hand over a bundle of fiber for the Weaver's winter project. She sets it by the loom, pleased at the weight of it."
CMC_Weaver_GiveFiberBundle_ActionName,Give Fiber Bundle
CMC_Weaver_GiveLargeCloth_ActionDescription,Hand over a large piece of cloth for the coat pattern. The Weaver spreads it out across the table to measure it.
CMC_Weaver_GiveLargeCloth_ActionName,Give Large Cloth
CMC_Weaver_GiveLargeLeather_ActionDescription,"Hand over a large piece of leather for the apron pattern. The Weaver runs a hand across the hide, testing its give."
CMC_Weaver_GiveLargeLeather_ActionName,Give Large Leather
CMC_Weaver_GivePigmentFirst_ActionDescription,"Hand over a batch of pigment from the Apothecary's press. The Weaver's eyes light up, but she says she'll need a second batch, a different shade, before she has her three colors."
CMC_Weaver_GivePigmentFirst_ActionName,Give Pigment
CMC_Weaver_GivePigmentSecond_ActionDescription,"Hand over the second batch of pigment. The Weaver lines the two colors up against a scrap of undyed cloth, already picturing the third."
CMC_Weaver_GivePigmentSecond_ActionName,Give Second Pigment
CMC_Weaver_GiveSmallLeather_ActionDescription,Hand over a small piece of leather for the sandal pattern. The Weaver holds it up to the light and nods.
CMC_Weaver_GiveSmallLeather_ActionName,Give Small Leather
Comfort_StrawMat_Bp_UnlockConditionsDesc,Help the Weaver with a bundle of flax
Comfort_TricolorWallHanging_Bp_UnlockConditionsDesc,The Weaver and Apothecary's three colors
Comfort_WovenWallHanging_Bp_UnlockConditionsDesc,Show the Weaver your own weave
CMC_BoardInnKeeper_DA_Status1_Name,Active errand: a hot meal
CMC_BoardInnKeeper_DA_Status1_Desc,The Inn Keeper could use your help: a hot meal.
CMC_BoardInnKeeper_DA_Hint1_Name,A hint: cook up something warm
CMC_BoardInnKeeper_DA_Hint1_Desc,A hint: cook up something warm.
CMC_BoardInnKeeper_DA_Status2_Name,Active errand: ale or beer
CMC_BoardInnKeeper_DA_Status2_Desc,The Inn Keeper could use your help: ale or beer.
CMC_BoardInnKeeper_DA_Hint2_Name,A hint: bring a round for brew night
CMC_BoardInnKeeper_DA_Hint2_Desc,A hint: bring a round for brew night.
CMC_BoardInnKeeper_DA_Status3_Name,Active errand: a fine wine or a second ale
CMC_BoardInnKeeper_DA_Status3_Desc,The Inn Keeper could use your help: a fine wine or a second ale.
CMC_BoardInnKeeper_DA_Hint3_Name,A hint: find something worth saving for a good occasion
CMC_BoardInnKeeper_DA_Hint3_Desc,A hint: find something worth saving for a good occasion.
CMC_BoardInnKeeper_DA_Status4_Name,Active errand: dried mushrooms or berries
CMC_BoardInnKeeper_DA_Status4_Desc,The Inn Keeper could use your help: dried mushrooms or berries.
CMC_BoardInnKeeper_DA_Hint4_Name,A hint: put a little something by for winter
CMC_BoardInnKeeper_DA_Hint4_Desc,A hint: put a little something by for winter.
CMC_BoardInnKeeper_DA_Status5_Name,Active errand: news of the woods
CMC_BoardInnKeeper_DA_Status5_Desc,The Inn Keeper could use your help: news of the woods.
CMC_BoardInnKeeper_DA_Hint5_Name,A hint: see what the forest has been keeping from him
CMC_BoardInnKeeper_DA_Hint5_Desc,A hint: see what the forest has been keeping from him.
CMC_BoardInnKeeper_DA_Teaser1_Name,Word around the village: something warm from the kitchen
CMC_BoardInnKeeper_DA_Teaser1_Desc,"The Inn Keeper may have another small errand in mind before long — something to do with something warm from the kitchen, if the timing's right."
CMC_BoardInnKeeper_DA_Teaser2_Name,Word around the village: a drink for brew night
CMC_BoardInnKeeper_DA_Teaser2_Desc,"The Inn Keeper may have another small errand in mind before long — something to do with a drink for brew night, if the timing's right."
CMC_BoardInnKeeper_DA_Teaser3_Name,Word around the village: something worth setting aside
CMC_BoardInnKeeper_DA_Teaser3_Desc,"The Inn Keeper may have another small errand in mind before long — something to do with something worth setting aside, if the timing's right."
CMC_BoardInnKeeper_DA_Teaser4_Name,Word around the village: provisions for the pantry
CMC_BoardInnKeeper_DA_Teaser4_Desc,"The Inn Keeper may have another small errand in mind before long — something to do with provisions for the pantry, if the timing's right."
CMC_BoardInnKeeper_DA_Teaser5_Name,Word around the village: a story worth telling
CMC_BoardInnKeeper_DA_Teaser5_Desc,"The Inn Keeper may have another small errand in mind before long — something to do with a story worth telling, if the timing's right."
CMC_BoardInnKeeper_DA_trust_low_Name,Standing in the village: trust low
CMC_BoardInnKeeper_DA_trust_low_Desc,"The Inn Keeper is friendly enough, but this is still mostly business."
CMC_BoardInnKeeper_DA_trust_mid_Name,Standing in the village: trust mid
CMC_BoardInnKeeper_DA_trust_mid_Desc,"The Inn Keeper treats you like a regular now, not just another traveler passing through."
CMC_BoardInnKeeper_DA_trust_high_Name,Standing in the village: trust high
CMC_BoardInnKeeper_DA_trust_high_Desc,The Inn Keeper counts you among the village's own — you're family at the Inn.
CMC_BoardInnKeeper_DA_Log1_Name,A past errand: a hot meal
CMC_BoardInnKeeper_DA_Log1_Desc,You once helped the inn keeper with a hot meal — and were thanked for it.
CMC_BoardInnKeeper_DA_Log2_Name,A past errand: ale or beer
CMC_BoardInnKeeper_DA_Log2_Desc,You once helped the inn keeper with ale or beer — and were thanked for it.
CMC_BoardInnKeeper_DA_Log3_Name,A past errand: a fine wine or a second ale
CMC_BoardInnKeeper_DA_Log3_Desc,You once helped the inn keeper with a fine wine or a second ale — and were thanked for it.
CMC_BoardInnKeeper_DA_Log4_Name,A past errand: dried mushrooms or berries
CMC_BoardInnKeeper_DA_Log4_Desc,You once helped the inn keeper with dried mushrooms or berries — and were thanked for it.
CMC_BoardInnKeeper_DA_Log5_Name,A past errand: news of the woods
CMC_BoardInnKeeper_DA_Log5_Desc,You once helped the inn keeper with news of the woods — and were thanked for it.
CMC_BoardMiller_DA_Status1_Name,Active errand: a wheat grain
CMC_BoardMiller_DA_Status1_Desc,The Miller could use your help: a wheat grain.
CMC_BoardMiller_DA_Hint1_Name,A hint: bring grain before the stones sit idle
CMC_BoardMiller_DA_Hint1_Desc,A hint: bring grain before the stones sit idle.
CMC_BoardMiller_DA_Status2_Name,Active errand: hides or small leather
CMC_BoardMiller_DA_Status2_Desc,The Miller could use your help: hides or small leather.
CMC_BoardMiller_DA_Hint2_Name,A hint: find some leather for the worn belts
CMC_BoardMiller_DA_Hint2_Desc,A hint: find some leather for the worn belts.
CMC_BoardMiller_DA_Status3_Name,Active errand: spare planks
CMC_BoardMiller_DA_Status3_Desc,The Miller could use your help: spare planks.
CMC_BoardMiller_DA_Hint3_Name,A hint: spare a few planks from the sawmill
CMC_BoardMiller_DA_Hint3_Desc,A hint: spare a few planks from the sawmill.
CMC_BoardMiller_DA_Teaser1_Name,Word around the village: grain for the stones
CMC_BoardMiller_DA_Teaser1_Desc,"The Miller may have another small errand in mind before long — something to do with grain for the stones, if the timing's right."
CMC_BoardMiller_DA_Teaser2_Name,Word around the village: leather for the grindstone belts
CMC_BoardMiller_DA_Teaser2_Desc,"The Miller may have another small errand in mind before long — something to do with leather for the grindstone belts, if the timing's right."
CMC_BoardMiller_DA_Teaser3_Name,Word around the village: planks for the workbench
CMC_BoardMiller_DA_Teaser3_Desc,"The Miller may have another small errand in mind before long — something to do with planks for the workbench, if the timing's right."
CMC_BoardMiller_DA_trust_low_Name,Standing in the village: trust low
CMC_BoardMiller_DA_trust_low_Desc,The Miller is polite but reserved with you still — there's more trust to earn.
CMC_BoardMiller_DA_trust_mid_Name,Standing in the village: trust mid
CMC_BoardMiller_DA_trust_mid_Desc,The Miller has warmed to you; you're more than a passing face around here now.
CMC_BoardMiller_DA_trust_high_Name,Standing in the village: trust high
CMC_BoardMiller_DA_trust_high_Desc,The Miller trusts you as much as anyone in the village — you've more than proven yourself.
CMC_BoardMiller_DA_Log1_Name,A past errand: a wheat grain
CMC_BoardMiller_DA_Log1_Desc,You once helped the miller with a wheat grain — and were thanked for it.
CMC_BoardMiller_DA_Log2_Name,A past errand: hides or small leather
CMC_BoardMiller_DA_Log2_Desc,You once helped the miller with hides or small leather — and were thanked for it.
CMC_BoardMiller_DA_Log3_Name,A past errand: spare planks
CMC_BoardMiller_DA_Log3_Desc,You once helped the miller with spare planks — and were thanked for it.
CMC_BoardWeaver_DA_Status1_Name,Active errand: dried flax stems
CMC_BoardWeaver_DA_Status1_Desc,The Weaver could use your help: dried flax stems.
CMC_BoardWeaver_DA_Hint1_Name,A hint: bring a bundle of dried flax
CMC_BoardWeaver_DA_Hint1_Desc,A hint: bring a bundle of dried flax.
CMC_BoardWeaver_DA_Status2_Name,Active errand: a length of hand-woven cloth
CMC_BoardWeaver_DA_Status2_Desc,The Weaver could use your help: a length of hand-woven cloth.
CMC_BoardWeaver_DA_Hint2_Name,"A hint: bring cloth off a loom, any loom"
CMC_BoardWeaver_DA_Hint2_Desc,"A hint: bring cloth off a loom, any loom."
CMC_BoardWeaver_DA_Status3_Name,Active errand: a cloth scarf you've sewn
CMC_BoardWeaver_DA_Status3_Desc,The Weaver could use your help: a cloth scarf you've sewn.
CMC_BoardWeaver_DA_Hint3_Name,"A hint: sew a scarf yourself, not a bought one"
CMC_BoardWeaver_DA_Hint3_Desc,"A hint: sew a scarf yourself, not a bought one."
CMC_BoardWeaver_DA_Status4_Name,Active errand: wool or fiber
CMC_BoardWeaver_DA_Status4_Desc,The Weaver could use your help: wool or fiber.
CMC_BoardWeaver_DA_Hint4_Name,A hint: bring wool or fiber for the coldest layer
CMC_BoardWeaver_DA_Hint4_Desc,A hint: bring wool or fiber for the coldest layer.
CMC_BoardWeaver_DA_Status5_Name,Active errand: a large piece of cloth
CMC_BoardWeaver_DA_Status5_Desc,The Weaver could use your help: a large piece of cloth.
CMC_BoardWeaver_DA_Hint5_Name,A hint: bring more cloth than a scarf or shirt needs
CMC_BoardWeaver_DA_Hint5_Desc,A hint: bring more cloth than a scarf or shirt needs.
CMC_BoardWeaver_DA_Status6_Name,Active errand: a large piece of leather
CMC_BoardWeaver_DA_Status6_Desc,The Weaver could use your help: a large piece of leather.
CMC_BoardWeaver_DA_Hint6_Name,A hint: bring a big enough piece of leather
CMC_BoardWeaver_DA_Hint6_Desc,A hint: bring a big enough piece of leather.
CMC_BoardWeaver_DA_Status7_Name,Active errand: a small piece of leather
CMC_BoardWeaver_DA_Status7_Desc,The Weaver could use your help: a small piece of leather.
CMC_BoardWeaver_DA_Hint7_Name,A hint: bring a small piece of leather
CMC_BoardWeaver_DA_Hint7_Desc,A hint: bring a small piece of leather.
CMC_BoardWeaver_DA_Teaser1_Name,Word around the village: flax for a pattern she's dying to try
CMC_BoardWeaver_DA_Teaser1_Desc,"The Weaver may have another small errand in mind before long — something to do with flax for a pattern she's dying to try, if the timing's right."
CMC_BoardWeaver_DA_Teaser2_Name,Word around the village: cloth made by your own hands
CMC_BoardWeaver_DA_Teaser2_Desc,"The Weaver may have another small errand in mind before long — something to do with cloth made by your own hands, if the timing's right."
CMC_BoardWeaver_DA_Teaser3_Name,Word around the village: a scarf sewn by your own hand
CMC_BoardWeaver_DA_Teaser3_Desc,"The Weaver may have another small errand in mind before long — something to do with a scarf sewn by your own hand, if the timing's right."
CMC_BoardWeaver_DA_Teaser4_Name,Word around the village: something warm for underneath
CMC_BoardWeaver_DA_Teaser4_Desc,"The Weaver may have another small errand in mind before long — something to do with something warm for underneath, if the timing's right."
CMC_BoardWeaver_DA_Teaser5_Name,Word around the village: cloth enough for a full coat pattern
CMC_BoardWeaver_DA_Teaser5_Desc,"The Weaver may have another small errand in mind before long — something to do with cloth enough for a full coat pattern, if the timing's right."
CMC_BoardWeaver_DA_Teaser6_Name,Word around the village: leather for an apron
CMC_BoardWeaver_DA_Teaser6_Desc,"The Weaver may have another small errand in mind before long — something to do with leather for an apron, if the timing's right."
CMC_BoardWeaver_DA_Teaser7_Name,Word around the village: leather for river-crossing sandals
CMC_BoardWeaver_DA_Teaser7_Desc,"The Weaver may have another small errand in mind before long — something to do with leather for river-crossing sandals, if the timing's right."
CMC_BoardWeaver_DA_trust_low_Name,Standing in the village: trust low
CMC_BoardWeaver_DA_trust_low_Desc,The Weaver is polite but reserved with you still — there's more trust to earn.
CMC_BoardWeaver_DA_trust_mid_Name,Standing in the village: trust mid
CMC_BoardWeaver_DA_trust_mid_Desc,The Weaver has warmed to you; you're more than a passing face around here now.
CMC_BoardWeaver_DA_trust_high_Name,Standing in the village: trust high
CMC_BoardWeaver_DA_trust_high_Desc,The Weaver trusts you as much as anyone in the village — you've more than proven yourself.
CMC_BoardWeaver_DA_Log1_Name,A past errand: dried flax stems
CMC_BoardWeaver_DA_Log1_Desc,You once helped the weaver with dried flax stems — and were thanked for it.
CMC_BoardWeaver_DA_Log2_Name,A past errand: a length of hand-woven cloth
CMC_BoardWeaver_DA_Log2_Desc,You once helped the weaver with a length of hand-woven cloth — and were thanked for it.
CMC_BoardWeaver_DA_Log3_Name,A past errand: a cloth scarf you've sewn
CMC_BoardWeaver_DA_Log3_Desc,You once helped the weaver with a cloth scarf you've sewn — and were thanked for it.
CMC_BoardWeaver_DA_Log4_Name,A past errand: wool or fiber
CMC_BoardWeaver_DA_Log4_Desc,You once helped the weaver with wool or fiber — and were thanked for it.
CMC_BoardWeaver_DA_Log5_Name,A past errand: a large piece of cloth
CMC_BoardWeaver_DA_Log5_Desc,You once helped the weaver with a large piece of cloth — and were thanked for it.
CMC_BoardWeaver_DA_Log6_Name,A past errand: a large piece of leather
CMC_BoardWeaver_DA_Log6_Desc,You once helped the weaver with a large piece of leather — and were thanked for it.
CMC_BoardWeaver_DA_Log7_Name,A past errand: a small piece of leather
CMC_BoardWeaver_DA_Log7_Desc,You once helped the weaver with a small piece of leather — and were thanked for it.
CMC_BoardApothecary_DA_Status1_Name,"Active errand: fresh billberries, springberries, and spirit mushrooms"
CMC_BoardApothecary_DA_Status1_Desc,"The Apothecary could use your help: fresh billberries, springberries, and spirit mushrooms."
CMC_BoardApothecary_DA_Hint1_Name,"A hint: bring billberries, springberries, and spirit mushrooms fresh, not dried"
CMC_BoardApothecary_DA_Hint1_Desc,"A hint: bring billberries, springberries, and spirit mushrooms fresh, not dried."
CMC_BoardApothecary_DA_Status2_Name,Active errand: charcoal and dried heather flowers
CMC_BoardApothecary_DA_Status2_Desc,The Apothecary could use your help: charcoal and dried heather flowers.
CMC_BoardApothecary_DA_Hint2_Name,A hint: bring charcoal and dried heather flowers
CMC_BoardApothecary_DA_Hint2_Desc,A hint: bring charcoal and dried heather flowers.
CMC_BoardApothecary_DA_Teaser1_Name,"Word around the village: fresh forage, all three together"
CMC_BoardApothecary_DA_Teaser1_Desc,"The Apothecary may have another small errand in mind before long — something to do with fresh forage, all three together, if the timing's right."
CMC_BoardApothecary_DA_Teaser2_Name,Word around the village: the makings of a pigment
CMC_BoardApothecary_DA_Teaser2_Desc,"The Apothecary may have another small errand in mind before long — something to do with the makings of a pigment, if the timing's right."
CMC_BoardApothecary_DA_Log1_Name,"A past errand: fresh billberries, springberries, and spirit mushrooms"
CMC_BoardApothecary_DA_Log1_Desc,"You once helped the apothecary with fresh billberries, springberries, and spirit mushrooms — and were thanked for it."
CMC_BoardApothecary_DA_Log2_Name,A past errand: charcoal and dried heather flowers
CMC_BoardApothecary_DA_Log2_Desc,You once helped the apothecary with charcoal and dried heather flowers — and were thanked for it.
CMC_BoardProfessor_DA_Status1_Name,Active errand: a specimen for his weekly commission
CMC_BoardProfessor_DA_Status1_Desc,The Professor could use your help: a specimen for his weekly commission.
CMC_BoardProfessor_DA_Hint1_Name,A hint: bring him whatever specimen he's asked for this week
CMC_BoardProfessor_DA_Hint1_Desc,A hint: bring him whatever specimen he's asked for this week.
CMC_BoardProfessor_DA_Status2_Name,Active errand: clay
CMC_BoardProfessor_DA_Status2_Desc,The Professor could use your help: clay.
CMC_BoardProfessor_DA_Hint2_Name,A hint: bring clay for his ruin miniature
CMC_BoardProfessor_DA_Hint2_Desc,A hint: bring clay for his ruin miniature.
CMC_BoardProfessor_DA_Status3_Name,Active errand: metal nuggets
CMC_BoardProfessor_DA_Status3_Desc,The Professor could use your help: metal nuggets.
CMC_BoardProfessor_DA_Hint3_Name,A hint: bring metal nuggets for his figure
CMC_BoardProfessor_DA_Hint3_Desc,A hint: bring metal nuggets for his figure.
CMC_BoardProfessor_DA_Status4_Name,Active errand: bones or antler
CMC_BoardProfessor_DA_Status4_Desc,The Professor could use your help: bones or antler.
CMC_BoardProfessor_DA_Hint4_Name,A hint: bring bones or antler
CMC_BoardProfessor_DA_Hint4_Desc,A hint: bring bones or antler.
CMC_BoardProfessor_DA_Teaser1_Name,Word around the village: his standing commission
CMC_BoardProfessor_DA_Teaser1_Desc,"The Professor may have another small errand in mind before long — something to do with his standing commission, if the timing's right."
CMC_BoardProfessor_DA_Teaser2_Name,Word around the village: material for a miniature reconstruction
CMC_BoardProfessor_DA_Teaser2_Desc,"The Professor may have another small errand in mind before long — something to do with material for a miniature reconstruction, if the timing's right."
CMC_BoardProfessor_DA_Teaser3_Name,Word around the village: material for a cast figure
CMC_BoardProfessor_DA_Teaser3_Desc,"The Professor may have another small errand in mind before long — something to do with material for a cast figure, if the timing's right."
CMC_BoardProfessor_DA_Teaser4_Name,Word around the village: material for old lamellar work
CMC_BoardProfessor_DA_Teaser4_Desc,"The Professor may have another small errand in mind before long — something to do with material for old lamellar work, if the timing's right."
CMC_BoardProfessor_DA_trust_low_Name,Standing in the village: trust low
CMC_BoardProfessor_DA_trust_low_Desc,The Professor is polite but reserved with you still — there's more trust to earn.
CMC_BoardProfessor_DA_trust_mid_Name,Standing in the village: trust mid
CMC_BoardProfessor_DA_trust_mid_Desc,The Professor has warmed to you; you're more than a passing face around here now.
CMC_BoardProfessor_DA_trust_high_Name,Standing in the village: trust high
CMC_BoardProfessor_DA_trust_high_Desc,The Professor trusts you as much as anyone in the village — you've more than proven yourself.
CMC_BoardProfessor_DA_Log1_Name,A past errand: a specimen for his weekly commission
CMC_BoardProfessor_DA_Log1_Desc,You once helped the professor with a specimen for his weekly commission — and were thanked for it.
CMC_BoardProfessor_DA_Log2_Name,A past errand: clay
CMC_BoardProfessor_DA_Log2_Desc,You once helped the professor with clay — and were thanked for it.
CMC_BoardProfessor_DA_Log3_Name,A past errand: metal nuggets
CMC_BoardProfessor_DA_Log3_Desc,You once helped the professor with metal nuggets — and were thanked for it.
CMC_BoardProfessor_DA_Log4_Name,A past errand: bones or antler
CMC_BoardProfessor_DA_Log4_Desc,You once helped the professor with bones or antler — and were thanked for it.
CMC_BoardApothecary_DA_InterlockS1_Name,Word around the village: some dye-work the Apothecary and the Weaver could do together
CMC_BoardApothecary_DA_InterlockS1_Desc,"You've heard whispers of some dye-work the Apothecary and the Weaver could do together — worth asking both of them about, once the time seems right."
CMC_BoardWeaver_DA_InterlockS1_Name,Word around the village: some dye-work the Apothecary and the Weaver could do together
CMC_BoardWeaver_DA_InterlockS1_Desc,"You've heard whispers of some dye-work the Apothecary and the Weaver could do together — worth asking both of them about, once the time seems right."
CMC_BoardWeaver_DA_InterlockS2_Name,Word around the village: a bit of protective gear the Weaver and the Apothecary have been discussing
CMC_BoardWeaver_DA_InterlockS2_Desc,"You've heard whispers of a bit of protective gear the Weaver and the Apothecary have been discussing — worth asking both of them about, once the time seems right."
CMC_BoardApothecary_DA_InterlockS2_Name,Word around the village: a bit of protective gear the Weaver and the Apothecary have been discussing
CMC_BoardApothecary_DA_InterlockS2_Desc,"You've heard whispers of a bit of protective gear the Weaver and the Apothecary have been discussing — worth asking both of them about, once the time seems right."
CMC_BoardMiller_DA_InterlockS3_Name,Word around the village: something baking-related that would need both the Miller's grain and the Inn Keeper's oven
CMC_BoardMiller_DA_InterlockS3_Desc,"You've heard whispers of something baking-related that would need both the Miller's grain and the Inn Keeper's oven — worth asking both of them about, once the time seems right."
CMC_BoardInnKeeper_DA_InterlockS3_Name,Word around the village: something baking-related that would need both the Miller's grain and the Inn Keeper's oven
CMC_BoardInnKeeper_DA_InterlockS3_Desc,"You've heard whispers of something baking-related that would need both the Miller's grain and the Inn Keeper's oven — worth asking both of them about, once the time seems right."
CMC_BoardWeaver_DA_InterlockS4_Name,Word around the village: a cold-weather favor the Professor's hoping the Weaver can help with
CMC_BoardWeaver_DA_InterlockS4_Desc,"You've heard whispers of a cold-weather favor the Professor's hoping the Weaver can help with — worth asking both of them about, once the time seems right."
CMC_BoardProfessor_DA_InterlockS4_Name,Word around the village: a cold-weather favor the Professor's hoping the Weaver can help with
CMC_BoardProfessor_DA_InterlockS4_Desc,"You've heard whispers of a cold-weather favor the Professor's hoping the Weaver can help with — worth asking both of them about, once the time seems right."
CMC_BoardApothecary_DA_InterlockS5_Name,Word around the village: a remedy the Inn Keeper's been asking the Apothecary about
CMC_BoardApothecary_DA_InterlockS5_Desc,"You've heard whispers of a remedy the Inn Keeper's been asking the Apothecary about — worth asking both of them about, once the time seems right."
CMC_BoardInnKeeper_DA_InterlockS5_Name,Word around the village: a remedy the Inn Keeper's been asking the Apothecary about
CMC_BoardInnKeeper_DA_InterlockS5_Desc,"You've heard whispers of a remedy the Inn Keeper's been asking the Apothecary about — worth asking both of them about, once the time seems right."
CMC_BoardTown_DA_renown_low_Name,Village standing: renown low
CMC_BoardTown_DA_renown_low_Desc,The village is barely known beyond its own fields.
CMC_BoardTown_DA_renown_mid_Name,Village standing: renown mid
CMC_BoardTown_DA_renown_mid_Desc,The village is earning a name among travelers.
CMC_BoardTown_DA_renown_high_Name,Village standing: renown high
CMC_BoardTown_DA_renown_high_Desc,The village has become a respected stop on the road.
CMC_BoardTown_DA_renown_top_Name,Village standing: renown top
CMC_BoardTown_DA_renown_top_Desc,The village is known across the region.
CMC_BoardTown_DA_reputation_negative_Name,Village standing: reputation strained
CMC_BoardTown_DA_reputation_negative_Desc,"Word has spread of trouble tied to this place, and the village's good name has suffered for it."
CMC_BoardTown_DA_contrib_miller_Name,Contribution: Miller's Cottage
CMC_BoardTown_DA_contrib_miller_Desc,The Miller's Cottage adds to the village's standing.
CMC_BoardTown_DA_contrib_weaver_Name,Contribution: Weaver's Cottage
CMC_BoardTown_DA_contrib_weaver_Desc,The Weaver's Cottage adds to the village's standing.
CMC_BoardTown_DA_contrib_well_Name,Contribution: Village Well
CMC_BoardTown_DA_contrib_well_Desc,The Village Well adds to the village's standing.
CMC_BoardTown_DA_contrib_bridge_Name,Contribution: River Bridge
CMC_BoardTown_DA_contrib_bridge_Desc,The River Bridge adds to the village's standing.
CMC_BoardTown_DA_contrib_stall_Name,Contribution: thriving Market Stall
CMC_BoardTown_DA_contrib_stall_Desc,A thriving Market Stall adds to the village's standing.
CMC_BoardTownConstruction_CardName,Village Projects
CMC_BoardTownConstruction_CardDescription,A planning board listing which civic projects are still ahead and which have already been finished.
CMC_BoardTownConstruction_DA_struct_miller_NotBegun_Name,Construction status: Miller's Cottage - not yet begun
CMC_BoardTownConstruction_DA_struct_miller_NotBegun_Desc,Miller's Cottage: not yet begun.
CMC_BoardTownConstruction_DA_struct_miller_Complete_Name,Construction status: Miller's Cottage - complete
CMC_BoardTownConstruction_DA_struct_miller_Complete_Desc,Miller's Cottage: complete.
CMC_BoardTownConstruction_DA_struct_weaver_NotBegun_Name,Construction status: Weaver's Cottage - not yet begun
CMC_BoardTownConstruction_DA_struct_weaver_NotBegun_Desc,Weaver's Cottage: not yet begun.
CMC_BoardTownConstruction_DA_struct_weaver_Complete_Name,Construction status: Weaver's Cottage - complete
CMC_BoardTownConstruction_DA_struct_weaver_Complete_Desc,Weaver's Cottage: complete.
CMC_BoardTownConstruction_DA_struct_apothecary_NotBegun_Name,Construction status: Apothecary's Cabin - not yet begun
CMC_BoardTownConstruction_DA_struct_apothecary_NotBegun_Desc,Apothecary's Cabin: not yet begun.
CMC_BoardTownConstruction_DA_struct_apothecary_Complete_Name,Construction status: Apothecary's Cabin - complete
CMC_BoardTownConstruction_DA_struct_apothecary_Complete_Desc,Apothecary's Cabin: complete.
CMC_BoardTownConstruction_DA_struct_hall_NotBegun_Name,Construction status: Village Hall - not yet begun
CMC_BoardTownConstruction_DA_struct_hall_NotBegun_Desc,Village Hall: not yet begun.
CMC_BoardTownConstruction_DA_struct_hall_Complete_Name,Construction status: Village Hall - complete
CMC_BoardTownConstruction_DA_struct_hall_Complete_Desc,Village Hall: complete.
CMC_BoardTownConstruction_DA_struct_well_NotBegun_Name,Construction status: Village Well - not yet begun
CMC_BoardTownConstruction_DA_struct_well_NotBegun_Desc,the Village Well: not yet begun.
CMC_BoardTownConstruction_DA_struct_well_Complete_Name,Construction status: Village Well - complete
CMC_BoardTownConstruction_DA_struct_well_Complete_Desc,the Village Well: complete.
CMC_BoardTownConstruction_DA_struct_bridge_NotBegun_Name,Construction status: River Bridge - not yet begun
CMC_BoardTownConstruction_DA_struct_bridge_NotBegun_Desc,the River Bridge: not yet begun.
CMC_BoardTownConstruction_DA_struct_bridge_Complete_Name,Construction status: River Bridge - complete
CMC_BoardTownConstruction_DA_struct_bridge_Complete_Desc,the River Bridge: complete.
CMC_BoardTownConstruction_DA_struct_stall_NotBegun_Name,Construction status: Market Stall - not yet begun
CMC_BoardTownConstruction_DA_struct_stall_NotBegun_Desc,the Market Stall: not yet begun.
CMC_BoardTownConstruction_DA_struct_stall_Complete_Name,Construction status: Market Stall - complete
CMC_BoardTownConstruction_DA_struct_stall_Complete_Desc,the Market Stall: complete.
CMC_Professor_Menu_Work,Any work for me?
CMC_ProfessorGreeting_FieldSamplesPointer_Line,"Since you've been at this a while now, I've put in a standing request on the board — five fresh billberries, whole and undamaged, for the Academy's field collection."
CMC_ProfessorGreeting_FieldSamplesPointer_Answer_Close,I'll bring some by.
CMC_ProfessorGreeting_AppliedHerbalismPointer_Line,"Now that you've graduated Herbalism, put the diploma to use — bring me four properly dried nettle leaves, and I'll show the class what real fieldwork looks like."
CMC_ProfessorGreeting_AppliedHerbalismPointer_Answer_Close,Consider it done.
CMC_ProfFieldSamples_CardName,Field Samples: 5 Billberries
CMC_ProfFieldSamples_CardDescription,"The Professor wants a proper set of field samples for the Academy's collection — five fresh billberries, undamaged, will do nicely."
CMC_ProfFieldSamplesThanks_Line,"Undamaged, every one — this is exactly the kind of specimen work I hoped a student of the outskirts could manage. The Academy's collection is better for it."
CMC_ProfAppliedHerbalism_CardName,Applied Herbalism: 4 Dried Nettle Leaves
CMC_ProfAppliedHerbalism_CardDescription,"Now that you've graduated Herbalism, the Professor wants to see it put to use — four properly dried nettle leaves, processed by your own hand, for a follow-up lecture."
CMC_ProfAppliedHerbalismThanks_Line,"Properly dried, properly cured — a diploma means something when the hands behind it can prove the theory. I'll use these in the next lecture, with your name attached."
CMC_ProfessorGreeting_GiftTrust_Line,"Come here a moment — I've meant to give you this for a while now. Not every visitor to this valley earns a scholar's confidence, but you have, time and again. A crate of the Academy's own fired stone tiles, out of the old teaching kilns. Better used underfoot than gathering dust in a storeroom."
CMC_ProfessorGreeting_GiftTrust_Answer,"I'm honored, Professor."
CMC_QuestRenownProfFieldSamples_StatName,Renown: Professor's Field Samples
CMC_QuestRenownProfFieldSamples_StatDescription,Hidden one-shot flag: 1 once the Professor's Field Samples task is completed. Contributes to Village Renown.
CMC_QuestRenownProfAppliedHerbalism_StatName,Renown: Professor's Applied Herbalism
CMC_QuestRenownProfAppliedHerbalism_StatDescription,Hidden one-shot flag: 1 once the Professor's Applied Herbalism task is completed. Contributes to Village Renown.
CMC_ShadowCat_CardName,Shadow the Cat
CMC_ShadowCat_CardDescription,"A cat black as pitch, all but invisible until he moves — you almost step on him before he melts back into the dark. He doesn't flinch from you, doesn't beg either. He just watches, ears turning toward the sound of your pack. Something about him seems to be waiting for a particular kind of quiet."
CMC_ShadowCat_CI_PlayInstrument,Play Music
CMC_ShadowCat_CI_PlayInstrument_Desc,"A few soft notes, and he stops mid-step to listen."
CMC_ShadowCatTamed_CardName,Shadow
CMC_ShadowCatTamed_CardDescription,"He still moves like he isn't quite there, slipping along the treeline at the edge of the firelight, but he comes when the music starts. Wherever the Apothecary hangs her drying-racks, Shadow isn't far behind."
CMC_ShadowCatTamed_Hunger,Hunger
CMC_ShadowCatTamed_Thirst,Thirst
CMC_ShadowCatTamed_Hunger_OnZero,Slips Into the Dark
CMC_ShadowCatTamed_Thirst_OnZero,Slips Into the Dark
CMC_ShadowCatTamed_Care,Care
CMC_ShadowCatTamed_Care_OnZero,Slips Into the Dark
CMC_ShadowCatTamed_DA_Pet,Pet
CMC_ShadowCatTamed_CI_Feed,Feed
CMC_ShadowCatTamed_CI_Feed_Fail,"He sniffs, unimpressed. Not hungry yet."
CMC_ShadowCatTamed_CI_GiveWater,Give Water
CMC_ShadowCatTamed_CI_GiveWater_Fail,Not thirsty yet.
CMC_QuestRenownMarketStallSales_StatName,Renown: Market Stall Sales Milestone
CMC_QuestRenownMarketStallSales_StatDescription,"Hidden one-shot flag: 1 once the Market Stall's Sales Revenue has ever been observed at or above its Renown threshold. Contributes to Village Renown. Latched permanently the first time it's observed (the stall's revenue can only be read while the player is standing at the Village), so the Renown contribution survives being away from the Village afterward."
CMC_SnowDriftNorth_CardName,Snow Drift
CMC_SnowDriftNorth_CardDescription,"Deep winter snow has drifted across the northern road to Stillwater Meadow, burying the path. Dig through it with a shovel to clear the way — once cleared, it stays open for the rest of the winter."
CMC_SnowDriftNorth_CI_Dig_ActionName,Dig Through the Snow Drift
CMC_SnowDriftNorth_CI_Dig_ActionDescription,Shovel a path through the drift. Clears the road to Stillwater Meadow once fully dug through.
CMC_SnowDriftSouth_CardName,Snow Drift
CMC_SnowDriftSouth_CardDescription,"Deep winter snow has drifted across the southern road to Pine Trail, burying the path. Dig through it with a shovel to clear the way — once cleared, it stays open for the rest of the winter."
CMC_SnowDriftSouth_CI_Dig_ActionName,Dig Through the Snow Drift
CMC_SnowDriftSouth_CI_Dig_ActionDescription,Shovel a path through the drift. Clears the road to Pine Trail once fully dug through.
CMC_SnowDriftEast_CardName,Snow Drift
CMC_SnowDriftEast_CardDescription,"Deep winter snow has drifted across the eastern road to the Village Farm, burying the path. Dig through it with a shovel to clear the way — once cleared, it stays open for the rest of the winter."
CMC_SnowDriftEast_CI_Dig_ActionName,Dig Through the Snow Drift
CMC_SnowDriftEast_CI_Dig_ActionDescription,Shovel a path through the drift. Clears the road to the Village Farm once fully dug through.
CharacterTraits_Perk_Homestead_PerkName,Homestead
CharacterTraits_Perk_Homestead_PerkDescription,"You've come prepared to settle down. Start with a cabin kit, two rain cistern kits, and a stockpile of building materials (30 planks, 30 mud bricks, 30 heavy stones, 50 stones, 10 logs, 50 copper nails, 10 rope). Carry the kits with you and use Place to raise them wherever you want to build your homestead — each kit can only be placed once."
CMC_ProfessorGreeting_CourseAckArchitecture_Line,"Architecture, passed with a design I'll admit I stole a diagram from for next term's lecture. Water doesn't forgive a bad angle the way earth does, but you found the right one. A water-driven sawmill and grinding mill are within your skill now, real ones, not the toy models I sketch on the board. Combine it with a Metallurgy degree and you'll be casting your own forge fittings before the season turns."
CMC_ProfessorGreeting_CourseAckArmorer_Line,"Armorer, passed, and passed properly, no student of mine gets a breastplate pattern without proving they understand why the rivets go where they go. Copper will do in a pinch, but iron will actually keep you alive out past the tree line, helm, greaves, gauntlets, the full set is yours to make now. I'd rather you never need it. I'd rather you have it anyway."
CMC_ProfessorGreeting_CourseAckFishing_Line,"You passed Fishing, and unlike most of my courses this one I actually enjoy grading, mostly because it involves an afternoon by the water instead of a stack of essays. The iron fittings for a proper rod are yours to build now, sturdier than anything whittled from green wood. My uncle's mythical river monster is still out there uncaught, incidentally, should you fancy a rematch on his behalf."
CMC_ProfessorGreeting_CourseAckHerbalism_Line,"Herbalism, passed! That's the course I'm proudest to teach, truth be told, plants don't lecture back and neither do the students who love them. You've earned the plans for a proper apothecary's cabin now, and the knowledge to mix a real healing draught rather than just crushing leaves and hoping. Go build something with it. The forest's given you enough of itself; it's time you gave a little back."
CMC_ProfessorGreeting_CourseAckMedicine_Line,"Medicine, of all courses, is the one I can't fully teach from a lectern, and you passed it anyway. Most of it is watching someone shiver through a fever and knowing which of your remedies actually helps and which just makes you feel useful. You'll carry that instinct with you now whether you're tending yourself or anyone fool enough to get hurt near you. Don't let it go quiet from disuse."
CMC_ProfessorGreeting_CourseAckMetallurgy_Line,"Passed, and properly, not a squeak of luck in it. Metallurgy is the course that weeds out the impatient, half my students give up the moment the ore refuses to cooperate. You didn't. Sheet metal will behave itself for you from here on, worked thin and even instead of cracking under the hammer, and I expect you already have a project or two in mind for it."
CMC_ProfessorGreeting_Menu_Line,"Ah, a visitor. Come to see how the village's scholars while away their hours? What's on your mind?"
CMC_Professor_Menu_CourseMetallurgy,I passed your Metallurgy course.
CMC_Professor_Menu_CourseHerbalism,I passed your Herbalism course.
CMC_Professor_Menu_CourseMedicine,I passed your Medicine course.
CMC_Professor_Menu_CourseFishing,I passed your Fishing course.
CMC_Professor_Menu_CourseArchitecture,I passed your Architecture course.
CMC_Professor_Menu_CourseArmorer,I passed your Armorer course.
CMC_Professor_Menu_NewsApothecary,The Apothecary's Cabin is finished.
CMC_Professor_Menu_NewsHall,The Village Hall is finished.
CMC_ProfessorGreeting_NewsApothecary_Line,"You've heard, then, the Apothecary's Cabin stands finished. I taught that woman her Herbalism same as I'm teaching you, and now she's the one mixing draughts instead of me lecturing about them. There's a particular satisfaction in watching a student outgrow the lectern entirely. Do visit her stall if you haven't; between the two of us this village is dangerously well medicated."
CMC_ProfessorGreeting_NewsHall_Line,"The Village Hall, up at last. I stopped by to see it and found myself lecturing the notice board out of old habit before I caught myself. It's a strange thing, watching a settlement decide it's permanent enough to need a civic building. Ten years ago this was a clearing with a fire pit and my own stubborn refusal to leave. Now it has a Hall. Write that down somewhere, it's the sort of thing histories forget to mention."
CMC_ProfessorGreeting_QuestAccept2_Line,"Wonderful, truly. I've had that ruin's floor plan sketched on the same scrap of parchment for eleven years now, waiting on someone patient enough to indulge me. Don't rush the clay-gathering on my account, but I'll admit I'll be watching the door a little more eagerly than usual until you're back."
CMC_ProfessorGreeting_QuestAccept3_Line,"Good, good. Every village needs a monster in its hills, it gives the children something to be brave about and the adults something to blame the weather on. Whether the dragon was ever real hardly matters to the casting, metal doesn't care for the difference between history and a good story anyway."
CMC_ProfessorGreeting_QuestAccept4_Line,"Excellent. Most smiths won't touch bone work, too slow, not enough profit in it, but there's a reason it kept people alive for longer than metal's been common in these hills. I want to see the technique survive somewhere other than my own notes before I'm too old to demonstrate the lacing myself."
CMC_InnKeeperTalk_NewsHall_Line,"We've got ourselves a Village Hall now, notice board and all. Half the village crowded round it the first morning just to watch the paint dry, myself included, I'll admit. My father used to say a settlement isn't really a village until it has somewhere to argue about its own business out loud instead of over ale at my bar. Suppose that makes us official now."
CMC_InnKeeperTalk_NewsHall_Answer,"Your bar's argument monopoly is over, then."
CMC_InnKeeperTalk_NewsMillerCottage_Line,"Did you hear? The miller's got a proper roof over his head at last, instead of sleeping next to that wheel of his like it might wander off in the night. Known the man twenty years and I don't think I've ever seen him build anything for himself before, always some neighbor's fence or someone else's barn first. Glad to see him finally spend the effort on his own walls."
CMC_InnKeeperTalk_NewsMillerCottage_Answer,"Well earned, from what I hear of him."
CMC_InnKeeperTalk_NewsRenownFull_Line,"The stall's turning a real profit these days, and everyone from the miller to the market vendor keeps telling me it's because word finally got around about this place. Every cottage, every well bucket, every fool commission the Professor's students dragged back from the hills, it all adds up to something. I didn't think I'd live to see this valley become a place worth writing home about, but here we are. Drinks are on the house tonight, don't argue with me about it."
CMC_InnKeeperTalk_NewsRenownFull_Answer,I certainly won't argue with free drinks.
CMC_InnKeeperTalk_NewsRenownHalf_Line,"Somewhere along the way this stopped feeling like a handful of buildings and started feeling like a village people actually talk about. Travelers passing through ask after us by name now, instead of just squinting at the map wondering if there's anything worth the detour. Halfway to somewhere, I'd say, and I mean to see the rest of it built before I'm too old to pour the celebration ale myself."
CMC_InnKeeperTalk_NewsRenownHalf_Answer,You've built something worth talking about.
CMC_InnKeeperTalk_NewsWeaverCottage_Line,"The weaver's cottage went up too, did you see it on your way in? She hung a length of her own cloth over the doorway for a curtain before the paint had even dried, couldn't wait a single day to make the place hers. Between her and the miller both settling proper, this village is starting to look less like a rest stop and more like somewhere people actually mean to stay."
CMC_InnKeeperTalk_NewsWeaverCottage_Answer,It's coming together nicely.
CMC_InnKeeperTalk_QuestAccept2_Line,"Bless you, truly. A man can only eat the same thin broth so many nights running before he starts dreaming about it. Take your time, mind, I'd rather wait a week for a proper stew than eat a rushed one tonight."
CMC_InnKeeperTalk_QuestAccept2_Answer,I'll bring you the best I've got.
CMC_InnKeeperTalk_QuestAccept3_Line,"Good, good, brew night without proper ale is just a room full of disappointed regulars, and I'd rather not test how disappointed they can get. Bring it when you're ready, no rush, though if you happen to pass by on a brew night itself I won't turn away an early delivery."
CMC_InnKeeperTalk_QuestAccept3_Answer,I'll have it here in time.
CMC_InnKeeperTalk_QuestAccept4_Line,"Now you're talking. I've been saving the good glassware for exactly this occasion, dust and all, and it's high time I had something worth pouring into it. Don't skimp on the quality, either, my regulars have opinions and they are not shy about sharing them."
CMC_InnKeeperTalk_QuestAccept4_Answer,"Only the good stuff, I promise."
CMC_InnKeeperTalk_QuestAccept5_Line,"Much obliged. Winter's got a way of catching everyone off guard even when we all know it's coming, same as it does every single year. My mother used to say a full pantry in autumn is worth more than gold come the deep frost, and she was rarely wrong about that sort of thing."
CMC_InnKeeperTalk_QuestAccept5_Answer,I'll make sure the pantry's stocked.
CMC_InnHallRemarked_StatName,The Inn Keeper's Village Hall Remark
CMC_InnHallRemarked_StatDescription,"Hidden tracker: 0 = has not yet remarked on the finished Village Hall, 1 = remarked once."
CMC_InnMillerCottageRemarked_StatName,The Inn Keeper's Miller's Cottage Remark
CMC_InnMillerCottageRemarked_StatDescription,"Hidden tracker: 0 = has not yet remarked on the finished Miller's Cottage, 1 = remarked once."
CMC_InnRenownFullRemarked_StatName,The Inn Keeper's Full-Renown Remark
CMC_InnRenownFullRemarked_StatDescription,"Hidden tracker: 0 = has not yet remarked on Village Renown reaching 100, 1 = remarked once."
CMC_InnRenownHalfRemarked_StatName,The Inn Keeper's Half-Renown Remark
CMC_InnRenownHalfRemarked_StatDescription,"Hidden tracker: 0 = has not yet remarked on Village Renown reaching 50, 1 = remarked once."
CMC_InnWeaverCottageRemarked_StatName,The Inn Keeper's Weaver's Cottage Remark
CMC_InnWeaverCottageRemarked_StatDescription,"Hidden tracker: 0 = has not yet remarked on the finished Weaver's Cottage, 1 = remarked once."
CMC_GuardSterling_AgentName,Captain Reeve Sterling
CMC_GuardSterling_AgentDescription,"Captain of the village Watch. Keeps the Hall and the market square, and gives a warning before he gives an order."
CMC_GuardThorne_AgentName,Guard Nella Thorne
CMC_GuardThorne_AgentDescription,"River Watch. Holds the bridge junction where the path meets the village, and does not cross the water."
CMC_GuardCorrin_AgentName,Guard Old Corrin
CMC_GuardCorrin_AgentDescription,"Farm Watch. Walks the fields and the clay flats trail, a beat the village gave him because they trust him with it."
CMC_GuardVane_AgentName,Guard Iris Vane
CMC_GuardVane_AgentDescription,"Night Watch. Sleeps through the day and walks the village after dark, which is when she does her best noticing."
CMC_GuardPerk_Sterling_PerkName,Watch Captain
CMC_GuardPerk_Sterling_PerkDescription,"Squad lead of the village Watch. Formal, unhurried, and slow to escalate."
CMC_GuardPerk_Thorne_PerkName,River Watch
CMC_GuardPerk_Thorne_PerkDescription,Eager and quick to escalate. Works the river crossing and shouts after anyone who runs for it.
CMC_GuardPerk_Corrin_PerkName,Farm Watch
CMC_GuardPerk_Corrin_PerkDescription,"Old, weary, and reluctant. Slower to notice trouble than the rest of the Watch, and slower still to want it."
CMC_GuardPerk_Vane_PerkName,Night Watch
CMC_GuardPerk_Vane_PerkDescription,"Sharp-eyed and suspicious by default. Notices what the day shift misses, and is on her feet when thieves are."
CMC_GuardSterling_Attack,Attack
CMC_GuardThorne_Attack,Attack
CMC_GuardCorrin_Attack,Attack
CMC_GuardVane_Attack,Attack
CMC_NPCTag_TownGuard,Town Watch
CMC_CopperChestMiller_CardName,Miller's Copper Chest
CMC_CopperChestMiller_CardDescription,"The Miller keeps his savings and a little spare stock in this banded chest. Every week or so he adds to it, until it is as full as a miller's chest ever gets. Drag a valuable item onto the chest to sell it to him - he can only pay what is actually inside. There is nothing stopping you searching it yourself, either, if you are willing to risk being caught."
CMC_CopperChestMiller_CardHelpSection,Copper Chest
CMC_CopperChestMiller_CI_Sell,Sell to the Miller
CMC_CopperChestMiller_CI_Sell_Desc,"Sell the dragged item to the Miller. He pays out of the chest's own coin, so he can only buy what he can currently afford - a freshly settled Miller cannot yet meet the price of anything expensive."
CMC_CopperChestMiller_DA_Search,Search for valuables
CMC_CopperChestMiller_DA_Search_Desc,Go through the chest and take whatever is inside. Quick work when nobody is home - rather less so when the Miller is.
CMC_MillerChestRestockDay_StatName,Miller's Chest Last Restock Day
CMC_MillerChestRestockDay_StatDescription,Hidden tracker: the absolute day the Miller last added to his Copper Chest.
CMC_MillerChestThefts_StatName,Miller's Chest Undetected Thefts
CMC_MillerChestThefts_StatDescription,Hidden heat counter: undetected robberies of the Miller's Copper Chest this season.
CMC_MillerChestTheftSeason_StatName,Miller's Chest Theft Season
CMC_MillerChestTheftSeason_StatDescription,Hidden tracker: the season the Copper Chest heat counter was last written in.
CMC_GuardDownDaySterling_StatName,Captain Reeve Sterling Down Since
CMC_GuardDownDaySterling_StatDescription,Hidden respawn timer for Captain Reeve Sterling.
CMC_GuardDownDayThorne_StatName,Guard Nella Thorne Down Since
CMC_GuardDownDayThorne_StatDescription,Hidden respawn timer for Guard Nella Thorne.
CMC_GuardDownDayCorrin_StatName,Guard Old Corrin Down Since
CMC_GuardDownDayCorrin_StatDescription,Hidden respawn timer for Guard Old Corrin.
CMC_GuardDownDayVane_StatName,Guard Iris Vane Down Since
CMC_GuardDownDayVane_StatDescription,Hidden respawn timer for Guard Iris Vane.
CMC_GuardsAllDown_StatName,Watch Broken
CMC_GuardsAllDown_StatDescription,Hidden latch: the whole Town Watch is down at once.
CMC_ArrestPending_StatName,Arrest Pending
CMC_ArrestPending_StatDescription,Hidden marker: a Watch guard beat you and is taking you in.
CMC_GuardsSummoned_StatName,Guards Summoned
CMC_GuardsSummoned_StatDescription,Hidden marker: Guard Vane has found you and called the rest of the Watch in.
CMC_CaptainSummoned_StatName,Captain Summoned
CMC_CaptainSummoned_StatDescription,"Hidden marker: a Watch guard has beaten you and is holding you for the Captain."
CMC_SterlingWarningGiven_StatName,Warned by the Captain
CMC_SterlingWarningGiven_StatDescription,Hidden 0/1 marker: 1 once Captain Sterling has given his one-time warning the first time cmcStatVillageCrime enters the Suspected band (Village_Master_Plan.md §10.8.1/§10.8.2). Latched permanently -- never cleared -- so the warning line is delivered exactly once per run.
CMC_SterlingTalk_SceneTitle,Captain Reeve Sterling
CMC_SterlingTalk_Start_Line,"Captain. Reeve Sterling, of the Town Watch. Hall, market, and the well -- that's my beat, most days. Village keeps quiet enough, and I'd like to keep it that way."
CMC_SterlingTalk_Start_Answer_Duties,How fares the Watch?
CMC_SterlingTalk_Start_Answer_Bye,"Just passing through, Captain."
CMC_SterlingTalk_Duties_Line,"Thorne and Corrin hold the square by day, Vane takes the night. We rotate the jail step between the four of us so it's never left unwatched. Quiet work, mostly -- and I intend to keep it that way."
CMC_SterlingTalk_Duties_Answer_Bye,"Good to know, Captain."
CMC_SterlingTalk_Warning_Line,"A word, before we go any further. I've heard what's been said about you, and I'll not pretend I haven't. I'm not hauling you in over it -- not yet. But hear this once, because I won't say it twice: keep on, and the Watch stops giving you the benefit of the doubt. Keep on past that, and you're not welcome inside these walls at all. Mind yourself."
CMC_SterlingTalk_Warning_Answer_Understood,"Understood, Captain."
CMC_SterlingTalk_Warning_Answer_Deny,I haven't done anything wrong.
CMC_SterlingTalk_Wanted_Line,"You've had your warning, and you didn't heed it. The Watch has its eye on you now -- every one of us. I won't set the square on you standing here talking, but don't mistake that for welcome. Push this any further and it stops being a conversation."
CMC_SterlingTalk_Wanted_Answer_Leave,"I'll watch myself, Captain."
CMC_SterlingTalk_Wanted_Answer_Defiant,Noted.
CMC_GuardSterling_Talk,Talk
CMC_Jail_CardName,Village Jail
CMC_Jail_CardDescription,"A squat stone lock-up beside the Village Hall, with one barred window and one heavy door. The Town Watch keeps a warden on the step most hours of the day. Anyone the Watch brings in serves their days inside before they walk back out."
CMC_Jail_Help,Jail
CMC_Jail_DA_Enter,Step into the Jail
CMC_Jail_DA_Enter_Fade,The warden waves you through...
CMC_JailCell_CardName,Jail Cell
CMC_JailCellLocation_CardName,Jail Cell
CMC_JailCellDoor_CardName,Cell Door
CMC_JailCellDoor_CardDescription,"Banded oak with an iron grille at eye height. It is barred from the outside while you have days left to serve, and the warden opens it the morning your sentence runs out."
CMC_JailCellDoor_DA_Exit,Walk out
CMC_JailCellDoor_DA_Exit_Fade,The warden unbars the door...
CMC_JailCellDoor_DA_Days1,Your sentence: 1 more day
CMC_JailCellDoor_DA_Days2,Your sentence: 2 more days
CMC_JailCellDoor_DA_Days3,Your sentence: 3 more days
CMC_JailCellDoor_DA_Days4,Your sentence: 4 more days
CMC_JailCellDoor_DA_Days5,Your sentence: 5 more days
CMC_JailCellDoor_DA_Days6,Your sentence: 6 more days
CMC_JailCellDoor_DA_Days7,Your sentence: 7 more days
CMC_JailCellDoor_DA_Days8,Your sentence: 8 more days
CMC_JailSentenceRemaining_StatName,Jail Sentence Remaining
CMC_JailSentenceRemaining_StatDescription,Hidden counter: days still to serve in the Village Jail.
CMC_JailSentenceOriginal_StatName,Jail Sentence Length
CMC_JailSentenceOriginal_StatDescription,Hidden record of the sentence as it was handed down.
CMC_JailUnguarded_StatName,Jail Unguarded
CMC_JailUnguarded_StatDescription,Hidden marker: no Town Watch guard is standing warden.
CMC_JailWardenGap_StatName,Warden Gap
CMC_JailWardenGap_StatDescription,Hidden countdown: hours left in the current warden-absence window.
CMC_JailCellBed_CardName,Cell Bed
CMC_JailCellBed_CardDescription,A hard straw pallet against the wall. It scrapes easily across the stone floor.
CMC_JailCellBed_DA_MoveBed,Move the bed
CMC_JailCellTunnel_CardName,Hidden Tunnel
CMC_JailCellTunnel_CardDescription,"The bed is shoved aside, and a rough dig into the foundation stone shows underneath. Anyone glancing through the door's grille would see it in a heartbeat -- best keep working only while the step outside is empty."
CMC_JailCellTunnel_DA_MoveBedBack,Move the bed back
CMC_JailCellTunnel_DA_Dig,Dig
CMC_JailCellTunnel_DA_Crawl,Crawl through the tunnel
CMC_JailCellTunnel_DA_Crawl_Fade,"You squeeze through the dark, dirt in your teeth, and come up outside the walls..."
CMC_JailTunnelProgress_StatName,Jail Tunnel Progress
CMC_JailTunnelProgress_StatDescription,Hidden counter: how far the hidden tunnel has been dug.
CMC_JailWaterJug_CardName,Water Jug
CMC_JailWaterJug_CardDescription,"A chipped clay jug, filled once a day along with the ration bowl. Not much, but enough to keep you going."
CMC_JailWaterJug_DA_Drink,Drink
CMC_JailCellLocation_DA_Meditate,Meditate
CMC_JailCellLocation_DA_Meditate_Desc,Sit still and let the hours pass.
CMC_JailCellLocation_DA_CountStones,Count the stones
CMC_JailCellLocation_DA_CountStones_Desc,"One. Two. Three. You've lost count before, but not this time."
CMC_JailCellLocation_DA_StonesMilestone,You know this cell by heart now
CMC_JailCellLocation_DA_StonesMilestone_Desc,"One hundred and counting. Every crack, every stain, every stone in this floor -- you could draw it blind."
CMC_JailRationDay_StatName,Jail Ration Day
CMC_JailRationDay_StatDescription,Hidden record: the day the daily ration was last placed in the cell.
CMC_JailStonesCounted_StatName,Stones Counted
CMC_JailStonesCounted_StatDescription,Flavor counter: how many times the stones have been counted.
CMC_JailRationFood_CardName,Meager Prison Ration
CMC_JailRationFood_CardDescription,"A thin bowl of cold gruel, slid through the door's grille once a day. It won't fill you up, but the warden makes sure you get just enough to keep your strength."
CMC_JailRationFood_DA_Eat,Eat
BedRoll_DismantleActions[0].ActionName,Nap
BedRoll_DismantleActions[0].FadeMessage,Taking a nap...
BedRoll_DismantleActions[0].StatInterruptions[1].Notification,I'm too thirsty to sleep...
BedRoll_DismantleActions[0].StatInterruptions[2].Notification,I'm too hot to sleep...
BedRoll_DismantleActions[0].StatInterruptions[3].Notification,I'm too cold to sleep...
BedRoll_DismantleActions[0].StatInterruptions[4].Notification,I'm losing too much blood...
BedRoll_DismantleActions[0].StatInterruptions[5].Notification,I'm not feeling well...
BedRoll_DismantleActions[0].StatInterruptions[6].Notification,I'm not feeling well...
BedRoll_DismantleActions[0].StatInterruptions[7].Notification,I can't sleep in the middle of a storm!
BedRoll_DismantleActions[1].ActionName,Sleep
BedRoll_DismantleActions[1].FadeMessage,Sleeping...
BedRoll_DismantleActions[1].StatInterruptions[1].Notification,I'm too thirsty to sleep...
BedRoll_DismantleActions[1].StatInterruptions[2].Notification,I'm too hot to sleep...
BedRoll_DismantleActions[1].StatInterruptions[3].Notification,I'm too cold to sleep...
BedRoll_DismantleActions[1].StatInterruptions[4].Notification,I'm losing too much blood...
BedRoll_DismantleActions[1].StatInterruptions[5].Notification,I'm not feeling well...
BedRoll_DismantleActions[1].StatInterruptions[6].Notification,I'm not feeling well...
BedRoll_DismantleActions[1].StatInterruptions[7].Notification,I can't sleep in the middle of a storm!
CMC_JailRationTray_CardName,Ration Tray
CMC_JailRationTray_CardDescription,"A wooden tray, pushed through the low slot in the door each morning. Whatever it holds today is already sitting on the cell floor."
CMC_HomesteadCabinKit_CardName,Cabin Kit
CMC_HomesteadCabinKit_CardDescription,"Your cabin, bundled for travel. Drop it wherever you want to settle, then use Place to raise it on the spot. Can only be placed once."
CMC_HomesteadCabinKit_DA_Place,Place
CMC_HomesteadCabinKit_DA_Place_Desc,Raise your cabin on this spot.
CMC_HomesteadRainCisternKit_CardName,Rain Cistern Kit
CMC_HomesteadRainCisternKit_CardDescription,"A rain cistern, disassembled and bundled for travel. Drop it wherever you want your water source, then use Place to set it up. Can only be placed once."
CMC_HomesteadRainCisternKit_DA_Place,Place
CMC_HomesteadRainCisternKit_DA_Place_Desc,Set up your rain cistern on this spot.
CMC_CopperChestWeaver_CardName,Weaver's Copper Chest
CMC_CopperChestWeaver_CardDescription,"The Weaver keeps what the dye pots and the loom have earned her in this banded chest, along with a little spare thread. She adds to it most weeks, until it holds about as much as a weaver's chest ever does. Drag a valuable item onto the chest to sell it to her - she can only pay what is actually inside. There is nothing stopping you searching it yourself, either, if you are willing to risk being caught."
CMC_CopperChestWeaver_CardHelpSection,Copper Chest
CMC_CopperChestWeaver_CI_Sell,Sell to the Weaver
CMC_CopperChestWeaver_CI_Sell_Desc,"Sell the dragged item to the Weaver. She pays out of the chest's own coin, so she can only buy what she can currently afford - a freshly settled Weaver cannot yet meet the price of anything expensive."
CMC_CopperChestWeaver_DA_Search,Search for valuables
CMC_CopperChestWeaver_DA_Search_Desc,Go through the chest and take whatever is inside. Quick work when nobody is home - rather less so when the Weaver is.
CMC_WeaverChestRestockDay_StatName,Weaver's Chest Last Restock Day
CMC_WeaverChestRestockDay_StatDescription,Hidden tracker: the absolute day the Weaver last added to the Copper Chest.
CMC_WeaverChestThefts_StatName,Weaver's Chest Undetected Thefts
CMC_WeaverChestThefts_StatDescription,Hidden heat counter: undetected robberies of the Weaver's Copper Chest this season.
CMC_WeaverChestTheftSeason_StatName,Weaver's Chest Theft Season
CMC_WeaverChestTheftSeason_StatDescription,Hidden tracker: the season the Copper Chest heat counter was last written in.
CMC_CopperChestApothecary_CardName,Apothecary's Copper Chest
CMC_CopperChestApothecary_CardDescription,"The Apothecary keeps the coin her salves and teas have earned in this banded chest, along with a few specimens too good to sell across a market stall. She adds to it most weeks, though a herbalist's takings are never large. Drag a valuable item onto the chest to sell it to her - she can only pay what is actually inside. There is nothing stopping you searching it yourself, either, if you are willing to risk being caught."
CMC_CopperChestApothecary_CardHelpSection,Copper Chest
CMC_CopperChestApothecary_CI_Sell,Sell to the Apothecary
CMC_CopperChestApothecary_CI_Sell_Desc,"Sell the dragged item to the Apothecary. She pays out of the chest's own coin, so she can only buy what she can currently afford - herb money adds up slowly, and hers is the thinner purse."
CMC_CopperChestApothecary_DA_Search,Search for valuables
CMC_CopperChestApothecary_DA_Search_Desc,Go through the chest and take whatever is inside. Quick work when nobody is home - rather less so when the Apothecary is.
CMC_ApothecaryChestRestockDay_StatName,Apothecary's Chest Last Restock Day
CMC_ApothecaryChestRestockDay_StatDescription,Hidden tracker: the absolute day the Apothecary last added to the Copper Chest.
CMC_ApothecaryChestThefts_StatName,Apothecary's Chest Undetected Thefts
CMC_ApothecaryChestThefts_StatDescription,Hidden heat counter: undetected robberies of the Apothecary's Copper Chest this season.
CMC_ApothecaryChestTheftSeason_StatName,Apothecary's Chest Theft Season
CMC_ApothecaryChestTheftSeason_StatDescription,Hidden tracker: the season the Copper Chest heat counter was last written in.
CMC_CopperChestInnKeeper_CardName,Inn Keeper's Copper Chest
CMC_CopperChestInnKeeper_CardDescription,"The Inn Keeper's own savings, kept in a banded chest behind the counter - not the Inn's till, which is a separate account entirely. Beds and hot meals bring in more coin than any other trade in the village, and it shows. Drag a valuable item onto the chest to sell it to him - he pays with what is actually inside, and there is usually a good deal inside. There is nothing stopping you searching it yourself, either, if you are willing to risk being caught."
CMC_CopperChestInnKeeper_CardHelpSection,Copper Chest
CMC_CopperChestInnKeeper_CI_Sell,Sell to the Inn Keeper
CMC_CopperChestInnKeeper_CI_Sell_Desc,"Sell the dragged item to the Inn Keeper. He pays out of the chest's own coin - his personal savings, not the Inn's till - so he can only buy what he can currently afford. He is the richest buyer in the village."
CMC_CopperChestInnKeeper_DA_Search,Search for valuables
CMC_CopperChestInnKeeper_DA_Search_Desc,Go through the chest and take whatever is inside. Quick work when nobody is home - rather less so when the Inn Keeper is.
CMC_InnKeeperChestRestockDay_StatName,Inn Keeper's Chest Last Restock Day
CMC_InnKeeperChestRestockDay_StatDescription,Hidden tracker: the absolute day the Inn Keeper last added to the Copper Chest.
CMC_InnKeeperChestThefts_StatName,Inn Keeper's Chest Undetected Thefts
CMC_InnKeeperChestThefts_StatDescription,Hidden heat counter: undetected robberies of the Inn Keeper's Copper Chest this season.
CMC_InnKeeperChestTheftSeason_StatName,Inn Keeper's Chest Theft Season
CMC_InnKeeperChestTheftSeason_StatDescription,Hidden tracker: the season the Copper Chest heat counter was last written in.
CMC_CopperChestProfessor_CardName,Professor's Copper Chest
CMC_CopperChestProfessor_CardDescription,"The Professor's own desk strongbox, kept in the Academy - not the tuition account at the lectern, which the Academy keeps its own books on. A scholar's private savings are modest, but the specimens he sets aside in here are not. Drag a valuable item onto the chest to sell it to him - he can only pay what is actually inside. There is nothing stopping you searching it yourself, either, if you are willing to risk being caught."
CMC_CopperChestProfessor_CardHelpSection,Copper Chest
CMC_CopperChestProfessor_CI_Sell,Sell to the Professor
CMC_CopperChestProfessor_CI_Sell_Desc,"Sell the dragged item to the Professor. He pays out of the chest's own coin - his own savings, not the Academy's tuition account - so he can only buy what he can currently afford."
CMC_CopperChestProfessor_DA_Search,Search for valuables
CMC_CopperChestProfessor_DA_Search_Desc,Go through the chest and take whatever is inside. Quick work when nobody is home - rather less so when the Professor is.
CMC_ProfessorChestRestockDay_StatName,Professor's Chest Last Restock Day
CMC_ProfessorChestRestockDay_StatDescription,Hidden tracker: the absolute day the Professor last added to the Copper Chest.
CMC_ProfessorChestThefts_StatName,Professor's Chest Undetected Thefts
CMC_ProfessorChestThefts_StatDescription,Hidden heat counter: undetected robberies of the Professor's Copper Chest this season.
CMC_ProfessorChestTheftSeason_StatName,Professor's Chest Theft Season
CMC_ProfessorChestTheftSeason_StatDescription,Hidden tracker: the season the Copper Chest heat counter was last written in.
CMC_SterlingEnc_Hold_Action,"Captain Reeve Sterling moves to block your way, sword still in its scabbard."
CMC_SterlingEnc_Hold_Success,He gets a hand on you and turns you back. He does not draw.
CMC_SterlingEnc_Hold_Failure,You slip past his reach before he can close his grip.
CMC_SterlingEnc_Press_Action,"The captain presses forward, open-handed, herding you away from the square."
CMC_SterlingEnc_Press_Success,He crowds you back a step and holds you there.
CMC_SterlingEnc_Press_Failure,You give ground and break the line he was trying to hold.
CMC_SterlingEnc_Title,Captain Reeve Sterling stops you.
CMC_SterlingEnc_Desc,"He plants himself in your path with one hand raised and the other well clear of his sword. ""Stand down and come with me,"" he says, ""or don't. But think on it first."""
CMC_SterlingEnc_Escape,Think better of it
CMC_SterlingEnc_Fight,Attack the captain
CMC_SterlingConv_Title,The Watch has you surrounded.
CMC_SterlingConv_Desc,"The captain is not alone this time. The Watch has closed from every side, and there is no gap left to talk your way through. ""No more warnings,"" Sterling says."
CMC_SterlingConv_Fight,Fight your way out
CMC_SterlingArr_Action,Sterling closes the distance and takes hold of you.
CMC_SterlingArr_Success,"You are held fast. It is over, and he never drew the blade."
CMC_SterlingArr_Failure,You wrench free for a heartbeat — and his hand closes on you again.
CMC_SterlingArr_Result,The captain walks you to the jail without another word. You are not hurt. You are simply no longer free.
CMC_SterlingArr_Title,Captain Sterling is done waiting.
CMC_SterlingArr_Desc,"""I have given you every chance I have to give,"" the captain says, and this time he does not stop to argue. He takes hold of you and does not let go."
CMC_SterlingArr_Fight,Let him take you
CMC_SterlingEscapeCount_StatName,Chances Given
CMC_SterlingEscapeCount_StatDescription,Hidden counter: how many times you have backed down from a fight with Captain Sterling.
