Herbs_And_Fungi_Perk_SeedBag_PerkDescription,"Start with variety seeds: 2 Hemp (edible, roastable, grows for fiber & flowers), 2 Rye, 2 Flax, 2 Peas, 2 Wheat. Plant in tilled soil for crops.",开始时携带多种种子：2份大麻（可食用、可烘烤、可种植获取纤维和花朵）、2份黑麦、2份亚麻、2份豌豆和2份小麦。在翻耕的土壤中种植。
Herbs_And_Fungi_Perk_SeedBag_PerkName,Seed Bag,种子袋
Herbs_And_Fungi_Perk_DryingKit_PerkDescription,"Start with a wooden drying stack (3 tray slots) and 3 woven drying trays (6 drying slots each) for preserving herbs, mushrooms, flowers, and meats. Dried items have extended shelf life.",开始时携带一个木制晾干堆（3个托盘槽位）和3个编织晾干托盘（各6个晾干槽位），用于保存草药、蘑菇、花朵和肉类。干燥物品保质期更长。
Herbs_And_Fungi_Perk_DryingKit_PerkName,Drying Kit,晾干套装
Herbs_And_Fungi_Perk_AddHemp_PerkDescription,"Start with 10 Hemp Seeds. Edible raw or roasted, plantable for fiber and flowers. Wild hemp can be foraged in the primeval woods. Flowers dry, grind into powder, smoke in pipes, or make into hemp butter (requires heating to activate).",开始时携带10份大麻种子。可生吃或烘烤，可种植获取纤维和花朵。野生大麻可在原始森林中采集。花朵可干燥、研磨成粉、在烟斗中吸食，或制成大麻黄油（需要加热激活）。
Herbs_And_Fungi_Perk_AddHemp_PerkName,Add Hemp,添加大麻
Herbs_And_Fungi_Perk_Stoner_PerkDescription,"Complete hemp testing kit: 1 Herb Pipe with 4 hemp powder, 8 seeds (edible/plantable), 4 raw flowers, 4 dried flowers, and stalks for fiber crafting.",完整大麻测试套装：1个草药烟斗配4份大麻粉、8份种子（可食用/种植）、4朵鲜花、4朵干花和用于纤维工艺的茎。
Herbs_And_Fungi_Perk_Stoner_PerkName,Hemp Farmer,大麻爱好者
Herbs_And_Fungi_MorelMushroom_SpoilageTime_CardStatName,Spoilage,新鲜度
Herbs_And_Fungi_MorelMushroom_SpoilageTime_OnFull_ActionDescription,Morel Spoiled!,羊肚菌变质了！
Herbs_And_Fungi_MorelMushroom_DismantleActions_Eat_ActionName,Eat Raw,生吃
Herbs_And_Fungi_MorelMushroom_DismantleActions_Eat_ActionDescription,Eat the morel raw. Warning: Raw morels contain toxins that cause stomach upset!,生吃羊肚菌。警告：生羊肚菌含有引起胃部不适的毒素！
Herbs_And_Fungi_GoldenOyster_CardName,Golden Oyster,金顶侧耳
Herbs_And_Fungi_GoldenOyster_CardDescription,Brilliant yellow oysters found in summer heat. Prized for their nutty cashew-like flavor.,夏季高温时发现的亮黄色侧耳。以其类似腰果的坚果风味而闻名。
Herbs_And_Fungi_GoldenOyster_CardHelpSection,"<b>Season:</b> Summer

<b>Habitat:</b> Hardwood logs and stumps in warm weather.

<b>Flavor:</b> Unique cashew-like nutty taste.","<b>季节:</b> 夏季

<b>栖息地:</b> 温暖天气下的硬木原木和树桩。

<b>风味:</b> 独特的类似腰果的坚果味。"
Herbs_And_Fungi_GoldenOyster_SpoilageTime_CardStatName,Spoilage,新鲜度
Herbs_And_Fungi_GoldenOyster_SpoilageTime_OnFull_ActionDescription,Golden Oyster Spoiled!,金顶侧耳变质了！
Herbs_And_Fungi_GoldenOyster_DismantleActions_Eat_ActionName,Eat Raw,生吃
Herbs_And_Fungi_GoldenOyster_DismantleActions_Eat_ActionDescription,Eat the golden oyster raw. Delicious nutty flavor.,生吃金顶侧耳。美味的坚果风味。
Herbs_And_Fungi_KingOyster_CardName,King Oyster,杏鲍菇
Herbs_And_Fungi_KingOyster_CardDescription,The largest oyster variety with thick white stems found in summer. Meaty texture makes it an excellent meat substitute.,夏季发现的最大侧耳品种，茎粗白。肉质口感使其成为极佳的肉类替代品。
Herbs_And_Fungi_KingOyster_CardHelpSection,"<b>Season:</b> Summer

<b>Characteristics:</b> Thick stem with small cap.

<b>Uses:</b> Best when cooked - meaty texture perfect for grilling or stir-fry.","<b>Season:</b> Summer,<b>季节：</b> 夏季"
Herbs_And_Fungi_KingOyster_SpoilageTime_CardStatName,Spoilage,新鲜度
Herbs_And_Fungi_KingOyster_SpoilageTime_OnFull_ActionDescription,King Oyster Spoiled!,杏鲍菇变质了！
Herbs_And_Fungi_KingOyster_DismantleActions_Eat_ActionName,Eat Raw,生吃
Herbs_And_Fungi_KingOyster_DismantleActions_Eat_ActionDescription,Eat the king oyster raw. Chewy texture but satisfying.,生吃杏鲍菇。口感有嚼劲但令人满足。
Herbs_And_Fungi_LionsMane_CardName,Lion's Mane Mushroom,狮鬃菇
Herbs_And_Fungi_LionsMane_CardDescription,A distinctive white shaggy mushroom resembling a lion's mane. Prized for both culinary and medicinal properties known to boost the immune system.,一种独特的白色毛茸茸蘑菇，形似狮鬃。因其烹饪和药用价值而受到珍视，已知可增强免疫系统。
Herbs_And_Fungi_LionsMane_CardHelpSection,"<b>Season:</b> Late Summer to Fall

<b>Medicinal:</b> Boosts immune system when eaten.

<b>Flavor:</b> Mild seafood-like taste similar to crab or lobster.","<b>季节:</b> 夏末至秋季

<b>药用:</b> 食用后增强免疫系统。

<b>风味:</b> 温和的海鲜味，类似螃蟹或龙虾。"
Herbs_And_Fungi_LionsMane_SpoilageTime_CardStatName,Spoilage,新鲜度
Herbs_And_Fungi_LionsMane_SpoilageTime_OnFull_ActionDescription,Lion's Mane Mushroom Spoiled!,狮鬃菇变质了！
Herbs_And_Fungi_DryingStack_CardName,Drying Stack,晾干堆
Herbs_And_Fungi_DryingStack_CardDescription,A portable wooden rack that holds up to 3 drying trays in separate slots for efficient herb preservation.,一个简单的木架系统，最多可容纳3个独立槽位中的晾干托盘，用于高效保存草药。
Herbs_And_Fungi_DryingStack_CardHelpSection,"<b>Capacity:</b> Holds 3 drying trays

<b>Use:</b> Add drying trays to the rack, then fill each tray with herbs, flowers, or fungi.

<b>Benefits:</b> Organized vertical storage for efficient drying.","<b>容量:</b> 可容纳3个晾干托盘

<b>用途:</b> 像家具一样放在地上，然后添加晾干托盘。将草药、花朵或真菌装入托盘。

<b>优点:</b> 有组织的垂直存储，高效干燥。"
Herbs_And_Fungi_DryingStack_DismantleActions_Dismantle_ActionName,Dismantle,拆除
Herbs_And_Fungi_DryingStack_DismantleActions_Dismantle_ActionDescription,Take apart the drying stack to recover materials.,拆除晾干堆以回收材料。
Herbs_And_Fungi_DryingTray_CardName,Drying Tray,晾干托盘
Herbs_And_Fungi_DryingTray_CardDescription,A woven reed tray with fine mesh for drying smaller herbs and plant materials. Can hold up to 6 items at once.,一个编织的芦苇托盘，带有细网，用于晾干较小的草药和植物材料。一次最多可容纳6个物品。
Herbs_And_Fungi_DryingTray_CardHelpSection,"<b>Capacity:</b> Holds 6 small items for drying

<b>Use:</b> Ideal for drying frostleaf cut fireroot appleweed hemp flowers and other small herbs.

<b>Benefits:</b> Mesh design allows maximum airflow for faster drying.","<b>容量:</b> 可容纳6个小物品晾干

<b>用途:</b> 适合晾干霜叶、切碎的火根、柰草、大麻花和其他小型草药。

<b>优点:</b> 网状设计允许最大气流以加快干燥速度。"
Herbs_And_Fungi_DryingTray_UsageDurability_CardStatName,Condition,状况
Herbs_And_Fungi_DryingTray_DismantleActions_Dismantle_ActionName,Dismantle,拆除
Herbs_And_Fungi_DryingTray_DismantleActions_Dismantle_ActionDescription,Take apart the tray to recover materials.,拆除托盘以回收材料。
Herbs_And_Fungi_GoldenOysterCooked_CardName,Cooked Golden Oyster,煮熟的金顶侧耳
Herbs_And_Fungi_GoldenOysterCooked_CardDescription,Perfectly cooked golden oysters with a tender meaty texture and rich cashew flavor.,完美煮熟的金顶侧耳，具有嫩滑的肉质口感和浓郁的腰果风味。
Herbs_And_Fungi_GoldenOysterCooked_CardHelpSection,"<b>Prepared:</b> Perfectly cooked.

<b>Nutrition:</b> Cooking enhances the nutritional value and flavor of these mushrooms.

<b>Flavor:</b> Rich, nutty taste with tender texture.","<b>准备:</b> 完美煮熟。

<b>营养:</b> 烹饪增强了营养价值和风味。

<b>风味:</b> 浓郁的坚果味和嫩滑的口感。"
Herbs_And_Fungi_GoldenOysterCooked_SpoilageTime_CardStatName,Spoilage,新鲜度
Herbs_And_Fungi_GoldenOysterCooked_SpoilageTime_OnFull_ActionDescription,Cooked Golden Oyster Spoiled!,煮熟的金顶侧耳变质了！
Herbs_And_Fungi_GoldenOysterCooked_DismantleActions_Eat_ActionName,Eat,吃
Herbs_And_Fungi_GoldenOysterCooked_DismantleActions_Eat_ActionDescription,Eat the cooked golden oyster. Delicious and highly nutritious.,吃煮熟的金顶侧耳。美味且营养丰富。
Herbs_And_Fungi_KingOysterCooked_CardName,Cooked King Oyster,煮熟的杏鲍菇
Herbs_And_Fungi_KingOysterCooked_CardDescription,Perfectly cooked king oysters with a thick meaty stem that rivals the texture of scallops or abalone.,完美煮熟的杏鲍菇，茎粗肉厚，口感可与扇贝或鲍鱼媲美。
Herbs_And_Fungi_KingOysterCooked_CardHelpSection,"<b>Prepared:</b> Perfectly cooked.

<b>Nutrition:</b> Excellent source of protein and nutrients when cooked.

<b>Texture:</b> Hearty meat-like texture that's very satisfying.","<b>准备:</b> 完美煮熟。

<b>营养:</b> 烹饪后是蛋白质和营养物质的极佳来源。

<b>口感:</b> 丰满的肉质口感非常令人满意。"
Herbs_And_Fungi_KingOysterCooked_SpoilageTime_CardStatName,Spoilage,新鲜度
Herbs_And_Fungi_KingOysterCooked_SpoilageTime_OnFull_ActionDescription,Cooked King Oyster Spoiled!,煮熟的杏鲍菇变质了！
Herbs_And_Fungi_KingOysterCooked_DismantleActions_Eat_ActionName,Eat,吃
Herbs_And_Fungi_KingOysterCooked_DismantleActions_Eat_ActionDescription,Eat the cooked king oyster. Very filling and highly nutritious.,吃煮熟的杏鲍菇。非常饱腹且营养丰富。
Herbs_And_Fungi_MorelCooked_CardName,Cooked Morel,煮熟的羊肚菌
Herbs_And_Fungi_MorelCooked_CardDescription,Expertly cooked morel. The heat has neutralized the raw toxins and brought out the deep earthy flavor this fungus is prized for.,专业烹饪的羊肚菌。高温中和了生毒素，带出了这种真菌备受珍视的深邃土味。
Herbs_And_Fungi_MorelCooked_CardHelpSection,"<b>Prepared:</b> Properly cooked to remove toxins.

<b>Delicacy:</b> One of the most prized edible mushrooms.

<b>Nutrition:</b> Excellent protein and mineral content.","<b>准备:</b> 正确烹饪以去除毒素。

<b>美味:</b> 最受珍视的食用真菌之一。

<b>营养:</b> 极佳的蛋白质和矿物质含量。"
Herbs_And_Fungi_MorelCooked_SpoilageTime_CardStatName,Spoilage,新鲜度
Herbs_And_Fungi_MorelCooked_SpoilageTime_OnFull_ActionDescription,Cooked Morel Spoiled!,煮熟的羊肚菌变质了！
Herbs_And_Fungi_MorelCooked_DismantleActions_Eat_ActionName,Eat,吃
Herbs_And_Fungi_MorelCooked_DismantleActions_Eat_ActionDescription,Eat the cooked morel. Exquisite earthy flavor with no toxins.,吃煮熟的羊肚菌。精致的土味，无毒素。
Herbs_And_Fungi_LionsManeDried_CardName,Dried Lion's Mane,干狮鬃菇
Herbs_And_Fungi_LionsManeDried_CardDescription,Carefully dried lion's mane mushroom. The drying process concentrates its medicinal compounds significantly boosting its immune-enhancing properties.,精心干燥的狮鬃菇。干燥过程浓缩了其药用化合物，显著增强其免疫增强特性。
Herbs_And_Fungi_LionsManeDried_CardHelpSection,"<b>Preservation:</b> Dried for extended shelf life.

<b>Medicinal:</b> Concentrated immune-boosting properties - much stronger than fresh.

<b>Use:</b> Add to soups or grind into powder for maximum benefit.","<b>保存:</b> 干燥以延长保质期。

<b>药用:</b> 浓缩的免疫增强特性 - 比新鲜的强得多。

<b>用途:</b> 添加到汤中或研磨成粉末以获得最大益处。"
Herbs_And_Fungi_LionsManeDried_SpoilageTime_CardStatName,Spoilage,新鲜度
Herbs_And_Fungi_LionsManeDried_SpoilageTime_OnFull_ActionDescription,Dried Lion's Mane Spoiled!,干狮鬃菇变质了！
Herbs_And_Fungi_LionsManeDried_DismantleActions_Eat_ActionName,Eat Dried,吃干货
Herbs_And_Fungi_LionsManeDried_DismantleActions_Eat_ActionDescription,Eat the dried lion's mane. Chewy but packed with concentrated immune-boosting compounds.,吃干狮鬃菇。有嚼劲但富含浓缩的免疫增强化合物。
Herbs_And_Fungi_MorelMushroom_UsageDurability_CardStatName,Dryness,干燥度
Herbs_And_Fungi_MorelMushroom_UsageDurability_OnFull_ActionName,Dried,已干燥
Herbs_And_Fungi_LionsMane_UsageDurability_CardStatName,Dryness,干燥度
Herbs_And_Fungi_LionsMane_UsageDurability_OnFull_ActionName,Dried,已干燥
Herbs_And_Fungi_KingOyster_UsageDurability_CardStatName,Dryness,干燥度
Herbs_And_Fungi_KingOyster_UsageDurability_OnFull_ActionName,Dried,已干燥
Herbs_And_Fungi_GoldenOyster_UsageDurability_CardStatName,Dryness,干燥度
Herbs_And_Fungi_GoldenOyster_UsageDurability_OnFull_ActionName,Dried,已干燥
Herbs_And_Fungi_MorelDried_CardName,Dried Morel,干羊肚菌
Herbs_And_Fungi_MorelDried_CardDescription,"Dried morel mushrooms. The honeycomb texture becomes intensely concentrated when dried, creating a powerful umami flavor.",干羊肚菌。蜂窝状质地在干燥时变得非常浓缩，产生强烈的鲜味。
Herbs_And_Fungi_MorelDried_CardHelpSection,"<b>Preservation:</b> Dried for extended shelf life.

<b>Use:</b> Add to soups or eat directly. Still requires cooking before eating.

<b>Benefits:</b> Concentrated earthy flavor and extended storage.","<b>保存:</b> 干燥以延长保质期。

<b>用途:</b> 添加到汤中或直接食用。食用前仍需烹饪。

<b>优势:</b> 浓缩的土味和延长的储存时间。"
Herbs_And_Fungi_MorelDried_SpoilageTime_CardStatName,Spoilage,新鲜度
Herbs_And_Fungi_MorelDried_SpoilageTime_OnFull_ActionDescription,Dried Morel Spoiled!,干羊肚菌变质了！
Herbs_And_Fungi_MorelDried_DismantleActions_Eat_ActionName,Eat,吃
Herbs_And_Fungi_MorelDried_DismantleActions_Eat_ActionDescription,Eat the dried morel. Chewy texture with concentrated earthy flavor.,吃干羊肚菌。有嚼劲的质地，浓缩的土味。
Herbs_Fungi_Bp_HempField_CardName,Hemp Field,大麻田
Herbs_Fungi_Bp_HempField_CardDescription,"Plant hemp seeds to create a field that produces hemp stalks, flowers, and seeds after 11 days.",种植大麻种子以创建一个在11天后产出大麻茎、花和种子的田地。
Herbs_Fungi_Bp_HempField_UnlockConditionsDesc,Unlocked after obtaining a Hemp Seed,获得大麻种子后解锁
Herbs_Fungi_Bp_HempPlant_CardName,Plant Hemp Seeds,种植大麻种子
Herbs_Fungi_Bp_HempPlant_CardDescription,Plant 2 hemp seeds in a garden plot to grow a hemp plant.,在花园地块中种植2颗大麻种子以种出一株大麻。
Herbs_Fungi_Bp_HempPlant_UnlockConditionsDesc,Unlocked after obtaining a Hemp Seed,获得大麻种子后解锁
Herbs_And_Fungi_LionsManeCooked_CardName,Cooked Lion's Mane,熟狮鬃菇
Herbs_And_Fungi_LionsManeCooked_CardDescription,Perfectly cooked lion's mane mushroom with a delicate seafood-like flavor. A gourmet treat that provides excellent nutrition and boosts mood.,完美烹饪的狮鬃菇，带有细腻的海鲜风味。是一道美味佳肴，提供极佳营养并提升情绪。
Herbs_And_Fungi_LionsManeCooked_CardHelpSection,<b>Prepared:</b> Properly cooked for optimal flavor.,"<b>准备：</b> 已正确烹熟以获得最佳风味。

<b>营养：</b> 含有丰富的认知增强化合物。"
herbsfungihempfieldgrowing_CardName,Hemp Field (Growing),大麻田（生长中）
herbsfungihempfieldgrowing_CardDescription,A field of hemp plants growing steadily. Will be ready to harvest when mature.,一片稳定生长的大麻植物田。成熟后可以收获。
herbsfungihempfieldgrowing_CardHelpSection,"<b>Growth:</b> Takes 11 days to mature. <b>Harvest:</b> Once mature, harvest for hemp stalks, flowers, and seeds.",<b>生长:</b> 需要11天成熟。<b>收获:</b> 成熟后可收获大麻茎、花和种子。
herbsfungihempfieldgrowing_Progress_CardStatName,Growth,生长度
herbsfungihempfieldgrowing_OnFull_ActionDescription,Hemp field is ready to harvest!,大麻田可以收获了！
herbsfungihempfieldmature_CardName,Mature Hemp Field,成熟的大麻田
herbsfungihempfieldmature_CardDescription,A field of mature hemp plants ready for harvest.,一片成熟的大麻植物田，可以收获了。
herbsfungihempfieldmature_CardHelpSection,"<b>Harvest:</b> Collect hemp stalks, flowers, and seeds. Harvesting destroys the field.",<b>收获:</b> 收集大麻茎、花和种子。收获时将摧毁该田地。
herbsfungihempfieldmature_DismantleActions_0_ActionName,Harvest,收获
herbsfungihempfieldmature_DismantleActions_0_ActionDescription,"Harvest hemp stalks, flowers, and seeds from the field.",从田地收获大麻茎、花和种子。
herbsfungichanterelle_CardName,Chanterelle,鸡油菌
herbsfungichanterelle_CardDescription,A golden funnel-shaped mushroom prized for its fruity aroma and peppery taste. Found near oak and birch trees during summer and fall. Excellent when cooked.,一种金色漏斗状蘑菇，因其果香和胡椒味而备受珍视。夏秋季节在橡树和桦树附近发现。烹饪后味道极佳。
herbsfungicookedchanterelle_CardName,Cooked Chanterelle,熟鸡油菌
herbsfungicookedchanterelle_CardDescription,A beautifully cooked golden chanterelle with a rich peppery flavor.,美味的金色鸡油菌，带有浓郁的胡椒味。
herbsfungidriedchanterelle_CardName,Dried Chanterelle,干鸡油菌
herbsfungidriedchanterelle_CardDescription,A dried chanterelle with concentrated flavor. Keeps much longer than fresh.,干燥的鸡油菌，味道更浓。比新鲜的保存时间更长。
herbsfungireishi_CardName,Reishi Mushroom,灵芝
herbsfungireishi_CardDescription,A tough woody shelf fungus prized for its medicinal properties. Known to boost immunity and fight infection.,一种坚硬的木质架菇，因其药用价值而备受珍视。以增强免疫力和抗感染著称。
herbsfungireishi_EatRaw,Eat Raw,生吃
herbsfungireishi_EatRaw_Desc,Eat the fresh reishi raw. Tough and woody but provides medicinal benefits.,生吃新鲜灵芝。坚硬木质但提供药用益处。
herbsfungidriedreishi_CardName,Dried Reishi,干灵芝
herbsfungidriedreishi_CardDescription,Properly dried reishi mushroom. Can be brewed into medicinal tea or ground into powder.,正确干燥的灵芝。可以煮成药茶或研磨成粉。
herbsfungidriedreishi_Eat,Eat,食用
herbsfungidriedreishi_Eat_Desc,Eat the dried reishi. Concentrated medicinal effect.,食用干灵芝。浓缩的药用效果。
herbsfungipuffball_CardName,Giant Puffball,大马勃
herbsfungipuffball_CardDescription,A large round white mushroom found in clearings. When young and white inside it is an excellent food source.,一种在空地发现的大型圆形白色蘑菇。年轻且内部呈白色时是极佳的食物来源。
herbsfungicookedpuffball_CardName,Cooked Puffball,熟马勃
herbsfungicookedpuffball_CardDescription,Sliced and fried puffball with a texture similar to tofu. Very filling.,切片油炸的马勃，口感类似豆腐。非常饱腹。
herbsfungichickenofwoods_CardName,Chicken of the Woods,硫磺菌
herbsfungichickenofwoods_CardDescription,A bright orange shelf fungus with a texture remarkably similar to chicken. A prized find for any forager.,一种亮橙色的架菇，质地与鸡肉惊人相似。任何采集者都珍视的发现。
herbsfungidriedchickenofwoods_CardName,Dried Chicken of the Woods,干硫磺菌
herbsfungidriedchickenofwoods_CardDescription,Dried chicken of the woods with concentrated flavor. Much longer shelf life than fresh.,风味更浓缩的干硫磺菌。比新鲜时保存得更久。
herbsfungidriedchickenofwoods_Eat,Eat,食用
herbsfungidriedchickenofwoods_Eat_Desc,Eat the dried chicken of the woods. Chewy but satisfying.,食用干硫磺菌。很有嚼劲但令人满足。
herbsfungicookedchickenofwoods_CardName,Cooked Chicken of the Woods,熟硫磺菌
herbsfungicookedchickenofwoods_CardDescription,Perfectly cooked chicken of the woods. The texture and taste are remarkably similar to actual chicken.,完美烹饪的硫磺菌。质地和味道与真正的鸡肉惊人相似。
herbsfungideathcap_CardName,Death Cap,毒鹅膏
herbsfungideathcap_CardDescription,A deadly poisonous mushroom often mistaken for edible varieties. Even a small amount can be fatal. Handle with extreme caution. Can be applied to weapons as poison.,一种致命的毒蘑菇，常被误认为可食用品种。即使少量也可能致命。务必极其小心处理。可涂抹在武器上作为毒药。
herbsfungideathcap_ApplyPoison,Apply Poison,涂抹毒药
herbsfungideathcap_ApplyPoison_Desc,Smear the deadly toxins from the death cap onto a weapon.,将毒鹅膏的致命毒素涂抹在武器上。
herbsfungiginseng_CardName,Wild Ginseng,野生人参
herbsfungiginseng_CardDescription,A rare and prized root found deep in ancient forests. Known for its powerful energy-boosting properties.,一种在古老森林深处发现的珍稀根茎。以其强大的提神特性闻名。
herbsfungiginseng_EatRaw,Eat Raw,生吃
herbsfungiginseng_EatRaw_Desc,Eat the fresh ginseng root raw. Provides a powerful burst of energy.,生吃新鲜人参根。提供强大的能量爆发。
herbsfungidriedginseng_CardName,Dried Ginseng,干人参
herbsfungidriedginseng_CardDescription,Properly dried ginseng with concentrated energizing compounds. Highly valued.,正确干燥的人参，能量化合物更浓缩。价值极高。
herbsfungidriedginseng_Eat,Eat,食用
herbsfungidriedginseng_Eat_Desc,Eat the dried ginseng for a powerful energy boost.,食用干人参以获得强力能量提升。
Herbs_And_Fungi_LionsManeCooked_SpoilageTime_CardStatName,Spoilage,新鲜度
Herbs_And_Fungi_LionsManeCooked_SpoilageTime_OnFull_ActionDescription,Cooked Lion's Mane Spoiled!,熟狮鬃菇变质了！
Herbs_And_Fungi_LionsManeCooked_DismantleActions_Eat_ActionName,Eat,食用
Herbs_And_Fungi_LionsManeCooked_DismantleActions_Eat_ActionDescription,Eat the cooked lion's mane. Delicious seafood-like flavor with excellent nutrition.,食用熟狮鬃菇。美味的海鲜风味和极佳营养。
Herbs_And_Fungi_LionsManeGround_CardName,Ground Lion's Mane,狮鬃菇粉
Herbs_And_Fungi_LionsManeGround_CardDescription,Finely ground dried lion's mane powder. Highly concentrated medicinal compounds make this a powerful immune system booster and brain tonic.,精细研磨的干狮鬃菇粉。高度浓缩的药用化合物使其成为强力免疫增强剂和健脑补品。
Herbs_And_Fungi_LionsManeGround_CardHelpSection,"<b>Preparation:</b> Ground from dried lion's mane.

<b>Medicinal:</b> Maximum concentration of nerve-regenerating compounds.

<b>Use:</b> Add to teas soups or take directly for cognitive benefits.","<b>准备:</b> 由干狮鬃菇研磨而成。

<b>药用:</b> 神经再生化合物最大浓度。

<b>使用:</b> 加入茶、汤或直接服用以获得认知益处。"
Herbs_And_Fungi_LionsManeGround_DismantleActions_Eat_ActionName,Eat,服用粉末
Herbs_And_Fungi_LionsManeGround_DismantleActions_Eat_ActionDescription,Consume the lion's mane powder directly. Intensely medicinal with powerful immune and cognitive benefits.,直接服用狮鬃菇粉。具有强大的药用价值，提供强力免疫和认知益处。
Herbs_And_Fungi_LionsMane_SpecialDurability1_CardStatName,Cook,烹饪度
Herbs_And_Fungi_LionsMane_SpecialDurability1_OnFull_ActionDescription,Lion's Mane Cooked!,狮鬃菇已烹熟！
Herbs_And_Fungi_Bp_HerbPipe_CardDescription,"A carved wooden pipe for smoking herbal powders. Requires 1 unfinished wood carving, spoon bit, and knife.",一种用于吸食草药粉的雕刻木烟斗。需要1个未完成的木雕、勺钻头和刀。
Herbs_And_Fungi_GoldenOysterDried_CardName,Dried Golden Oyster,干金顶侧耳
Herbs_And_Fungi_GoldenOysterDried_DismantleActions_Eat_ActionDescription,Eat the dried golden oyster. Chewy with concentrated flavor.,吃干金顶侧耳。口感有嘜劲，风味浓缩。
Herbs_And_Fungi_GoldenOysterDried_DismantleActions_Eat_ActionName,Eat Dried,吃干货
Herbs_And_Fungi_GoldenOysterDried_SpoilageTime_CardStatName,Spoilage,新鲜度
Herbs_And_Fungi_GoldenOysterDried_SpoilageTime_OnFull_ActionDescription,Dried Golden Oyster Spoiled!,干金顶侧耳变质了！
Herbs_And_Fungi_GoldenOyster_SpecialDurability1_CardStatName,Cook,烹饪
Herbs_And_Fungi_GoldenOyster_SpecialDurability1_OnFull_ActionDescription,Golden Oyster Cooked!,金顶侧耳已烹熟！
Herbs_And_Fungi_KingOysterDried_CardDescription,"Dried king oyster mushrooms. The thick stems become dense and chewy when dried, perfect for long-term storage.",干杏鲍菇。厚实的茎在干燥后变得致密有嚼劲，非常适合长期储存。
Herbs_And_Fungi_KingOysterDried_CardName,Dried King Oyster,干杏鲍菇
Herbs_And_Fungi_KingOysterDried_DismantleActions_Eat_ActionDescription,Eat the dried king oyster mushroom. Very chewy with intense umami flavor.,吃干杏鲍菇。口感十分有嘜劲，鲜味浓郁。
Herbs_And_Fungi_KingOysterDried_DismantleActions_Eat_ActionName,Eat Dried,吃干货
Herbs_And_Fungi_KingOysterDried_SpoilageTime_CardStatName,Spoilage,新鲜度
Herbs_And_Fungi_KingOysterDried_SpoilageTime_OnFull_ActionDescription,Dried King Oyster Spoiled!,干杏鲍菇变质了！
Herbs_And_Fungi_KingOyster_SpecialDurability1_CardStatName,Cook,烹饪
Herbs_And_Fungi_KingOyster_SpecialDurability1_OnFull_ActionDescription,King Oyster Cooked!,杏鲍菇已烹熟！
Herbs_And_Fungi_LionsManeDried_Grind,Grind,研磨
Herbs_And_Fungi_LionsManeDried_Grind_Desc,Grind the dried lion's mane into powder using stones or grinding tools.,用石头或研磨工具将干狮鬃菇研磨成粉末。
Herbs_And_Fungi_LionsManeGround_MixTea,Mix into Hot Water,混入热水
Herbs_And_Fungi_LionsManeGround_MixTea_Desc,Mix lion's mane powder into hot water to create a brain-boosting medicinal tea.,将狮鬃菇粉末混入热水中，制成健脑药茶。
Herbs_And_Fungi_LionsManeGround_MixTea_FailMessage,Not hot enough.,水温不够热。
Herbs_And_Fungi_LionsMane_DismantleActions_Chew_ActionDescription,"Chew the lion's mane mushroom. Less effective than dried/ground, but provides weak immune boost. Can chew 3 times.",咀嚼狮鬃菇。效果不如干燥/研磨的，但提供微弱的免疫增强。可咀嚼3次。
Herbs_And_Fungi_Perk_CulinaryKit_PerkName,Culinary Kit,烹饪套装
Herbs_And_Fungi_Perk_MedicalMushrooms_PerkDescription,"Start with medicinal mushrooms: Lion's Mane (cognitive boost, chewable 3x or grindable), Shiitake (immune system support), Reishi (longevity and wellness, chewable or grindable), and Spirit Mushrooms (vanilla rare medicinal). Dry and grind for powerful medicinal powders or teas.",开始时携带药用蘑菇：狮鬃菇（认知增强，可咀嚼3次或研磨）、香菇（免疫系统支持）、灵芝（长寿和健康，可咀嚼或研磨）和灵魂蘑菇（原版稀有药用）。干燥并研磨制成强效药粉或茶。
Herbs_And_Fungi_Perk_MedicalMushrooms_PerkName,Medical Mushrooms,药用蘑菇
Herbs_And_Fungi_OilPress_CardName,Oil Press,油压机
Herbs_And_Fungi_OilPress_CardDescription,"A mechanical oil press for extracting oil. Open the Recipes tab to press hemp seeds, a truffle, or fresh herbs into oil.",机械榨油机，用于榨取油脂。打开配方页，将大麻籽、松露或新鲜草药压榨成油。
Herbs_And_Fungi_OilPress_CardHelpSection,"<b>How to Use:</b>
• Open the <b>Recipes</b> tab on the press
• Press Hemp Seeds (3 seeds + bowl), Press Truffle (1 truffle + bowl), or press fresh herbs (fairyweed, hemp flower, appleweed, frostleaf + bowl)
• Each recipe consumes the ingredients and produces 1 bowl of oil

<b>Herbal oils</b> give the same calming/mood effects as smoking the corresponding herb in a pipe.","<b>使用方法：</b>
• 在压榨机上打开<b>配方</b>页
• 选择<b>压榨大麻籽</b>（需要3粒大麻籽）或<b>压榨松露</b>（需要1个新鲜松露）
• 压榨机将消耗材料并产出1份灯油"
herbsfungiblacktrumpet_CardName,Black Trumpet,黑喇叭菇
herbsfungiblacktrumpet_CardDescription,"A dark, funnel-shaped mushroom with an intense, smoky flavor. Also called the 'Horn of Plenty'. Prized by foragers for its gourmet qualities.",一种带有浓郁烟熏风味的美食蘑菇。秋季在橡树和山毛榉附近发现。深受厨师青睐。
herbsfungiblacktrumpetdried_CardName,Dried Black Trumpet,干黑喇叭菇
herbsfungiblacktrumpetdried_CardDescription,"Dried black trumpet mushrooms. The drying process intensifies their smoky, earthy flavor. Perfect for adding to stews and sauces.",烟熏风味更浓郁，非常适合冬季汤和炖菜。可添加到菜肴中或作为有嚼劲的零食食用。
herbsfungiblacktrumpetcooked_CardName,Cooked Black Trumpet,熟黑喇叭菇
herbsfungiblacktrumpetcooked_CardDescription,"Expertly cooked black trumpet mushrooms. The smoky, truffle-like flavor is now fully developed. A true gourmet delicacy.",完美煎炒的黑喇叭菇，带有浓郁的泥土风味。真正的美味佳肴。
herbsfungishiitake_CardName,Shiitake Mushroom,香菇
herbsfungishiitake_CardDescription,"A brown-capped mushroom with a rich, savory flavor. Known for its immune-boosting properties and meaty texture.",一种珍贵的烹饪蘑菇，带有浓郁的鲜味。以其增强免疫力的特性闻名。
herbsfungishiitakedried_CardName,Dried Shiitake,干香菇
herbsfungishiitakedried_CardDescription,Dried shiitake mushrooms with concentrated umami flavor. A staple in many cuisines and valued for medicinal properties.,浓缩的鲜味。添加到汤底或作为有嚼劲的零食干吃。
herbsfungishiitakecooked_CardName,Cooked Shiitake,熟香菇
herbsfungishiitakecooked_CardDescription,Perfectly cooked shiitake mushrooms with a meaty texture and rich umami flavor. Known to boost the immune system.,鲜嫩多汁的香菇，带有浓郁的鲜味。营养丰富，增强免疫力。
herbsfungiyarrow_CardName,Yarrow,蓍草
herbsfungiyarrow_CardDescription,A flowering herb with feathery leaves and white flower clusters. Traditional remedy for stopping bleeding and treating wounds. Can also be brewed into a healing tea.,一种具有羽状叶片的药用草本植物。传统上用于止血和愈合伤口。
herbsfungiyarrow_EatRaw,Eat Raw,生吃
herbsfungiyarrow_EatRaw_Desc,Eat the fresh yarrow leaves raw. Bitter but helps reduce bleeding and infection.,生吃新鲜蓍草叶。苦涩但有助于减少出血和感染。
herbsfungiyarrowdried_CardName,Dried Yarrow,干蓍草
herbsfungiyarrowdried_CardDescription,Properly dried yarrow with preserved healing properties. Can be ground into powder or brewed into medicinal tea. Excellent for treating wounds and bleeding.,具有浓缩愈合特性的干蓍草。涂抹于伤口或食用以获得内部益处。
herbsfungiyarrowdried_Eat,Eat,食用
herbsfungiyarrowdried_Eat_Desc,Eat the dried yarrow leaves. Concentrated healing properties help stop bleeding and fight infection.,食用干蓍草叶。浓缩的愈合特性有助于止血和抗感染。
herbsfungiyarrowground_CardName,Ground Yarrow,蓍草粉
herbsfungiyarrowground_CardDescription,"Finely ground dried yarrow powder. Can be mixed with hot water to make healing tea, or applied directly to wounds for potent hemostatic effects.",细磨的蓍草粉。是伤口治疗和预防感染最有效的形式。
herbsfungiyarrowground_Eat,Eat,食用
herbsfungiyarrowground_Eat_Desc,Eat the concentrated yarrow powder. Very effective at stopping bleeding and fighting infection.,食用浓缩的蓍草粉。在止血和抗感染方面非常有效。
herbsfungiyarrowground_MixTea,Mix into Hot Water,混入热水
herbsfungiyarrowground_MixTea_Desc,Mix yarrow powder into hot water to create healing tea.,将蓍草粉混入热水中制作愈合茶。
herbsfungiyarrowground_MixTea_FailMessage,Not hot enough.,水温不够热。
herbsfungiginsengground_CardName,Ground Ginseng,人参粉
herbsfungiginsengground_CardDescription,"Finely ground dried ginseng root powder. Can be consumed directly for potent energy and immune benefits, or mixed with hot water to make revitalizing tea.",浓缩的人参粉，具有最大的提神特性。一种强力补品。
herbsfungiginsengground_Eat,Eat,食用
herbsfungiginsengground_Eat_Desc,"Eat the concentrated ginseng powder. Provides a powerful boost to energy, vitality and immune function.",食用浓缩的人参粉。提供强大的能量活力和免疫功能提升。
herbsfungiginsengground_MixTea,Mix into Hot Water,混入热水
herbsfungiginsengground_MixTea_Desc,Mix ginseng powder into hot water to create revitalizing tea.,将人参粉混入热水中制作恢复活力茶。
herbsfungiginsengground_MixTea_FailMessage,Not hot enough.,水温不够热。
herbsfungireishiground_CardName,Ground Reishi,灵芝粉
herbsfungireishiground_CardDescription,"Finely ground dried reishi mushroom powder. Can be consumed directly for potent medicinal benefits, or brewed into therapeutic tea.",细磨的灵芝粉。服用或泡茶时提供强大的免疫支持和压力缓解。
herbsfungireishiground_Eat,Eat,食用
herbsfungireishiground_Eat_Desc,Eat the concentrated reishi powder. Provides powerful immune support and stress relief.,食用浓缩的灵芝粉。提供强大的免疫支持和压力缓解。
herbsfungireishiground_MixTea,Mix into Hot Water,混入热水
herbsfungireishiground_MixTea_Desc,Mix reishi powder into hot water to create therapeutic medicinal tea.,将灵芝粉混入热水中制作治疗性药茶。
herbsfungireishiground_MixTea_FailMessage,Not hot enough.,水温不够热。
herbsfungiginsengtea_CardName,Ginseng Tea,人参茶
herbsfungiginsengtea_CardDescription,A revitalizing herbal tea brewed from ground ginseng root. Reduces fatigue and boosts mental clarity.,由人参根粉泡制的提神草药茶。减少疲劳并增强思维清晰度。
herbsfungiginsengtea_CardHelpSection,"<b>Preparation:</b> Mix ground ginseng with hot water in a bowl.

<b>Benefits:</b> Reduces fatigue, improves focus, boosts immunity.","<b>Preparation:</b> Mix ground ginseng with hot water in a bowl.,<b>制作：</b> 由干狮鬃菇磨成。"
herbsfungiginsengtea_SpoilageTime_CardStatName,Bacteria,细菌
herbsfungiginsengtea_SpoilageTime_OnFull_ActionDescription,Ginseng Tea Spoiled!,人参茶变质了！
herbsfungiginsengtea_FuelCapacity_CardStatName,Liquid Temperature,液体温度
herbsfungiginsengtea_SpecialDurability2_CardStatName,Quality,质量
herbsfungiginsengtea_DismantleActions_Drink_ActionName,Drink,喝
herbsfungilionsmanetea_CardName,Lion's Mane Tea,狮鬃菇茶
herbsfungilionsmanetea_CardDescription,A medicinal tea brewed from ground lion's mane mushroom. Known for boosting cognitive function and immune health.,由狮鬃菇粉泡制的药茶。以增强认知功能和免疫健康而闻名。
herbsfungilionsmanetea_CardHelpSection,<b>Preparation:</b> Mix ground lion's mane with hot water in a bowl.,<b>准备:</b> 将磨碎的狮鬃菇与热水混合于碗中。
herbsfungilionsmanetea_SpoilageTime_CardStatName,Bacteria,细菌
herbsfungilionsmanetea_SpoilageTime_OnFull_ActionDescription,Lion's Mane Tea Spoiled!,狮鬃菇茶变质了！
herbsfungilionsmanetea_FuelCapacity_CardStatName,Liquid Temperature,液体温度
herbsfungilionsmanetea_SpecialDurability2_CardStatName,Quality,质量
herbsfungilionsmanetea_DismantleActions_Drink_ActionName,Drink,喝
herbsfungireishitea_CardName,Reishi Tea,灵芝茶
herbsfungireishitea_CardDescription,A therapeutic tea brewed from ground reishi mushroom. Powerful immune support and stress relief in a warming cup.,由灵芝粉泡制的治疗茶。一杯暖暖的茶提供强大的免疫支持和压力缓解。
herbsfungireishitea_CardHelpSection,"<b>Preparation:</b> Mix ground reishi with hot water in a bowl.

<b>Benefits:</b> Immune boost, stress relief, promotes calm.","<b>Preparation:</b> Mix ground reishi with hot water in a bowl.,<b>制作：</b> 将磨碎的狮鬃菇与热水在碗中混合。"
herbsfungireishitea_SpoilageTime_CardStatName,Bacteria,细菌
herbsfungireishitea_SpoilageTime_OnFull_ActionDescription,Reishi Tea Spoiled!,灵芝茶变质了！
herbsfungireishitea_FuelCapacity_CardStatName,Liquid Temperature,液体温度
herbsfungireishitea_SpecialDurability2_CardStatName,Quality,质量
herbsfungireishitea_DismantleActions_Drink_ActionName,Drink,喝
herbsfungiyarrowtea_CardName,Yarrow Tea,蓍草茶
herbsfungiyarrowtea_CardDescription,A healing tea brewed from ground yarrow. Traditional remedy for reducing bleeding and combating infection.,由蓍草粉泡制的愈合茶。减少出血和对抗感染的传统疗法。
herbsfungiyarrowtea_CardHelpSection,<b>Preparation:</b> Mix ground yarrow with hot water in a bowl.,<b>准备:</b> 将磨碎的蕉草与热水混合于碗中。
herbsfungiyarrowtea_SpoilageTime_CardStatName,Bacteria,细菌
herbsfungiyarrowtea_SpoilageTime_OnFull_ActionDescription,Yarrow Tea Spoiled!,蓍草茶变质了！
herbsfungiyarrowtea_FuelCapacity_CardStatName,Liquid Temperature,液体温度
herbsfungiyarrowtea_SpecialDurability2_CardStatName,Quality,质量
herbsfungiyarrowtea_DismantleActions_Drink_ActionName,Drink,喝
Herbs_And_Fungi_Bp_HerbPipe_CardName,Herb Pipe,草药烟斗
Herbs_And_Fungi_Bp_HerbPipe_UnlockConditionsDesc,Requires Unfinished Wood Carving,需要未完成的木雕
Herbs_And_Fungi_DryingStack_DismantleActions_Dismantle_FailMessage,Remove drying trays from the stack first.,请先移除烘干架堆叠中的托盘。
Herbs_And_Fungi_DryingTray_CookingRecipes_DryDryable_ActionName,Dry Herbs & Fungi (Quality +0.25),烘干草药与菌类（品质 +0.25）
Herbs_And_Fungi_DryingTray_Transform_BlackTrumpet,Finish Drying,完成烘干
Herbs_And_Fungi_DryingTray_Transform_Chanterelle,Finish Drying,完成烘干
Herbs_And_Fungi_DryingTray_Transform_Complete,Drying complete!,烘干完成！
Herbs_And_Fungi_DryingTray_Transform_Ginseng,Finish Drying,完成烘干
Herbs_And_Fungi_DryingTray_Transform_GoldenOyster,Finish Drying,完成烘干
Herbs_And_Fungi_DryingTray_Transform_HempFlower,Finish Drying,完成烘干
Herbs_And_Fungi_DryingTray_Transform_KingOyster,Finish Drying,完成烘干
Herbs_And_Fungi_DryingTray_Transform_LionsMane,Finish Drying,完成烘干
Herbs_And_Fungi_DryingTray_Transform_Morel,Finish Drying,完成烘干
Herbs_And_Fungi_DryingTray_Transform_Reishi,Finish Drying,完成烘干
Herbs_And_Fungi_DryingTray_Transform_Shiitake,Finish Drying,完成烘干
Herbs_And_Fungi_DryingTray_Transform_Yarrow,Finish Drying,完成烘干
Herbs_And_Fungi_GoldenOysterDried_CardDescription,Dried golden oyster mushrooms. The dehydration process preserves their nutty cashew-like flavor for long-term storage.,干燥的金顶侧耳蘑菇。脱水处理保留了其类似腰果的坚果风味，便于长期保存。
Herbs_And_Fungi_GoldenOysterDried_CardHelpSection,"<b>Preservation:</b> Dried for extended shelf life.

<b>Use:</b> Add directly to soups and stews, or eat as a chewy snack.

<b>Flavor:</b> Concentrated nutty taste.","<b>保存:</b> 经干燥处理，保质期更长。

<b>用途:</b> 直接加入汤或炘菜中，或作为有嘜劲的零食食用。

<b>风味:</b> 浓缩的坚果味。"
Herbs_And_Fungi_KingOysterDried_CardHelpSection,"<b>Preservation:</b> Dried for extended shelf life.

<b>Use:</b> Add to soups and stews for meaty texture, or eat as a chewy snack.

<b>Benefits:</b> Concentrated nutrients and umami flavor.","<b>保存:</b> 经干燥处理，保质期更长。

<b>用途:</b> 加入汤或炘菜中增添肉质口感，或作为有嘜劲的零食食用。

<b>优点:</b> 浓缩的营养与鲜味。"
Herbs_And_Fungi_LionsMane_DismantleActions_Chew_ActionName,Chew,咀喼
Herbs_And_Fungi_MorelMushroom_SpecialDurability1_CardStatName,Cook,烹饪
Herbs_And_Fungi_MorelMushroom_SpecialDurability1_OnFull_ActionDescription,Morel Cooked!,羊胚菌已烹熟！
Herbs_And_Fungi_Perk_CulinaryKit_PerkDescription,"Start with gourmet culinary mushrooms and herbs: King Oyster (meaty), Golden Oyster (decorative), Morel (rare delicacy), Black Trumpet (gourmet), Shiitake (umami), Puffball (mild, versatile), Yarrow (aromatic herb), and Ginseng (energy herb). All can be dried, cooked, or ground for recipes.",开始时携带美味蘑菇和草药：杏鲍菇（多肉）、金顶侧耳（装饰性）、羊肚菌（稀有美味）、黑喇叭菇（美食）、香菇（鲜味）、马勃（温和万用）、蓍草（芳香草药）和人参（能量草药）。均可干燥、烹饪或研磨入菜。
herbsfungiblacktrumpet_EatRaw,Eat Raw,生吃
herbsfungiblacktrumpet_EatRaw_Desc,Eat the black trumpet raw. Safe but better when cooked for full flavor.,生吃黑喇叭菌。安全可食但烹熟后风味更佳。
herbsfungiblacktrumpet_SpecialDurability1_Cooked,The black trumpet is perfectly cooked.,黑喇叭菌已完美烹熟。
herbsfungiblacktrumpet_SpecialDurability1_StatName,Cook,烹饪
herbsfungiblacktrumpet_SpoilageTime_Spoiled,The black trumpet has spoiled.,黑喇叭菌已变质。
herbsfungiblacktrumpet_SpoilageTime_StatName,Spoilage,腐败
herbsfungiblacktrumpet_UsageDurability_Dried,The black trumpet has dried properly.,黑喇叭菌已适当晾干。
herbsfungiblacktrumpet_UsageDurability_StatName,Dry,干燥
herbsfungiblacktrumpetcooked_Eat,Eat,食用
herbsfungiblacktrumpetcooked_Eat_Desc,"Savor the smoky, truffle-like flavor of the cooked black trumpet.",品味烹熟的黑喇叭菌浓郁烟熏松露般的风味。
herbsfungiblacktrumpetcooked_SpoilageTime_Spoiled,The cooked black trumpet has spoiled.,熟黑喇叭菌已变质。
herbsfungiblacktrumpetcooked_SpoilageTime_StatName,Spoilage,腐败
herbsfungiblacktrumpetdried_Eat,Eat,食用
herbsfungiblacktrumpetdried_Eat_Desc,Chew on the dried black trumpet. Tough but intensely flavorful.,咀嚼干黑喇叭菌。质地较硬但风味极为浓郁。
herbsfungiblacktrumpetdried_SpecialDurability1_Cooked,The dried black trumpet has been cooked.,干黑喇叭菌已被烹熟。
herbsfungiblacktrumpetdried_SpecialDurability1_StatName,Cook,烹饪
herbsfungichanterelle_EatRaw,Eat Raw,生吃
herbsfungichanterelle_EatRaw_Desc,Eat the chanterelle raw. Edible but better cooked.,生吃鸡油菌。可以食用但烹熟更佳。
herbsfungichanterelle_SpecialDurability1_Cooked,The chanterelle is cooked.,鸡油菌已烹熟。
herbsfungichanterelle_SpecialDurability1_StatName,Cook,烹饪
herbsfungichanterelle_SpoilageTime_Spoiled,The chanterelle has spoiled.,鸡油菌已变质。
herbsfungichanterelle_SpoilageTime_StatName,Spoilage,腐败
herbsfungichanterelle_UsageDurability_Dried,The chanterelle has dried out.,鸡油菌已晾干。
herbsfungichanterelle_UsageDurability_StatName,Dry,干燥
herbsfungichickenofwoods_EatRaw,Eat Raw,生吃
herbsfungichickenofwoods_EatRaw_Desc,Eat raw. Should really be cooked first.,生吃。最好先烹熟。
herbsfungichickenofwoods_SpecialDurability1_Cooked,The chicken of the woods is perfectly cooked.,木鸡菌已完美烹熟。
herbsfungichickenofwoods_SpecialDurability1_StatName,Cook,烹饪
herbsfungichickenofwoods_SpoilageTime_Spoiled,The chicken of the woods has spoiled.,木鸡菌已变质。
herbsfungichickenofwoods_SpoilageTime_StatName,Spoilage,腐败
herbsfungichickenofwoods_UsageDurability_Dried,The chicken of the woods has dried out.,木鸡菌已晾干。
herbsfungichickenofwoods_UsageDurability_StatName,Dry,干燥
herbsfungicookedchanterelle_Eat,Eat,食用
herbsfungicookedchanterelle_Eat_Desc,Enjoy the delicious cooked chanterelle.,享用美味的熟鸡油菌。
herbsfungicookedchanterelle_SpoilageTime_Spoiled,The cooked chanterelle has spoiled.,熟鸡油菌已变质。
herbsfungicookedchanterelle_SpoilageTime_StatName,Spoilage,腐败
herbsfungicookedchickenofwoods_Eat,Eat,食用
herbsfungicookedchickenofwoods_Eat_Desc,Enjoy this meaty mushroom - it tastes just like chicken!,享用这道肉质蘑菇——口感就像鸡肉！
herbsfungicookedchickenofwoods_SpoilageTime_Spoiled,The cooked mushroom has spoiled.,熟蘑菇已变质。
herbsfungicookedchickenofwoods_SpoilageTime_StatName,Spoilage,腐败
herbsfungicookedpuffball_Eat,Eat,食用
herbsfungicookedpuffball_Eat_Desc,Eat the delicious cooked puffball slices.,食用美味的熟马勃菌片。
herbsfungicookedpuffball_SpoilageTime_Spoiled,The cooked puffball has spoiled.,熟马勃菌已变质。
herbsfungicookedpuffball_SpoilageTime_StatName,Spoilage,腐败
herbsfungideathcap_EatRaw,Eat (DANGER!),食用（危险！）
herbsfungideathcap_EatRaw_Desc,Eat the death cap. This will poison you severely - likely fatally!,食用毒鹅膏。这将使您严重中毒——很可能致命！
herbsfungideathcap_SpoilageTime_Spoiled,The death cap has decomposed - but is no less dangerous.,毒鹅膏已腐烂——但依然危险。
herbsfungideathcap_SpoilageTime_StatName,Spoilage,腐败
herbsfungidriedchanterelle_Eat,Eat,食用
herbsfungidriedchanterelle_Eat_Desc,Eat the dried chanterelle. Chewy but nutritious.,食用干鸡油菌。有嚼劲但营养丰富。
herbsfungidriedchanterelle_SpecialDurability1_Cooked,The dried chanterelle is cooked.,干鸡油菌已烹熟。
herbsfungidriedchanterelle_SpecialDurability1_StatName,Cook,烹饪
herbsfungidriedchanterelle_SpoilageTime_Spoiled,The dried chanterelle has finally spoiled.,干鸡油菌终于变质了。
herbsfungidriedchanterelle_SpoilageTime_StatName,Spoilage,腐败
herbsfungidriedchickenofwoods_SpecialDurability1_Cooked,The dried chicken of the woods is cooked.,干木鸡菌已烹熟。
herbsfungidriedchickenofwoods_SpecialDurability1_StatName,Cook,烹饪
herbsfungidriedchickenofwoods_SpoilageTime_Spoiled,The dried chicken of the woods has finally spoiled.,干木鸡菌终于变质了。
herbsfungidriedchickenofwoods_SpoilageTime_StatName,Spoilage,腐败
herbsfungidriedginseng_Grind,Grind,研磨
herbsfungidriedginseng_Grind_Desc,Grind the dried ginseng into powder using stones or grinding tools.,用石头或研磨工具将干人参研磨成粉末。
herbsfungidriedginseng_OnStatsChangeActions[0]_ActionName,Finish Rotary Quern Grinding,完成旋转磨盘研磨
herbsfungidriedginseng_SpecialDurability3_CardStatName,Mill,磨碎度
herbsfungidriedginseng_SpoilageTime_Spoiled,The dried ginseng has lost its potency.,干人参已失去效力。
herbsfungidriedginseng_SpoilageTime_StatName,Spoilage,腐败
herbsfungidriedreishi_Grind,Grind,研磨
herbsfungidriedreishi_Grind_Desc,Grind the dried reishi into powder using stones or grinding tools.,用石头或研磨工具将干灵芝研磨成粉末。
herbsfungidriedreishi_SpoilageTime_Spoiled,The dried reishi has crumbled to dust.,干灵芝已碎成尘土。
herbsfungidriedreishi_SpoilageTime_StatName,Spoilage,腐败
herbsfungiginseng_SpoilageTime_Spoiled,The ginseng root has withered.,人参根已萎蔫。
herbsfungiginseng_SpoilageTime_StatName,Spoilage,腐败
herbsfungiginseng_UsageDurability_Dried,The ginseng root has dried properly.,人参根已适当晾干。
herbsfungiginseng_UsageDurability_StatName,Dry,干燥
herbsfungihempfieldgrowing_DismantleActions_0_ActionName,Destroy,销毁
herbsfungipuffball_EatRaw,Eat Raw,生吃
herbsfungipuffball_EatRaw_Desc,"Eat the puffball raw. Mild flavor, very filling.",生吃马勃菌。味道温和，非常饱腹。
herbsfungipuffball_SpecialDurability1_Cooked,The puffball is nicely browned.,马勃菌已烤成金黄色。
herbsfungipuffball_SpecialDurability1_StatName,Cook,烹饪
herbsfungipuffball_SpoilageTime_Spoiled,The puffball has turned brown and released its spores.,马勃菌已变褐并释放孢子。
herbsfungipuffball_SpoilageTime_StatName,Spoilage,腐败
herbsfungipuffball_UsageDurability_StatName,Durability,耐久度
herbsfungireishi_SpoilageTime_Spoiled,The reishi has dried out and crumbled.,灵芝已干燥碎裂。
herbsfungireishi_SpoilageTime_StatName,Spoilage,腐败
herbsfungireishi_UsageDurability_Dried,The reishi has dried properly.,灵芝已适当晾干。
herbsfungireishi_UsageDurability_StatName,Dry,干燥
herbsfungishiitake_EatRaw,Eat Raw,生吃
herbsfungishiitake_EatRaw_Desc,Eat the shiitake raw. Safe but better when cooked to unlock its full flavor and benefits.,生吃香菇。安全可食但烹熟后可发挥其完整风味和功效。
herbsfungishiitake_SpecialDurability1_Cooked,The shiitake mushroom is perfectly cooked.,香菇已完美烹熟。
herbsfungishiitake_SpecialDurability1_StatName,Cook,烹饪
herbsfungishiitake_SpoilageTime_Spoiled,The shiitake mushroom has spoiled.,香菇已变质。
herbsfungishiitake_SpoilageTime_StatName,Spoilage,腐败
herbsfungishiitake_UsageDurability_Dried,The shiitake mushroom has dried properly.,香菇已适当晾干。
herbsfungishiitake_UsageDurability_StatName,Dry,干燥
herbsfungishiitakecooked_Eat,Eat,食用
herbsfungishiitakecooked_Eat_Desc,"Enjoy the meaty, umami-rich shiitake. Feel your immune system strengthen.",享用肉质鲜美的香菇，感受免疫力的增强。
herbsfungishiitakecooked_SpoilageTime_Spoiled,The cooked shiitake has spoiled.,熟香菇已变质。
herbsfungishiitakecooked_SpoilageTime_StatName,Spoilage,腐败
herbsfungishiitakedried_Eat,Eat,食用
herbsfungishiitakedried_Eat_Desc,Chew on the dried shiitake. Tough but rich in umami flavor.,咀嚼干香菇。质地较硬但富含浓郁的鲜味。
herbsfungishiitakedried_SpecialDurability1_Cooked,The dried shiitake has been cooked.,干香菇已被烹熟。
herbsfungishiitakedried_SpecialDurability1_StatName,Cook,烹饪
herbsfungiyarrow_SpoilageTime_Spoiled,The yarrow has wilted and spoiled.,蓍草已枯萎变质。
herbsfungiyarrow_SpoilageTime_StatName,Spoilage,腐败
herbsfungiyarrow_UsageDurability_Dried,"The yarrow has dried properly, preserving its healing properties.",蓍草已适当晾干，保留了其愈合特性。
herbsfungiyarrow_UsageDurability_StatName,Dry,干燥
herbsfungiyarrowdried_Grind,Grind,研磨
herbsfungiyarrowdried_Grind_Desc,Grind the dried yarrow into powder using stones or grinding tools.,用石头或研磨工具将干蓍草研磨成粉末。
herbsfungiyarrowground_ApplyWound,Apply to Wound,涂抹伤口
herbsfungiyarrowground_ApplyWound_Desc,Apply the concentrated yarrow powder directly to wounds. Excellent hemostatic and antiseptic properties.,将浓缩的蓍草粉直接涂抹于伤口。具有极佳的止血和消毒特性。
herbsfungitruffle_CardName,Truffle,松露
herbsfungitruffle_CardDescription,A rare valuable underground fungus prized for its intoxicating aroma and unique flavor. Found deep in old-growth forests. Extremely rare.,一种罕见且宝贵的地下真菌，因其迷人的香气和独特的风味而备受推崇。在老林深处发现。极其罕见。
herbsfungitruffle_EatRaw,Eat Raw,生吃
herbsfungitruffle_EatRaw_Desc,Eat the rare truffle raw. Luxurious and satisfying.,生吃罕见的松露。奢侈和令人满足。
herbsfungicookedtruffle_CardName,Cooked Truffle,烹饪松露
herbsfungicookedtruffle_CardDescription,A perfectly cooked rare truffle. The distinctive aroma and flavor are even more pronounced when heated.,一个完美烹饪的罕见松露。加热时独特的香气和风味更加突出。
herbsfungicookedtruffle_Eat,Eat,吃
herbsfungicookedtruffle_Eat_Desc,Eat the fat-cooked truffle. A masterpiece of flavor — one of the finest things you can put in your mouth.,吃脂肪烹饪的松露。风味的杰作 — 你嘴里能放进去的最好的东西之一。
herbsfungidriedtruffle_CardName,Dried Truffle,干松露
herbsfungidriedtruffle_CardDescription,A dried truffle. Keeps far longer than fresh and the flavor is concentrated. Valuable trade good.,一种干松露。保存时间远长于新鲜，风味浓缩。有价值的贸易商品。
herbsfungidriedtruffle_Eat,Eat,吃
herbsfungidriedtruffle_Eat_Desc,Eat the concentrated dried truffle.,吃浓缩的干松露。
herbsfungidriedtruffle_Cut,Cut,切
herbsfungidriedtruffle_Cut_Desc,Slice the dried truffle into thin pieces for seasoning.,将干松露切成薄片以便调味。
herbsfungidriedtrufflecut_CardName,Dried Truffle Slices,干松露片
herbsfungidriedtrufflecut_CardDescription,"Thin slices of dried truffle. Drag butter or fat onto the slices to coat them, then heat. Coated slices cook into a luxurious dish; uncoated slices simply char to ash.",干松露薄片。将黄油或脂肪拖到松露片上为其裹覆，然后加热。裹覆好的松露片可烹制成奢华佳肴；未裹覆的则会直接烧焦成灰。
herbsfungidriedtrufflecut_SpoilageTime_StatName,Spoilage,腐烂
herbsfungidriedtrufflecut_SpecialDurability1_StatName,Char,焦化
herbsfungidriedtrufflecut_SpecialDurability1_Burned,The truffle slices charred without fat.,松露片在没有脂肪的情况下烧焦了。
herbsfungidriedtrufflecut_SpecialDurability4_StatName,Fat,脂肪
herbsfungidriedtrufflecut_SpecialDurability4_Coated,The truffle slices are now fully coated in fat.,松露片现已完全裹覆脂肪。
herbsfungidriedtrufflecut_AddFat,Coat with Fat,裹覆脂肪
herbsfungidriedtrufflecut_AddFat_Desc,Coat the truffle slices in fat. They will now cook properly when heated.,将松露片裹覆脂肪。加热时它们将正确地烹制。
herbsfungidriedtrufflecut_Eat,Eat,吃
herbsfungidriedtrufflecut_Eat_Desc,"Nibble a few slices of dried truffle. Intense, earthy flavor.",嚼几片干松露。浓烈的泥土风味。
herbsfungidriedtrufflecutfatcoated_CardName,Fat-Coated Dried Truffle Slices,脂肪裹覆干松露片
herbsfungidriedtrufflecutfatcoated_CardDescription,Dried truffle slices coated in fat. Heat them in a hot bowl to render a luxurious cooked truffle. They will char if left on heat too long but the fat protects them long enough to cook properly.,裹覆脂肪的干松露片。在热碗中加热，可烹制成奢华的松露佳肴。加热过久仍会烧焦，但脂肪能保护它们足够长的时间以正确烹制。
herbsfungidriedtrufflecutfatcoated_SpoilageTime_StatName,Spoilage,腐烂
herbsfungidriedtrufflecutfatcoated_SpecialDurability1_StatName,Cook,烹饪
herbsfungidriedtrufflecutfatcoated_SpecialDurability1_Cooked,The fat-coated truffle slices cooked into a perfect dish.,脂肪裹覆的松露片烹制成了完美的佳肴。
herbsfungidriedtrufflecutfatcoated_SpecialDurability4_StatName,Fat,脂肪
herbsfungidriedtrufflecutfatcoated_Eat,Eat,吃
herbsfungidriedtrufflecutfatcoated_Eat_Desc,"Nibble the fat-coated dried truffle slices raw. Rich and oily, but not as good as cooked.",生吃脂肪裹覆的干松露片。丰腴油润，但不如烹熟的好。
herbsfungiherbalsalve_CardName,Herbal Salve,草药膏
herbsfungiherbalsalve_CardDescription,A topical healing salve made from medicinal herbs and fat. Apply directly to wounds for faster healing.,用药用草本和脂肪制成的局部治疗膏。直接涂抹于伤口以加快愈合。
herbsfungiherbalsalve_Apply,Apply Salve,涂抹膏药
herbsfungiherbalsalve_Apply_Desc,Apply the healing salve to your wounds.,在你的伤口上涂抹治疗膏。
herbsfungiherbaltincture_CardName,Herbal Tincture,草药酊剂
herbsfungiherbaltincture_CardDescription,An alcohol-based extract of medicinal herbs. A potent remedy for various ailments.,以酒精为基础的药用草本提取物。各种疾病的强效良方。
herbsfungiherbaltincture_Drink,Drink,喝
herbsfungiherbaltincture_Drink_Desc,Drink the medicinal tincture. Bitter but effective.,喝这种药用酊剂。味苦但有效。
herbsfungisleeptea_CardName,Sleep Tea,睡眠茶
herbsfungisleeptea_CardDescription,A soothing herbal tea blend designed to improve sleep quality and reduce stress.,一种舒适的草药茶混合物，旨在改善睡眠质量并减轻压力。
herbsfungisleeptea_Drink,Drink,喝
herbsfungisleeptea_Drink_Desc,Drink the soothing tea before rest to sleep better.,在休息前喝舒缓的茶以更好地睡眠。
herbsfungipainreliefpowder_CardName,Pain Relief Powder,止痛粉
herbsfungipainreliefpowder_CardDescription,A finely ground herbal powder that reduces pain when ingested. More efficient than raw herbs.,一种细碎的草药粉，摄入时可减轻疼痛。比生草药更有效。
herbsfungipainreliefpowder_Take,Take Powder,服用粉末
herbsfungipainreliefpowder_Take_Desc,Ingest the pain-relieving powder.,摄入止痛粉。
herbsfungiantinauseatea_CardName,Anti-Nausea Tea,止吐茶
herbsfungiantinauseatea_CardDescription,A calming herbal tea that settles the stomach and reduces nausea.,一种镇定草本茶，安抚胃部并减轻恶心。
herbsfungiantinauseatea_Drink,Drink,喝
herbsfungiantinauseatea_Drink_Desc,Drink the soothing tea to settle your stomach.,喝舒缓的茶来安抚你的胃。
herbsfungistimulanttea_CardName,Stimulant Tea,兴奋茶
herbsfungistimulanttea_CardDescription,An energizing herbal tea blend that boosts focus and energy. Effects are temporary.,一种充满活力的草本茶混合物，可增强注意力和能量。效果是暂时的。
herbsfungistimulanttea_Drink,Drink,喝
herbsfungistimulanttea_Drink_Desc,Drink the energizing tea to boost your focus.,喝刺激茶以增强你的注意力。
herbsfungiginger_CardName,Ginger,生姜
herbsfungiginger_CardDescription,"Fresh ginger root. Spicy and warming, with medicinal properties. Slice it with a knife before drying.",新鲜生姜根。辛辣温暖，具有药用特性。在干燥之前用刀切片。
herbsfungiginger_Eat,Eat,吃
herbsfungiginger_Eat_Desc,Chew the fresh ginger. Spicy and warming.,嚼新鲜生姜。辛辣温暖。
herbsfungiginger_SpoilageTime_StatName,Spoilage,腐败
herbsfungiginger_SpoilageTime_Spoiled,The ginger has spoiled.,生姜变质了。
herbsfungiginger_Cut,Cut,切
herbsfungiginger_Cut_Desc,"Slice the ginger root into thin pieces, ready to be dried.",将生姜根切成薄片，准备干燥。
herbsfungigingercut_CardName,Cut Ginger,切生姜
herbsfungigingercut_CardDescription,Fresh ginger that has been sliced into thin pieces. Ready to be dried for long-term preservation.,切成薄片的新鲜生姜。可以干燥以长期保存。
herbsfungigingercut_Eat,Eat,吃
herbsfungigingercut_Eat_Desc,Chew the cut ginger pieces. Spicy and warming.,嚼切好的生姜片。辛辣温暖。
herbsfungigingercut_SpoilageTime_StatName,Spoilage,腐败
herbsfungigingercut_SpoilageTime_Spoiled,The cut ginger has spoiled.,切好的生姜变质了。
herbsfungigingercut_UsageDurability_Dried,The cut ginger has dried properly.,切好的生姜已适当干燥。
herbsfungidriedginger_CardName,Dried Ginger,干生姜
herbsfungidriedginger_CardDescription,Dried ginger root. More concentrated flavor and medicinal properties. Keeps indefinitely.,干生姜根。味道和药用特性更浓。无限期保存。
herbsfungidriedginger_Eat,Eat,吃
herbsfungidriedginger_Eat_Desc,Chew the dried ginger. Concentrated flavor and warmth.,嚼干生姜。浓缩的味道和温暖。
Herbs_And_Fungi_Bp_OilPressSeeds_CardName,Press Hemp Seeds,压榨大麻籽
Herbs_And_Fungi_Bp_OilPressSeeds_CardDescription,Crush 3 hemp seeds in the press and collect in a clay bowl to extract hemp seed oil.,在压榨机中压碎3粒大麻籽并用陶碗盛装以提取大麻籽油。
Herbs_And_Fungi_Bp_OilPressTruffle_CardName,Press Truffle,压榨松露
Herbs_And_Fungi_Bp_OilPressTruffle_CardDescription,Press 1 fresh truffle into an empty clay bowl to produce 1 bowl of aromatic truffle oil.,将1个新鲜松露压入一个空陶碗中以生产1碗芳香松露油。
Herbs_And_Fungi_OilPress_PickUp_ActionName,Pick Up,拾起
Herbs_And_Fungi_OilPress_PickUp_ActionDescription,Disassemble the oil press back into its portable kit form.,将油压机拆解回其便携套件形式。
Herbs_And_Fungi_Bp_PicklingVat_UnlockConditionsDesc,Unlocked after obtaining clay,获得粘土后解锁
Herbs_And_Fungi_UnfiredPickleVat_CardName,Unfired Pickle Vat,未烧制腌菜缸
Herbs_And_Fungi_UnfiredPickleVat_CardDescription,"A shaped clay vat, soft and fragile. Fire it in a kiln to harden the ceramic.",一个成型的陶土缸，质地柔软易碎。在窑中烧制以硬化陶瓷。
Herbs_And_Fungi_UnfiredPickleVat_SpecialDurability1_CardStatName,Fired,烧制度
Herbs_And_Fungi_UnfiredPickleVat_SpecialDurability1_OnFull_ActionDescription,Pickle Vat fired.,腌菜缸已烧制完成。
Herbs_And_Fungi_UnfiredPickleVat_SpecialDurability2_CardStatName,Quality,质量
Herbs_And_Fungi_PicklingVat_CardName,Pickle Vat,腌菜缸
Herbs_And_Fungi_PicklingVat_CardDescription,"A fired ceramic vat for brine pickling. Fill with water from any container, then drag salt to turn the water into pickle brine. Click the vat to access pickling recipes — each batch consumes 500 units of brine.",一个用于盐水腌制的烧制陶缸。向其中注水，然后拖动盐使水变成腌制卤水。点击缸以访问腌制配方——每批消耗500单位卤水。
Herbs_And_Fungi_PicklingVat_SpecialDurability2_CardStatName,Quality,质量
Herbs_And_Fungi_OilPressKit_Dismantle_ActionName,Dismantle,拆解
Herbs_And_Fungi_OilPressKit_Dismantle_ActionDescription,Break down the oil press kit and recover all components.,拆解榨油套件并回收所有零件。
herbsfungioilpresslegs_CardName,Oil Press Legs,油压机腿
herbsfungioilpresslegs_CardDescription,Sturdy wooden legs for an oil press. Part of a larger assembly.,油压机的坚固木腿。是较大装配的一部分。
herbsfungibpoilpresslegs_CardName,Oil Press Legs,油压机腿
herbsfungibpoilpresslegs_CardDescription,"Sturdy wooden legs for an oil press. Requires 4 planks, a spoon auger, and a sharp knife.",油压机的坚固木腿。需要4块木板。
herbsfungibpoilpresslegs_UnlockConditionsDesc,Unlocked after obtaining a plank,获得木板后解锁
herbsfungioilpressframe_CardName,Oil Press Frame,油压机框架
herbsfungioilpressframe_CardDescription,A wooden frame that holds the press mechanism. Part of a larger assembly.,固定压制机构的木框架。是较大装配的一部分。
herbsfungibpoilpressframe_CardName,Oil Press Frame,油压机框架
herbsfungibpoilpressframe_CardDescription,"Assemble the wooden chassis for an oil press. Requires 1 Oil Press Legs, 1 Press Bed Frame, 1 Pressing Screw, and a hammer.",组装油压机的木制底盘。需要1个油压机支腿、1个压床框架和1个压制螺杆。
herbsfungibpoilpressframe_UnlockConditionsDesc,Unlocked after crafting a Press Bed Frame,制作压床框架后解锁
herbsfungipressbedframe_CardName,Press Bed Frame,压床框架
herbsfungipressbedframe_CardDescription,A flat stone-reinforced bed frame for the oil press. Part of a larger assembly.,油压机的平石加固床架。是较大装配的一部分。
herbsfungibppressbedframe_CardName,Press Bed Frame,压床框架
herbsfungibppressbedframe_CardDescription,"A stone-reinforced press bed for an oil press. Requires 2 planks, 1 stone, a sharp knife, and a chisel.",油压机的石头加固压床。需要2块木板和1块石头。
herbsfungibppressbedframe_UnlockConditionsDesc,Unlocked after obtaining a plank,获得木板后解锁
herbsfungioilpressscrew_CardName,Pressing Screw,压紧螺杆
herbsfungioilpressscrew_CardDescription,A wooden screw mechanism for applying pressure in an oil press. Part of a larger assembly.,用于在油压机中施加压力的木质螺杆机构。是较大装配的一部分。
herbsfungibpoilpressscrew_CardName,Pressing Screw,压紧螺杆
herbsfungibpoilpressscrew_CardDescription,"A wooden screw mechanism for an oil press. Carved from a log in four stages: rough-shape with axe and knife, chisel the thread, bore the center with a spoon auger, then fit the press plate.",油压机的木质螺杆机构。从原木上分四个阶段雕刻而成：用斧和刀粗略成形，用凿子凿出螺纹，用勺钻钻出中心孔，最后装上压板。
herbsfungibpoilpressscrew_UnlockConditionsDesc,Unlocked after obtaining a plank,获得木板后解锁
herbsfungioilpressbag_CardName,Pressing Bag,压榨袋
herbsfungioilpressbag_CardDescription,A woven rope bag for holding seeds or herbs during oil pressing. Combine with a press plate to make a prepared press bag.,用于在榨油过程中盛放种子或草本的编织绳袋。与压板组合制作已备压榨袋。
herbsfungibpoilpressbag_CardName,Pressing Bag,压榨袋
herbsfungibpoilpressbag_CardDescription,A woven rope bag for oil pressing. Requires 1 rope and 1 large cloth.,用于榨油的编织绳袋。需要2根绳子。
herbsfungibpoilpressbag_UnlockConditionsDesc,Unlocked after obtaining rope,获得绳子后解锁
herbsfungioilpressbagplate_CardName,Press Plate,压板
herbsfungioilpressbagplate_CardDescription,A flat wooden plate that distributes pressure evenly across the pressing bag in an oil press.,在油压机中均匀分配压力的平木板。
herbsfungibpoilpressbagplate_CardName,Press Plate,压板
herbsfungibpoilpressbagplate_CardDescription,A flat wooden pressing plate for even pressure distribution. Requires 1 plank and a sharp axe.,均匀分配压力的平木压板。需要2块木板。
herbsfungibpoilpressbagplate_UnlockConditionsDesc,Unlocked after obtaining a plank,获得木板后解锁
herbsfungioilpressbagprepared_CardName,Prepared Press Bag,已备压榨袋
herbsfungioilpressbagprepared_CardDescription,A pressing bag assembled with its pressure plate. Place it in the oil press and load it with seeds to extract oil.,装有压板的压榨袋组件。将其放入油压机并加入种子以提取油脂。
herbsfungibpoilpressbagprepared_CardName,Prepared Press Bag,已备压榨袋
herbsfungibpoilpressbagprepared_CardDescription,Fit a pressure plate into a pressing bag ready to receive seeds in the oil press. Requires 1 pressing bag and 1 press plate.,将压板装入压榨袋中以备在油压机中接收种子。需要1个压榨袋和1块压板。
herbsfungibpoilpressbagprepared_UnlockConditionsDesc,Unlocked after crafting a Pressing Bag,制作压榨袋后解锁
herbsfungioilpressutensils_CardName,Oil Press Utensils,榨油器具
herbsfungioilpressutensils_CardDescription,Wooden scrapers and tools for loading and cleaning the oil press. Part of the oil press kit.,用于装载和清洁油压机的木质刮刀和工具。是榨油套件的一部分。
herbsfungibpoilpressutensils_CardName,Oil Press Utensils,榨油器具
herbsfungibpoilpressutensils_CardDescription,Wooden scrapers and tools for the oil press. Requires 2 wood and a chisel.,油压机的木质刮刀和工具。需要2根长棍和1根绳子。
herbsfungibpoilpressutensils_UnlockConditionsDesc,Unlocked after obtaining wood,获得绳子后解锁
herbsfungioilpresskit_CardName,Oil Press Kit,榨油套件
herbsfungioilpresskit_CardDescription,The portable kit form of the oil press. Use the Place action to set it up in your environment.,完整的榨油配件套装：油压机框架、器具和已备压榨袋。操作油压机所必需。
herbsfungibpoilpresskit_CardName,Oil Press Kit,榨油套件
herbsfungibpoilpresskit_CardDescription,"Assemble the complete oil press kit. Requires 1 oil press frame, 1 oil press utensils, 1 prepared press bag, 15 stone, and a hammer. Place the kit to set up the oil press.",组装完整的榨油配件套件。需要1个油压机框架、1套榨油器具和1个已备压榨袋。
herbsfungibpoilpresskit_UnlockConditionsDesc,Unlocked after crafting Oil Press Utensils,制作榨油器具后解锁
Herbs_And_Fungi_Perk_Alchemist_PerkName,Alchemist,炼金术士
Herbs_And_Fungi_Perk_Alchemist_PerkDescription,"Start with an alchemist's complete remedies collection: Herbal Salve, Tincture, Sleep Tea, Pain Relief Powder, Anti-Nausea Tea, and signature herbal teas. Well-prepared for any ailment.",以炼金术士的身份开始：草药药膏、酊剂、安神茶、止痛粉、止吐茶和招牌草药茶。为各种疾病做好充分准备。
Herbs_And_Fungi_Perk_Apothecary_PerkName,Apothecary,药剂师
Herbs_And_Fungi_Perk_Apothecary_PerkDescription,"Start as a skilled apothecary with a medical herbs focused collection: Herbal Salves, Tinctures, Pain Relief Powders, Anti-Nausea Tea, and Sleep Teas. Focused on healing and wellness.",以熟练药剂师的身份开始，专注于药用草药：草药药膏、酊剂、止痛粉、止吐茶和安神茶。专注于治疗与健康。
Herbs_And_Fungi_Perk_FungalCultivator_PerkName,Fungal Cultivator,真菌培育者
Herbs_And_Fungi_Perk_FungalCultivator_PerkDescription,"Start with a cultivator's collection of specialty mushrooms: Chanterelles, Black Trumpets, Shiitake, and Puffballs, plus Ginseng. Ideal for those who love farming and rare fungi.",以培育者的身份开始，携带特色蘑菇收藏：鸡油菌、黑喇叭菌、香菇、马勃菌，以及人参。适合热爱种植稀有真菌的玩家。
Herbs_And_Fungi_Perk_MasterHerbalist_PerkName,Master Herbalist,草药大师
Herbs_And_Fungi_Perk_MasterHerbalist_PerkDescription,"Start as an experienced herbalist with a full collection of medicinal herbs and roots: Ginseng, Reishi, and Yarrow in both fresh and dried forms. Perfect for tea brewing and potion crafting.",以资深草药师的身份开始，携带完整的药用草药和根茎：新鲜和干燥的人参、灵芝、蓍草。适合泡茶和炼制药剂。
Herbs_And_Fungi_PickleBrine_CardName,Pickle Brine,腌制卤水
Herbs_And_Fungi_PickleBrine_CardDescription,A salt-water brine for fermenting and preserving fermentable foods. Items soaked in sealed brine will last for a long time.,用于发酵和保存食物的盐水卤水。浸泡在密封卤水中的食物可以长期保存。
Herbs_And_Fungi_PicklingVat_MakeBrine_ActionName,Make Brine,制作卤水
Herbs_And_Fungi_PicklingVat_MakeBrine_ActionDescription,Dissolve salt into the water to form pickle brine.,将盐溶于水中形成腌制卤水。
Herbs_And_Fungi_HempSeedOil_CardName,Hemp Seed Oil,大麻籽油
Herbs_And_Fungi_HempSeedOil_CardDescription,"Cold-pressed oil extracted from hemp seeds, served in a clay bowl. Nutty and rich. Eat it, season food with it, or render it into lamp oil.",从大麻籽冷榨的油，盛于陶碗中。坚果香浓郁。可直接食用、为食物调味，或熬炼成灯油。
Herbs_And_Fungi_HempSeedOil_CardHelpSection,"<b>Crafted:</b> By pressing 3 Hemp Seeds + Clay Bowl on a placed Oil Press.

<b>Uses:</b> Eat directly (returns empty clay bowl), drag onto food to season, or render over a fire into lamp oil.","<b>制作：</b>在放置的油压机上压榨大麻籽。

<b>用途：</b>可直接食用、拖到食物上调味、或在火上熬炼成灯油。"
Herbs_And_Fungi_TruffleOil_CardName,Bowl of Truffle Oil,松露油碗
Herbs_And_Fungi_TruffleOil_CardDescription,A clay bowl of oil infused with the intoxicating aroma of rare truffles. Sip it for a luxurious pick-me-up.,一只盛着罕见松露迷人香气油的陶碗。啜一口便觉奢华提神。
Herbs_And_Fungi_TruffleOil_CardHelpSection,"<b>Crafted:</b> By pressing a Truffle + Clay Bowl at the Oil Press.

<b>Uses:</b> Drink for hunger, stress relief, and an immune boost.","<b>Crafted:</b> By pressing a Truffle + Clay Bowl at the Oil Press.,<b>制作：</b> 在已放置的榨油机上将3颗大麻籽+陶碗压榨而成。"
Herbs_And_Fungi_WoodenPantry_CardName,Wooden Pantry,木制食品柜
Herbs_And_Fungi_WoodenPantry_CardDescription,"A plank-built food pantry. Slows food spoilage, but wild animals can break in and eat what's inside.",一个木板制成的食品柜。减缓食物腐败，但野生动物可能会破门而入。
Herbs_And_Fungi_WoodenPantry_CardHelpSection,"<b>Spoilage:</b> Slows to 75% of normal rate.

<b>Animal-safe:</b> No. Passing wildlife (foxes, hares, badgers, and larger beasts) can raid this pantry.","<b>腐败:</b> 减缓至正常速率的75%。

<b>防动物:</b> 否。路过的野生动物（狐狸、野兔、獽及更大型的野兽）可能会闯入洗劫此储藏柜。"
Herbs_And_Fungi_WoodenPantry_DismantleActions_Place_ActionName,Place,放置
Herbs_And_Fungi_WoodenPantry_DismantleActions_Place_ActionDescription,Set the pantry down in your environment.,将储藏柜放置在你所在的环境中。
Herbs_And_Fungi_WoodenPantry_DismantleActions_Dismantle_ActionName,Dismantle,拆除
Herbs_And_Fungi_WoodenPantry_DismantleActions_Dismantle_ActionDescription,Take the pantry apart to recover the planks.,拆解储藏柜以回收木板。
Herbs_And_Fungi_WoodenPantry_DismantleActions_Dismantle_FailMessage,Empty the pantry first.,请先清空储藏柜。
Herbs_And_Fungi_WoodenPantryPlaced_DismantleActions_PickUp_ActionName,Pick Up,拾起
Herbs_And_Fungi_WoodenPantryPlaced_DismantleActions_PickUp_ActionDescription,Pick up the pantry to carry it.,拾起储藏柜以便携带。
Herbs_And_Fungi_WoodenPantryPlaced_DismantleActions_PickUp_FailMessage,Empty the pantry before picking it up.,请先清空储藏柜再拾起。
Herbs_And_Fungi_Bp_WoodenPantry_CardName,Wooden Pantry,木制储藏柜
Herbs_And_Fungi_Bp_WoodenPantry_CardDescription,"A simple plank pantry with woven shelves. Slows food spoilage, but animals can raid it. Requires 6 planks, 3 rope, and a hammer.",一个用木板搭建的简易储藏柜，带有编织搭架。能减缓食物腐败，但会被动物闯入。需要6块木板、3根绳子和一把锤子。
Herbs_And_Fungi_Bp_WoodenPantry_UnlockConditionsDesc,Plank Needed,需要木板
Herbs_And_Fungi_Bp_SleepTea_CardName,Sleep Tea,安眠茶
Herbs_And_Fungi_Bp_SleepTea_CardDescription,Grind 2 reishi into a clay bowl to brew a soothing sleep remedy. Reduces stress and aids rest.,将2个灵芝研磨入陶碗以酿制舒缓的安眠药。减少压力并帮助休息。
Herbs_And_Fungi_Bp_SleepTea_UnlockConditionsDesc,Unlocked after obtaining Ground Reishi,获得磨碎的灵芝后解锁
Herbs_And_Fungi_Bp_AntiNauseaTea_CardName,Anti-Nausea Tea,止吐茶
Herbs_And_Fungi_Bp_AntiNauseaTea_CardDescription,Steep 2 dried ginger pieces in a clay bowl to brew a stomach-settling remedy. Reduces nausea quickly.,将2片干姜浸泡在陶碗中酿制一种快速安抚胃部的止吐茶。
Herbs_And_Fungi_Bp_AntiNauseaTea_UnlockConditionsDesc,Unlocked after obtaining Dried Ginger,获得干姜后解锁
Herbs_And_Fungi_Bp_StimulantTea_CardName,Stimulant Tea,兴奋茶
Herbs_And_Fungi_Bp_StimulantTea_CardDescription,Combine ground ginseng with dried ginger in a clay bowl to brew a stimulating blend. Boosts focus and reduces stress.,将磨碎的人参与干姜在陶碗中混合酿制提神混合茶。增强专注力并减少压力。
Herbs_And_Fungi_Bp_StimulantTea_UnlockConditionsDesc,Unlocked after obtaining Ground Ginseng,获得人参粉后解锁
Herbs_And_Fungi_Bp_PainReliefPowder_CardName,Pain Relief Powder,止痛粉
Herbs_And_Fungi_Bp_PainReliefPowder_CardDescription,Combine ground yarrow with frostleaf powder in a clay bowl for a powdered pain reliever. Frostleaf adds a mild numbing effect.,将磨碎的蓍草与霜叶粉在陶碗中混合制成粉末止痛剂。霜叶添加轻微麻木效果。
Herbs_And_Fungi_Bp_PainReliefPowder_UnlockConditionsDesc,Unlocked after obtaining Frostleaf Powder,获得霜叶粉后解锁
Herbs_And_Fungi_Bp_HerbalSalve_CardName,Herbal Salve,草药膏
Herbs_And_Fungi_Bp_HerbalSalve_CardDescription,Combine 2 ground yarrow with hemp seed oil in a clay bowl to make a wound-healing salve. Apply directly for faster recovery.,将2份磨碎的蓍草与麻籽油在陶碗中混合制成伤口愈合软膏。直接涂抹可加速恢复。
Herbs_And_Fungi_Bp_HerbalSalve_UnlockConditionsDesc,Unlocked after obtaining Hemp Seed Oil,获得麻籽油后解锁
Herbs_And_Fungi_Bp_HerbalTincture_CardName,Herbal Tincture,草药酊剂
Herbs_And_Fungi_Bp_HerbalTincture_CardDescription,Press 2 dried yarrow and 1 dried reishi into a clay bowl at the oil press to extract a medicinal tincture. A bitter but effective all-purpose remedy.,在榨油机上将3株干蓍草压榨入陶碗以提取药用酊剂。苦涩但有效的全能药剂。
Herbs_And_Fungi_Bp_HerbalTincture_UnlockConditionsDesc,Unlocked after obtaining Dried Yarrow and an Oil Press,获得干蓍草后解锁
Herbs_And_Fungi_Bp_DeathCapTincture_CardName,Death Cap Tincture,毒鹅膏酊剂
Herbs_And_Fungi_Bp_DeathCapTincture_CardDescription,Press 5 death caps at the oil press into a clay bowl to extract a parasite-killing tincture. A folk remedy that risks the cure being as bad as the affliction.,在榨油机上将5个毒鹅膏压榨入陶碗以提取杀寄生虫酊剂。一种民间疗法，风险是治疗可能与病症一样严重。
Herbs_And_Fungi_Bp_DeathCapTincture_UnlockConditionsDesc,Unlocked after obtaining a Death Cap and an Oil Press,获得毒鹅膏后解锁
Herbs_And_Fungi_DeathCapWard_CardName,Death Cap Ward,毒鹅膏守护桩
Herbs_And_Fungi_DeathCapWard_CardDescription,A grim totem of stakes strung with death cap mushrooms. The miasma of toxins keeps curious predators at a wary distance when placed at a location.,一个用毒鹅膏蘑菇串成的阴森图腾。放置在某个地点时，毒素的瘴气让好奇的掠食者望而却步。
Herbs_And_Fungi_DeathCapWard_CardHelpSection,"<b>Use:</b> Place at your camp or any location you want to defend.

<b>Effect:</b> While a ward is placed, wild-animal encounters at that location have a chance to be averted.","<b>用途:</b> 放置在你的营地或任何你想要防护的地点。

<b>效果:</b> 结界放置期间，该地点的野生动物遭遇有几率被避免。"
Herbs_And_Fungi_DeathCapWardPlaced_CardHelpSection,<b>Effect:</b> While this ward is on this location,"wild-animal encounters have a chance to be averted.,<b>用途：</b>放置在营地或任何你想防御的地点。"
Herbs_And_Fungi_DeathCapWard_Place_ActionName,Place,放置
Herbs_And_Fungi_DeathCapWard_Place_ActionDescription,Drive the ward into the ground at this location.,将守护桩插入此地点的地面。
Herbs_And_Fungi_DeathCapWard_PickUp_ActionName,Pick Up,捡起
Herbs_And_Fungi_DeathCapWard_PickUp_ActionDescription,Pull the ward out of the ground.,将守护桩从地面拔出。
Herbs_And_Fungi_DeathCapWard_Dismantle_ActionName,Dismantle,拆除
Herbs_And_Fungi_DeathCapWard_Dismantle_ActionDescription,Break down the ward. Recovers the sticks but the mushrooms are lost.,拆除守护桩。回收木棍但蘑菇会丢失。
Herbs_And_Fungi_Bp_DeathCapWard_CardName,Death Cap Ward,毒鹅膏守护桩
Herbs_And_Fungi_Bp_DeathCapWard_CardDescription,Lash 5 death caps to a pair of long sticks. Place the finished ward at a location to deter wild-animal encounters.,将5个毒鹅膏绑在一对长棍上。将完成的守护桩放置在某地点以阻止野生动物遭遇。
Herbs_And_Fungi_Bp_DeathCapWard_UnlockConditionsDesc,Unlocked after obtaining a Death Cap,获得毒鹅膏后解锁
Herbs_And_Fungi_OpenPickleJar_CardName,Open Pickle Jar,空腌菜罐
Herbs_And_Fungi_OpenPickleJar_CardDescription,An empty ceramic pickle jar. Return it to reclaim the clay bowl lid.,一个空陶制腌菜罐。归还它以取回陶碗盖子。
Herbs_And_Fungi_OpenPickleJar_ReturnBowl_ActionName,Return Bowl,归还碗
Herbs_And_Fungi_OpenPickleJar_ReturnBowl_ActionDescription,Discard the empty jar and reclaim the clay bowl lid.,丢弃空罐并取回陶碗盖子。
Herbs_And_Fungi_HempSeedOil_Eat_ActionName,Eat,食用
Herbs_And_Fungi_TruffleOil_Drink_ActionName,Drink,饮用
Herbs_And_Fungi_Spice_HempOil_SpiceName,Hemp Seed Oil,大麻籽油
Herbs_And_Fungi_Bp_OilPressHerbalAppleweed_CardDescription,Press 1 fresh appleweed into an empty clay bowl to extract a soothing herbal oil.,将1株新鲜苹果草压入空陶碗，提取舒缓的草药油。
Herbs_And_Fungi_Bp_OilPressHerbalAppleweed_CardName,Press Appleweed Oil,压榨苹果草油
Herbs_And_Fungi_Bp_OilPressHerbalFairyweed_CardDescription,Press 1 fresh fairyweed into an empty clay bowl to extract an uplifting herbal oil.,将1株新鲜仙女草压入空陶碗，提取振奋的草药油。
Herbs_And_Fungi_Bp_OilPressHerbalFairyweed_CardName,Press Fairyweed Oil,压榨仙女草油
Herbs_And_Fungi_Bp_OilPressHerbalFrostleaf_CardDescription,Press 1 fresh frostleaf into an empty clay bowl to extract a cooling herbal oil.,将1株新鲜冰叶压入空陶碗，提取清凉的草药油。
Herbs_And_Fungi_Bp_OilPressHerbalFrostleaf_CardName,Press Frostleaf Oil,压榨冰叶油
Herbs_And_Fungi_Bp_OilPressHerbalHemp_CardDescription,Press 1 fresh hemp flower into an empty clay bowl to extract a calming herbal oil.,将1株新鲜大麻花压入空陶碗，提取平静舒缓的草药油。
Herbs_And_Fungi_Bp_OilPressHerbalHemp_CardName,Press Hemp Oil,压榨大麻油
Herbs_And_Fungi_Bp_OilPressSeeds_UnlockConditionsDesc,Oil Press Needed,需要榨油机
Herbs_And_Fungi_Bp_OilPressTruffle_UnlockConditionsDesc,Oil Press Needed,需要榨油机
Herbs_And_Fungi_Bp_OilPress_HerbalOil_Appleweed_UnlockConditionsDesc,Oil Press Needed,需要榨油机
Herbs_And_Fungi_Bp_OilPress_HerbalOil_Fairyweed_UnlockConditionsDesc,Oil Press Needed,需要榨油机
Herbs_And_Fungi_Bp_OilPress_HerbalOil_Frostleaf_UnlockConditionsDesc,Oil Press Needed,需要榨油机
Herbs_And_Fungi_Bp_OilPress_HerbalOil_Hemp_UnlockConditionsDesc,Oil Press Needed,需要榨油机
Herbs_And_Fungi_Bp_PicklingVat_CardDescription,Shape a soft clay pickling vat. Fire it in a kiln to harden it before use. Requires 6 clay.,塑造一个软质黏土腌制瓦罐。在窑中烧制硬化后方可使用。
Herbs_And_Fungi_Bp_PicklingVat_CardName,Unfired Pickle Vat,未烧制腌制瓦罐
Herbs_And_Fungi_HerbalOilAppleweed_Apply_ActionDescription,Apply the appleweed oil. Sweet and soothing effects.,涂抹苹果草油。甜蜜舒缓的效果。
Herbs_And_Fungi_HerbalOilAppleweed_Apply_ActionName,Apply,涂抹
Herbs_And_Fungi_HerbalOilAppleweed_CardDescription,"A clay bowl of oil infused with appleweed essence. Apply it for sweet, soothing effects — the same as smoking the pipe, without the smoke.",注入苹果草精华的陶碗油脂。涂抹以获得甜蜜舒缓的效果。
Herbs_And_Fungi_HerbalOilAppleweed_CardHelpSection,"<b>Crafted:</b> By pressing 1 Fresh Appleweed + Clay Bowl at the Oil Press.
<b>Uses:</b> Apply directly for soothing wellness effects. Returns an empty clay bowl.",<b>制作：</b>在油压机上压榨1份新鲜苹果草 + 陶碗。
Herbs_And_Fungi_HerbalOilAppleweed_CardName,Appleweed Herbal Oil,苹果草药油
Herbs_And_Fungi_HerbalOilFairyweed_Apply_ActionDescription,Apply the fairyweed oil. Mystical and uplifting effects.,涂抹仙女草油。神秘振奉的效果。
Herbs_And_Fungi_HerbalOilFairyweed_Apply_ActionName,Apply,涂抹
Herbs_And_Fungi_HerbalOilFairyweed_CardDescription,"A clay bowl of oil infused with fairyweed essence. Apply it for mystical, uplifting effects — the same as smoking the pipe, without the smoke.",一碗注入仙草精华的油。涂抹后获得神秘振奋的效果——与吸烟斗相同，但没有烟雾。
Herbs_And_Fungi_HerbalOilFairyweed_CardHelpSection,"<b>Crafted:</b> By pressing 1 Fresh Fairyweed + Clay Bowl at the Oil Press.
<b>Uses:</b> Apply directly for uplifting, mood-enhancing effects. Returns an empty clay bowl.",<b>制作：</b>在油压机上压榨1份新鲜仙草 + 陶碗。
Herbs_And_Fungi_HerbalOilFairyweed_CardName,Fairyweed Herbal Oil,仙女草药油
Herbs_And_Fungi_HerbalOilFrostleaf_Apply_ActionDescription,Apply the frostleaf oil. Cool and refreshing effects.,涂抹冰叶油。清凉爽神的效果。
Herbs_And_Fungi_HerbalOilFrostleaf_Apply_ActionName,Apply,涂抹
Herbs_And_Fungi_HerbalOilFrostleaf_CardDescription,"A clay bowl of oil infused with frostleaf essence. Apply it for cool, refreshing pain relief — the same as smoking the pipe, without the smoke.",一碗注入冰叶精华的油。涂抹后获得清凉爽快的止痛效果——与吸烟斗相同，但没有烟雾。
Herbs_And_Fungi_HerbalOilFrostleaf_CardHelpSection,"<b>Crafted:</b> By pressing 1 Fresh Frostleaf + Clay Bowl at the Oil Press.
<b>Uses:</b> Apply directly for cooling, pain-relieving effects. Returns an empty clay bowl.",<b>制作：</b>在油压机上压榨1份新鲜冰叶 + 陶碗。
Herbs_And_Fungi_HerbalOilFrostleaf_CardName,Frostleaf Herbal Oil,冰叶药油
Herbs_And_Fungi_HerbalOilHemp_Apply_ActionDescription,Apply the hemp oil. Calming and stress-relieving effects.,涂抹大麻油。具有镇静与缓解压力的效果。
Herbs_And_Fungi_HerbalOilHemp_Apply_ActionName,Apply,涂抹
Herbs_And_Fungi_HerbalOilHemp_CardDescription,"A clay bowl of oil infused with hemp flower essence. Apply it to the skin for calming, stress-relieving effects — the same as smoking the pipe, without the smoke.",一碗注入大麻花精华的油。涂抹于皮肤获得镇定、缓解压力的效果——与吸烟斗相同，但没有烟雾。
Herbs_And_Fungi_HerbalOilHemp_CardHelpSection,"<b>Crafted:</b> By pressing 1 Hemp Flower + Clay Bowl at the Oil Press.
<b>Uses:</b> Apply directly for calming and stress-relieving effects. Returns an empty clay bowl.",<b>制作：</b>在油压机上压榨1朵大麻花 + 陶碗。
Herbs_And_Fungi_HerbalOilHemp_CardName,Hemp Herbal Oil,大麻药油
Herbs_And_Fungi_OilPressKit_Place_ActionDescription,Set up the oil press in your environment.,在你所在的环境中架设榞油机。
Herbs_And_Fungi_OilPressKit_Place_ActionName,Place,放置
Herbs_And_Fungi_DryingStack_Placed_CardHelpSection,"<b>Capacity:</b> Holds 3 drying trays

<b>Use:</b> Add drying trays to the rack, then fill each tray with herbs, flowers, or fungi.

<b>Benefits:</b> Organized vertical storage for efficient drying.","<b>容量:</b> 可容纳3个晾干托盘
<b>用途:</b> 像家具一样放在地上，然后添加晾干托盘。将草药、花朵或真菌装入托盘。
<b>优点:</b> 有组织的垂直存储，高效干燥。"
Herbs_And_Fungi_WoodenPantry_Placed_CardHelpSection,"<b>Spoilage:</b> Slows to 75% of normal rate.
<b>Animal-safe:</b> No. Passing wildlife (foxes, hares, badgers, and larger beasts) can raid this pantry.",<b>腐败：</b>减缓至正常速率的75%。
Herbs_And_Fungi_Bp_PickleVegetables_CardName,Pickle Vegetables,"Pickle Vegetables"",<b>腐败：</b> 腐败速度降至正常的75%。"
Herbs_And_Fungi_Bp_PickleVegetables_CardDescription,Pack 5 raw vegetables and a clay bowl into a brine-filled vat to begin pickling. Consumes 500 units of brine and seals the vat into 'Pickle Vegetables' (closed). Then add water to seal and wait ~7 days.,将5个生蔬菜和一个陶碗放入装有卤水的缸中开始腌制。消耗500单位卤水并将缸密封成『腌制蔬菜（已盖盖）』。然后加水密封并等待约7天。
Herbs_And_Fungi_Bp_PickleVegetables_UnlockConditionsDesc,Closed Pickle Vat Needed,需要已盖盖腌菜缸
Herbs_And_Fungi_Bp_PickleMushrooms_CardName,Pickle Mushrooms,腌制蘑菇
Herbs_And_Fungi_Bp_PickleMushrooms_CardDescription,Pack 5 raw mushrooms and a clay bowl into a brine-filled vat to begin pickling. Consumes 500 units of brine and seals the vat into 'Pickle Mushrooms' (closed). Then add water to seal and wait ~7 days.,将5个生蘑菇和一个陶碗放入装有卤水的缸中开始腌制。消耗500单位卤水并将缸密封成『腌制蘑菇（已盖盖）』。然后加水密封并等待约7天。
Herbs_And_Fungi_Bp_PickleMushrooms_UnlockConditionsDesc,Closed Pickle Vat Needed,需要已盖盖腌菜缸
Herbs_And_Fungi_Bp_PickleMeat_CardName,Pickle Meat,腌制肉类
Herbs_And_Fungi_Bp_PickleMeat_CardDescription,Pack 5 raw meat and a clay bowl into a brine-filled vat to begin pickling. Consumes 500 units of brine and seals the vat into 'Pickle Meat' (closed). Then add water to seal and wait ~7 days.,将5块生肉和一个陶碗放入装有卤水的缸中开始腌制。消耗500单位卤水并将缸密封成『腌制肉类（已盖盖）』。然后加水密封并等待约7天。
Herbs_And_Fungi_Bp_PickleMeat_UnlockConditionsDesc,Closed Pickle Vat Needed,需要已盖盖腌菜缸
Herbs_And_Fungi_Bp_PickleFrogs_CardName,Pickle Frogs,腌制青蛙
Herbs_And_Fungi_Bp_PickleFrogs_CardDescription,Pack 5 raw frogs and a clay bowl into a brine-filled vat to begin pickling. Consumes 500 units of brine and seals the vat into 'Pickle Frogs' (closed). Then add water to seal and wait ~7 days.,将5只生青蛙和一个陶碗放入装有卤水的缸中开始腌制。消耗500单位卤水并将缸密封成『腌制青蛙（已盖盖）』。然后加水密封并等待约7天。
Herbs_And_Fungi_Bp_PickleFrogs_UnlockConditionsDesc,Closed Pickle Vat Needed,需要已盖盖腌菜缸
Herbs_And_Fungi_PickleVatClosedFrogs_CardName,Pickled Frogs (Closed),腌制青蛙（已盖盖）
Herbs_And_Fungi_PickleVatClosedFrogs_CardDescription,"A pickle vat capped with a clay bowl, packed with frogs for fermenting. Pour water over the lid to water-seal it and begin the 7-day cycle.",一个用陶碗盖住、装满青蛙进行发酵的腌菜缸。将水倒在盖子上以水封并开始7天周期。
Herbs_And_Fungi_PickleVatClosedFrogs_SpecialDurability2_CardStatName,Quality,质量
Herbs_And_Fungi_PickleVatClosedFrogs_Seal_ActionName,Seal,密封
Herbs_And_Fungi_PickleVatClosedFrogs_Seal_ActionDescription,Pour water over the lid to seal the vat. Begin the frogs pickling cycle.,将水倒在盖子上以密封缸。开始腌制青蛙周期。
Herbs_And_Fungi_PickleVatClosedFrogs_Uncap_ActionName,Uncap,开盖
Herbs_And_Fungi_PickleVatClosedFrogs_Uncap_ActionDescription,Remove the clay bowl and reopen the vat. The packed frogs are lost.,取下陶碗并重新打开缸。装入的青蛙会丢失。
Herbs_And_Fungi_PickleVatClosedFrogs_Uncap_ConfirmText,Discard the packed frogs and reopen the vat?,丢弃已装填的青蛙并重新打开缸？
Herbs_And_Fungi_PickleVatSealedFrogs_CardName,Sealed Pickled Frogs,密封腌制青蛙
Herbs_And_Fungi_PickleVatSealedFrogs_CardDescription,A water-sealed vat fermenting frogs. Takes about 7 days to finish.,一个正在发酵青蛙的水封缸。大约需要7天完成。
Herbs_And_Fungi_PickleVatSealedFrogs_Progress_CardStatName,Fermenting,发酵中
Herbs_And_Fungi_PickleVatSealedFrogs_Progress_OnZero_ActionDescription,Pickled Frogs are ready!,腌制青蛙已就绪！
Herbs_And_Fungi_PickleVatSealedFrogs_SpecialDurability2_CardStatName,Quality,质量
Herbs_And_Fungi_PickleVatReadyFrogs_CardName,Pickled Frogs,腌制青蛙
Herbs_And_Fungi_PickleVatReadyFrogs_CardDescription,"Frogs cured in salt brine. Eat 5 servings straight from the vat. Keeps for about 3 months. When emptied, the vat returns ready for refilling and the clay bowl is reclaimed.",用盐水腌制的青蛙。直接从缸中食用5份。可保存约3个月。清空后缸体返回可重新填充状态，陶碗得以回收。
Herbs_And_Fungi_PickleVatClosedVegetables_CardName,Pickled Vegetables (Closed),腌制蔬菜（已盖盖）
Herbs_And_Fungi_PickleVatClosedVegetables_CardDescription,"A pickle vat capped with a clay bowl, packed with vegetables for fermenting. Pour water over the lid to water-seal it and begin the 7-day cycle.",一个用陶碗盖住、装满蔬菜进行发酵的腌菜缸。将水倒在盖子上以水封并开始7天周期。
Herbs_And_Fungi_PickleVatClosedVegetables_SpecialDurability2_CardStatName,Quality,质量
Herbs_And_Fungi_PickleVatClosedVegetables_Seal_ActionName,Seal,密封
Herbs_And_Fungi_PickleVatClosedVegetables_Seal_ActionDescription,Pour water over the lid to seal the vat. Begin the vegetables pickling cycle.,将水倒在盖子上以密封缸。开始腌制蔬菜周期。
Herbs_And_Fungi_PickleVatClosedVegetables_Uncap_ActionName,Uncap,开盖
Herbs_And_Fungi_PickleVatClosedVegetables_Uncap_ActionDescription,Remove the clay bowl and reopen the vat. The packed vegetables are lost.,取下陶碗并重新打开缸。装入的蔬菜会丢失。
Herbs_And_Fungi_PickleVatClosedVegetables_Uncap_ConfirmText,Discard the packed vegetables and reopen the vat?,丢弃已装填的蔬菜并重新打开缸？
Herbs_And_Fungi_PickleVatSealedVegetables_CardName,Sealed Pickled Vegetables,密封腌制蔬菜
Herbs_And_Fungi_PickleVatSealedVegetables_CardDescription,A water-sealed vat fermenting vegetables. Takes about 7 days to finish.,一个正在发酵蔬菜的水封缸。大约需要7天完成。
Herbs_And_Fungi_PickleVatSealedVegetables_Progress_CardStatName,Fermenting,发酵中
Herbs_And_Fungi_PickleVatSealedVegetables_Progress_OnZero_ActionDescription,Pickled Vegetables are ready!,腌制蔬菜已就绪！
Herbs_And_Fungi_PickleVatSealedVegetables_SpecialDurability2_CardStatName,Quality,质量
Herbs_And_Fungi_PickleVatReadyVegetables_CardName,Pickled Vegetables,腌制蔬菜
Herbs_And_Fungi_PickleVatReadyVegetables_CardDescription,"Vegetables cured in salt brine. Eat 5 servings straight from the vat. Keeps for about 3 months. When emptied, the vat returns ready for refilling and the clay bowl is reclaimed.",用盐水腌制的蔬菜。直接从缸中食用5份。可保存约3个月。清空后缸体返回可重新填充状态，陶碗得以回收。
Herbs_And_Fungi_PickleVatClosedMushrooms_CardName,Pickled Mushrooms (Closed),腌制蘑菇（已盖盖）
Herbs_And_Fungi_PickleVatClosedMushrooms_CardDescription,"A pickle vat capped with a clay bowl, packed with mushrooms for fermenting. Pour water over the lid to water-seal it and begin the 7-day cycle.",一个用陶碗盖住、装满蘑菇进行发酵的腌菜缸。将水倒在盖子上以水封并开始7天周期。
Herbs_And_Fungi_PickleVatClosedMushrooms_SpecialDurability2_CardStatName,Quality,质量
Herbs_And_Fungi_PickleVatClosedMushrooms_Seal_ActionName,Seal,密封
Herbs_And_Fungi_PickleVatClosedMushrooms_Seal_ActionDescription,Pour water over the lid to seal the vat. Begin the mushrooms pickling cycle.,将水倒在盖子上以密封缸。开始腌制蘑菇周期。
Herbs_And_Fungi_PickleVatClosedMushrooms_Uncap_ActionName,Uncap,开盖
Herbs_And_Fungi_PickleVatClosedMushrooms_Uncap_ActionDescription,Remove the clay bowl and reopen the vat. The packed mushrooms are lost.,取下陶碗并重新打开缸。装入的蘑菇会丢失。
Herbs_And_Fungi_PickleVatClosedMushrooms_Uncap_ConfirmText,Discard the packed mushrooms and reopen the vat?,丢弃已装填的蘑菇并重新打开缸？
Herbs_And_Fungi_PickleVatSealedMushrooms_CardName,Sealed Pickled Mushrooms,密封腌制蘑菇
Herbs_And_Fungi_PickleVatSealedMushrooms_CardDescription,A water-sealed vat fermenting mushrooms. Takes about 7 days to finish.,一个正在发酵蘑菇的水封缸。大约需要7天完成。
Herbs_And_Fungi_PickleVatSealedMushrooms_Progress_CardStatName,Fermenting,发酵中
Herbs_And_Fungi_PickleVatSealedMushrooms_Progress_OnZero_ActionDescription,Pickled Mushrooms are ready!,腌制蘑菇已就绪！
Herbs_And_Fungi_PickleVatSealedMushrooms_SpecialDurability2_CardStatName,Quality,质量
Herbs_And_Fungi_PickleVatReadyMushrooms_CardName,Pickled Mushrooms,腌制蘑菇
Herbs_And_Fungi_PickleVatReadyMushrooms_CardDescription,"Mushrooms cured in salt brine. Eat 5 servings straight from the vat. Keeps for about 3 months. When emptied, the vat returns ready for refilling and the clay bowl is reclaimed.",用盐水腌制的蘑菇。直接从缸中食用5份。可保存约3个月。清空后缸体返回可重新填充状态，陶碗得以回收。
Herbs_And_Fungi_PickleVatClosedMeat_CardName,Pickled Meat (Closed),腌制肉类（已盖盖）
Herbs_And_Fungi_PickleVatClosedMeat_CardDescription,"A pickle vat capped with a clay bowl, packed with meat for fermenting. Pour water over the lid to water-seal it and begin the 7-day cycle.",一个用陶碗盖住、装满肉类进行发酵的腌菜缸。将水倒在盖子上以水封并开始7天周期。
Herbs_And_Fungi_PickleVatClosedMeat_SpecialDurability2_CardStatName,Quality,质量
Herbs_And_Fungi_PickleVatClosedMeat_Seal_ActionName,Seal,密封
Herbs_And_Fungi_PickleVatClosedMeat_Seal_ActionDescription,Pour water over the lid to seal the vat. Begin the meat pickling cycle.,将水倒在盖子上以密封缸。开始腌制肉类周期。
Herbs_And_Fungi_PickleVatClosedMeat_Uncap_ActionName,Uncap,开盖
Herbs_And_Fungi_PickleVatClosedMeat_Uncap_ActionDescription,Remove the clay bowl and reopen the vat. The packed meat is lost.,取下陶碗并重新打开缸。装入的肉类会丢失。
Herbs_And_Fungi_PickleVatClosedMeat_Uncap_ConfirmText,Discard the packed meat and reopen the vat?,丢弃已装填的肉并重新打开缸？
Herbs_And_Fungi_PickleVatSealedMeat_CardName,Sealed Pickled Meat,密封腌制肉类
Herbs_And_Fungi_PickleVatSealedMeat_CardDescription,A water-sealed vat fermenting meat. Takes about 7 days to finish.,一个正在发酵肉类的水封缸。大约需要7天完成。
Herbs_And_Fungi_PickleVatSealedMeat_Progress_CardStatName,Fermenting,发酵中
Herbs_And_Fungi_PickleVatSealedMeat_Progress_OnZero_ActionDescription,Pickled Meat is ready!,腌制肉类已就绪！
Herbs_And_Fungi_PickleVatSealedMeat_SpecialDurability2_CardStatName,Quality,质量
Herbs_And_Fungi_PickleVatReadyMeat_CardName,Pickled Meat,腌制肉类
Herbs_And_Fungi_PickleVatReadyMeat_CardDescription,"Meat cured in salt brine. Eat 5 servings straight from the vat. Keeps for about 3 months. When emptied, the vat returns ready for refilling and the clay bowl is reclaimed.",用盐水腌制的肉类。直接从缸中食用5份。可保存约3个月。清空后缸体返回可重新填充状态，陶碗得以回收。
Herbs_And_Fungi_PickleVatReadyFrogs_SpoilageTime_CardStatName,Spoilage,腐败
Herbs_And_Fungi_PickleVatReadyFrogs_SpoilageTime_OnFull_ActionDescription,Pickled Frogs Spoiled!,腌制青蛙变质了！
Herbs_And_Fungi_PickleVatReadyFrogs_UsageDurability_CardStatName,Servings,份数
Herbs_And_Fungi_PickleVatReadyFrogs_UsageDurability_OnZero_ActionDescription,Vat emptied.,缸已清空。
Herbs_And_Fungi_PickleVatReadyFrogs_Eat_ActionName,Eat,食用
Herbs_And_Fungi_PickleVatReadyFrogs_Eat_ActionDescription,Eat a serving of pickled frogs straight from the vat.,直接从缸中食用一份腌制青蛙。
herbsfungideathcaptincture_CardName,Death Cap Tincture,毒鹅膏酊剂
herbsfungideathcaptincture_CardDescription,"A bitter, murky extract pressed from death caps. The amatoxins that kill a careless forager will also kill gut parasites - at a dose the body can (usually) survive. Expect nausea and a rough day.",从毒鹅膏中压榨出的苦涩混浊提取物。杀死寄生虫的毒素在适当剂量下身体（通常）能承受。预计会引起恶心和难受的一天。
herbsfungideathcaptincture_SpoilageTime_StatName,Spoilage,腐败
herbsfungideathcaptincture_SpoilageTime_Spoiled,The tincture has spoiled - the toxins remain but the therapeutic dose is gone.,酊剂已变质——毒素仍然存在但治疗剂量已消失。
herbsfungideathcaptincture_Drink,Drink,饮用
herbsfungideathcaptincture_Drink_Desc,Swallow the tincture. Kills gut parasites; causes significant nausea and mild poisoning.,吞下酊剂。杀死肠道寄生虫；引起明显恶心和轻微中毒。
herbsfungiantinauseatea_SpoilageTime_Spoiled,The anti-nausea tea has spoiled.,止吐茶已变质。
herbsfungiantinauseatea_SpoilageTime_StatName,Spoilage,腐败
herbsfungicookedtruffle_SpoilageTime_Spoiled,The cooked truffle has spoiled.,烹饪松露已变质。
herbsfungicookedtruffle_SpoilageTime_StatName,Spoilage,腐败
herbsfungicookedtruffle_UsageDurability_Dried,The cooked truffle has dried out.,烹饪松露已晴干。
herbsfungicookedtruffle_UsageDurability_StatName,Dry,干燥
herbsfungidriedginger_SpoilageTime_StatName,Spoilage,腐败
herbsfungidriedtruffle_SpoilageTime_StatName,Spoilage,腐败
herbsfungiherbalsalve_SpoilageTime_Spoiled,The herbal salve has spoiled.,草药膏已变质。
herbsfungiherbalsalve_SpoilageTime_StatName,Spoilage,腐败
herbsfungiherbaltincture_SpoilageTime_Spoiled,The herbal tincture has spoiled.,草药酪剂已变质。
herbsfungiherbaltincture_SpoilageTime_StatName,Spoilage,腐败
herbsfungipainreliefpowder_SpoilageTime_Spoiled,The pain relief powder has spoiled.,止痛粉已变质。
herbsfungipainreliefpowder_SpoilageTime_StatName,Spoilage,腐败
herbsfungisleeptea_SpoilageTime_Spoiled,The sleep tea has spoiled.,睡眠茶已变质。
herbsfungisleeptea_SpoilageTime_StatName,Spoilage,腐败
herbsfungistimulanttea_SpoilageTime_Spoiled,The stimulant tea has spoiled.,兴奋茶已变质。
herbsfungistimulanttea_SpoilageTime_StatName,Spoilage,腐败
herbsfungitruffle_SpoilageTime_Spoiled,The truffle has spoiled.,松露已变质。
herbsfungitruffle_SpoilageTime_StatName,Spoilage,腐败
herbsfungitruffle_UsageDurability_Dried,The truffle has dried out.,松露已晴干。
herbsfungitruffle_UsageDurability_StatName,Dry,干燥
Herbs_And_Fungi_PickleVatReadyMushrooms_SpoilageTime_CardStatName,Spoilage,腐败
Herbs_And_Fungi_PickleVatReadyMushrooms_SpoilageTime_OnFull_ActionDescription,Pickled Mushrooms Spoiled!,腌制蘑菇变质了！
Herbs_And_Fungi_PickleVatReadyMushrooms_UsageDurability_CardStatName,Servings,份数
Herbs_And_Fungi_PickleVatReadyMushrooms_UsageDurability_OnZero_ActionDescription,Vat emptied.,缸已清空。
Herbs_And_Fungi_PickleVatReadyMushrooms_Eat_ActionName,Eat,食用
Herbs_And_Fungi_PickleVatReadyMushrooms_Eat_ActionDescription,Eat a serving of pickled mushrooms straight from the vat.,直接从缸中食用一份腌制蘑菇。
Herbs_And_Fungi_PickleVatReadyMeat_SpoilageTime_CardStatName,Spoilage,腐败
Herbs_And_Fungi_PickleVatReadyMeat_SpoilageTime_OnFull_ActionDescription,Pickled Meat Spoiled!,腌制肉类变质了！
Herbs_And_Fungi_PickleVatReadyMeat_UsageDurability_CardStatName,Servings,份数
Herbs_And_Fungi_PickleVatReadyMeat_UsageDurability_OnZero_ActionDescription,Vat emptied.,缸已清空。
Herbs_And_Fungi_PickleVatReadyMeat_Eat_ActionName,Eat,食用
Herbs_And_Fungi_PickleVatReadyMeat_Eat_ActionDescription,Eat a serving of pickled meat straight from the vat.,直接从缸中食用一份腌制肉类。
Herbs_And_Fungi_PickleVatReadyVegetables_SpoilageTime_CardStatName,Spoilage,腐败
Herbs_And_Fungi_PickleVatReadyVegetables_SpoilageTime_OnFull_ActionDescription,Pickled Vegetables Spoiled!,腌制蔬菜变质了！
Herbs_And_Fungi_PickleVatReadyVegetables_UsageDurability_CardStatName,Servings,份数
Herbs_And_Fungi_PickleVatReadyVegetables_UsageDurability_OnZero_ActionDescription,Vat emptied.,缸已清空。
Herbs_And_Fungi_PickleVatReadyVegetables_Eat_ActionName,Eat,食用
Herbs_And_Fungi_PickleVatReadyVegetables_Eat_ActionDescription,Eat a serving of pickled vegetables straight from the vat.,直接从缸中食用一份腌制蔬菜。
Herbs_And_Fungi_Perk_OilPress_PerkName,Oil Press,榨油机
Herbs_And_Fungi_Perk_OilPress_PerkDescription,"Start with an Oil Press Kit. Place it to press seeds, mushrooms, and truffles into oils for cooking and herbal preparations.",初始携带一个榨油机套件。放置后可将种子、蘑菇和松露压榨成用于烹饪和草药制剂的油脂。
Herbs_And_Fungi_MushroomLogShiitakeGrowing_CardName,Growing Fungal Log,生长中的菌菇木
Herbs_And_Fungi_MushroomLogShiitakeGrowing_CardDescription,A freshly inoculated mushroom log. Keep it indoors or sheltered while the mycelium runs through the deadwood.,一根刚接种的菌菇木。在室内或遮蔽处保存，让菌丝穿透枯木生长。
Herbs_And_Fungi_MushroomLogShiitakeGrowing_CardHelpSection,"<b>Growth Time:</b> About 5 days.

<b>Harvest:</b> Becomes a ready shiitake log when fully colonized.","<b>生长时间：</b> 约5天。

<b>收获：</b> 菌丝完全定殖后变为可采收的香菇木。"
Herbs_And_Fungi_MushroomLogShiitakeGrowing_Progress_CardStatName,Colonizing,定殖中
Herbs_And_Fungi_MushroomLogShiitakeGrowing_Progress_OnFull_ActionDescription,Shiitake log is ready to harvest!,香菇木已准备好采收！
Herbs_And_Fungi_MushroomLogShiitakeGrowing_BreakDown_ActionName,Break Down,拆解
Herbs_And_Fungi_MushroomLogShiitakeGrowing_BreakDown_ActionDescription,"Break apart the inoculated log. Recovers the log, but the mushrooms and shavings are lost.",拆解已接种的木头。可回收木头，但蘑菇和木屑会丢失。
Herbs_And_Fungi_MushroomLogShiitakeMature_CardName,Ready Shiitake Log,成熟香菇木
Herbs_And_Fungi_MushroomLogShiitakeMature_CardDescription,A cultivated log covered with ready-to-pick shiitake mushrooms.,一根覆满待采香菇的培育木头。
Herbs_And_Fungi_MushroomLogShiitakeMature_CardHelpSection,"<b>Harvest:</b> Pick the final shiitake flush for 20 fresh mushrooms, using up the log.",<b>采收：</b> 采集最后一批香菇可获得20个新鲜蘑菇，同时耗尽木头。
Herbs_And_Fungi_MushroomLogShiitakeMature_Harvest_ActionName,Harvest,采收
Herbs_And_Fungi_MushroomLogShiitakeMature_Harvest_ActionDescription,Pick 20 fresh shiitake mushrooms and break down the spent log.,采摘20个新鲜香菇并拆解耗尽的木头。
Herbs_And_Fungi_Bp_MushroomLogShiitake_CardName,Inoculate Shiitake Log,接种香菇木
Herbs_And_Fungi_Bp_MushroomLogShiitake_CardDescription,"Use a spoon auger to bore spawn holes in a vanilla log, then pack it with 10 shiitake mushrooms and wood shavings.,",用挖孔钻在香草木上钻出接种孔，然后填入10个香菇和木屑。
Herbs_And_Fungi_Bp_MushroomLogShiitake_UnlockConditionsDesc,Unlocked after obtaining a shiitake mushroom,获得香菇后解锁
Herbs_And_Fungi_MushroomLogLionsManeGrowing_CardName,Growing Fungal Log,生长中的菌菇木
Herbs_And_Fungi_MushroomLogLionsManeGrowing_CardDescription,A freshly inoculated mushroom log. Keep it indoors or sheltered while the mycelium runs through the deadwood.,一根刚接种的菌菇木。在室内或遮蔽处保存，让菌丝穿透枯木生长。
Herbs_And_Fungi_MushroomLogLionsManeGrowing_CardHelpSection,"<b>Growth Time:</b> About 5 days.

<b>Harvest:</b> Becomes a ready lion's mane log when fully colonized.","<b>生长时间：</b> 约5天。

<b>收获：</b> 菌丝完全定殖后变为可采收的狮鬃菇木。"
Herbs_And_Fungi_MushroomLogLionsManeGrowing_Progress_CardStatName,Colonizing,定殖中
Herbs_And_Fungi_MushroomLogLionsManeGrowing_Progress_OnFull_ActionDescription,Lion's mane log is ready to harvest!,狮鬃菇木已准备好采收！
Herbs_And_Fungi_MushroomLogLionsManeGrowing_BreakDown_ActionName,Break Down,拆解
Herbs_And_Fungi_MushroomLogLionsManeGrowing_BreakDown_ActionDescription,"Break apart the inoculated log. Recovers the log, but the mushrooms and shavings are lost.",拆解已接种的木头。可回收木头，但蘑菇和木屑会丢失。
Herbs_And_Fungi_MushroomLogLionsManeMature_CardName,Ready Lion's Mane Log,成熟狮鬃菇木
Herbs_And_Fungi_MushroomLogLionsManeMature_CardDescription,A cultivated log covered with ready-to-pick lion's mane mushrooms.,一根覆满待采狮鬃菇的培育木头。
Herbs_And_Fungi_MushroomLogLionsManeMature_CardHelpSection,"<b>Harvest:</b> Pick the final lion's mane flush for 20 fresh mushrooms, using up the log.",<b>采收：</b> 采集最后一批狮鬃菇可获得20个新鲜蘑菇，同时耗尽木头。
Herbs_And_Fungi_MushroomLogLionsManeMature_Harvest_ActionName,Harvest,采收
Herbs_And_Fungi_MushroomLogLionsManeMature_Harvest_ActionDescription,Pick 20 fresh lion's mane mushrooms and break down the spent log.,采摘20个新鲜狮鬃菇并拆解耗尽的木头。
Herbs_And_Fungi_Bp_MushroomLogLionsMane_CardName,Inoculate Lion's Mane Log,接种狮鬃菇木
Herbs_And_Fungi_Bp_MushroomLogLionsMane_CardDescription,"Use a spoon auger to bore spawn holes in a vanilla log, then pack it with 10 lion's mane mushrooms and wood shavings.,",用挖孔钻在香草木上钻出接种孔，然后填入10个狮鬃菇和木屑。
Herbs_And_Fungi_Bp_MushroomLogLionsMane_UnlockConditionsDesc,Unlocked after obtaining a lion's mane mushroom,获得狮鬃菇后解锁
Herbs_And_Fungi_MushroomLogReishiGrowing_CardName,Growing Fungal Log,生长中的菌菇木
Herbs_And_Fungi_MushroomLogReishiGrowing_CardDescription,A freshly inoculated mushroom log. Keep it indoors or sheltered while the mycelium runs through the deadwood.,一根刚接种的菌菇木。在室内或遮蔽处保存，让菌丝穿透枯木生长。
Herbs_And_Fungi_MushroomLogReishiGrowing_CardHelpSection,"<b>Growth Time:</b> About 5 days.

<b>Harvest:</b> Becomes a ready reishi log when fully colonized.","<b>生长时间：</b> 约5天。

<b>收获：</b> 菌丝完全定殖后变为可采收的灵芝木。"
Herbs_And_Fungi_MushroomLogReishiGrowing_Progress_CardStatName,Colonizing,定殖中
Herbs_And_Fungi_MushroomLogReishiGrowing_Progress_OnFull_ActionDescription,Reishi log is ready to harvest!,灵芝木已准备好采收！
Herbs_And_Fungi_MushroomLogReishiGrowing_BreakDown_ActionName,Break Down,拆解
Herbs_And_Fungi_MushroomLogReishiGrowing_BreakDown_ActionDescription,"Break apart the inoculated log. Recovers the log, but the mushrooms and shavings are lost.",拆解已接种的木头。可回收木头，但蘑菇和木屑会丢失。
Herbs_And_Fungi_MushroomLogReishiMature_CardName,Ready Reishi Log,成熟灵芝木
Herbs_And_Fungi_MushroomLogReishiMature_CardDescription,A cultivated log covered with ready-to-pick reishi mushrooms.,一根覆满待采灵芝的培育木头。
Herbs_And_Fungi_MushroomLogReishiMature_CardHelpSection,"<b>Harvest:</b> Pick the final reishi flush for 20 fresh mushrooms, using up the log.",<b>采收：</b> 采集最后一批灵芝可获得20个新鲜蘑菇，同时耗尽木头。
Herbs_And_Fungi_MushroomLogReishiMature_Harvest_ActionName,Harvest,采收
Herbs_And_Fungi_MushroomLogReishiMature_Harvest_ActionDescription,Pick 20 fresh reishi mushrooms and break down the spent log.,采摘20个新鲜灵芝并拆解耗尽的木头。
Herbs_And_Fungi_Bp_MushroomLogReishi_CardName,Inoculate Reishi Log,接种灵芝木
Herbs_And_Fungi_Bp_MushroomLogReishi_CardDescription,"Use a spoon auger to bore spawn holes in a vanilla log, then pack it with 10 reishi mushrooms and wood shavings.,",用挖孔钻在香草木上钻出接种孔，然后填入10个灵芝和木屑。
Herbs_And_Fungi_Bp_MushroomLogReishi_UnlockConditionsDesc,Unlocked after obtaining a reishi mushroom,获得灵芝后解锁
Herbs_And_Fungi_MushroomLogChickenOfWoodsGrowing_CardName,Growing Fungal Log,生长中的菌菇木
Herbs_And_Fungi_MushroomLogChickenOfWoodsGrowing_CardDescription,A freshly inoculated mushroom log. Keep it indoors or sheltered while the mycelium runs through the deadwood.,一根刚接种的菌菇木。在室内或遮蔽处保存，让菌丝穿透枯木生长。
Herbs_And_Fungi_MushroomLogChickenOfWoodsGrowing_CardHelpSection,"<b>Growth Time:</b> About 5 days.

<b>Harvest:</b> Becomes a ready chicken of the woods log when fully colonized.","<b>生长时间：</b> 约5天。

<b>收获：</b> 菌丝完全定殖后变为可采收的木鸡菌木。"
Herbs_And_Fungi_MushroomLogChickenOfWoodsGrowing_Progress_CardStatName,Colonizing,定殖中
Herbs_And_Fungi_MushroomLogChickenOfWoodsGrowing_Progress_OnFull_ActionDescription,Chicken of the woods log is ready to harvest!,木鸡菌木已准备好采收！
Herbs_And_Fungi_MushroomLogChickenOfWoodsGrowing_BreakDown_ActionName,Break Down,拆解
Herbs_And_Fungi_MushroomLogChickenOfWoodsGrowing_BreakDown_ActionDescription,"Break apart the inoculated log. Recovers the log, but the mushrooms and shavings are lost.",拆解已接种的木头。可回收木头，但蘑菇和木屑会丢失。
Herbs_And_Fungi_MushroomLogChickenOfWoodsMature_CardName,Ready Chicken of the Woods Log,成熟木鸡菌木
Herbs_And_Fungi_MushroomLogChickenOfWoodsMature_CardDescription,A cultivated log covered with ready-to-pick chicken of the woods mushrooms.,一根覆满待采木鸡菌的培育木头。
Herbs_And_Fungi_MushroomLogChickenOfWoodsMature_CardHelpSection,"<b>Harvest:</b> Pick the final chicken of the woods flush for 20 fresh mushrooms, using up the log.",<b>采收：</b> 采集最后一批木鸡菌可获得20个新鲜蘑菇，同时耗尽木头。
Herbs_And_Fungi_MushroomLogChickenOfWoodsMature_Harvest_ActionName,Harvest,采收
Herbs_And_Fungi_MushroomLogChickenOfWoodsMature_Harvest_ActionDescription,Pick 20 fresh chicken of the woods mushrooms and break down the spent log.,采摘20个新鲜木鸡菌并拆解耗尽的木头。
Herbs_And_Fungi_Bp_MushroomLogChickenOfWoods_CardName,Inoculate Chicken Log,接种木鸡菌木
Herbs_And_Fungi_Bp_MushroomLogChickenOfWoods_CardDescription,"Use a spoon auger to bore spawn holes in a vanilla log, then pack it with 10 chicken of the woods mushrooms and wood shavings.,",用挖孔钻在香草木上钻出接种孔，然后填入10个木鸡菌和木屑。
Herbs_And_Fungi_Bp_MushroomLogChickenOfWoods_UnlockConditionsDesc,Unlocked after obtaining chicken of the woods,获得木鸡菌后解锁
Herbs_And_Fungi_MushroomLogGoldenOysterGrowing_CardName,Growing Fungal Log,生长中的菌菇木
Herbs_And_Fungi_MushroomLogGoldenOysterGrowing_CardDescription,A freshly inoculated mushroom log. Keep it indoors or sheltered while the mycelium runs through the deadwood.,一根刚接种的菌菇木。在室内或遮蔽处保存，让菌丝穿透枯木生长。
Herbs_And_Fungi_MushroomLogGoldenOysterGrowing_CardHelpSection,"<b>Growth Time:</b> About 5 days.

<b>Harvest:</b> Becomes a ready golden oyster log when fully colonized.","<b>生长时间：</b> 约5天。

<b>收获：</b> 菌丝完全定殖后变为可采收的金顶侧耳木。"
Herbs_And_Fungi_MushroomLogGoldenOysterGrowing_Progress_CardStatName,Colonizing,定殖中
Herbs_And_Fungi_MushroomLogGoldenOysterGrowing_Progress_OnFull_ActionDescription,Golden oyster log is ready to harvest!,金顶侧耳木已准备好采收！
Herbs_And_Fungi_MushroomLogGoldenOysterGrowing_BreakDown_ActionName,Break Down,拆解
Herbs_And_Fungi_MushroomLogGoldenOysterGrowing_BreakDown_ActionDescription,"Break apart the inoculated log. Recovers the log, but the mushrooms and shavings are lost.",拆解已接种的木头。可回收木头，但蘑菇和木屑会丢失。
Herbs_And_Fungi_MushroomLogGoldenOysterMature_CardName,Ready Golden Oyster Log,成熟金顶侧耳木
Herbs_And_Fungi_MushroomLogGoldenOysterMature_CardDescription,A cultivated log covered with ready-to-pick golden oyster mushrooms.,一根覆满待采金顶侧耳的培育木头。
Herbs_And_Fungi_MushroomLogGoldenOysterMature_CardHelpSection,"<b>Harvest:</b> Pick the final golden oyster flush for 20 fresh mushrooms, using up the log.",<b>采收：</b> 采集最后一批金顶侧耳可获得20个新鲜蘑菇，同时耗尽木头。
Herbs_And_Fungi_MushroomLogGoldenOysterMature_Harvest_ActionName,Harvest,采收
Herbs_And_Fungi_MushroomLogGoldenOysterMature_Harvest_ActionDescription,Pick 20 fresh golden oyster mushrooms and break down the spent log.,采摘20个新鲜金顶侧耳并拆解耗尽的木头。
Herbs_And_Fungi_Bp_MushroomLogGoldenOyster_CardName,Inoculate Golden Oyster Log,接种金顶侧耳木
Herbs_And_Fungi_Bp_MushroomLogGoldenOyster_CardDescription,"Use a spoon auger to bore spawn holes in a vanilla log, then pack it with 10 golden oyster mushrooms and wood shavings.,",用挖孔钻在香草木上钻出接种孔，然后填入10个金顶侧耳和木屑。
Herbs_And_Fungi_Bp_MushroomLogGoldenOyster_UnlockConditionsDesc,Unlocked after obtaining a golden oyster mushroom,获得金顶侧耳后解锁
Herbs_And_Fungi_MushroomLogKingOysterGrowing_CardName,Growing Fungal Log,生长中的菌菇木
Herbs_And_Fungi_MushroomLogKingOysterGrowing_CardDescription,A freshly inoculated mushroom log. Keep it indoors or sheltered while the mycelium runs through the deadwood.,一根刚接种的菌菇木。在室内或遮蔽处保存，让菌丝穿透枯木生长。
Herbs_And_Fungi_MushroomLogKingOysterGrowing_CardHelpSection,"<b>Growth Time:</b> About 5 days.

<b>Harvest:</b> Becomes a ready king oyster log when fully colonized.","<b>生长时间：</b> 约5天。

<b>收获：</b> 菌丝完全定殖后变为可采收的杏鲍菇木。"
Herbs_And_Fungi_MushroomLogKingOysterGrowing_Progress_CardStatName,Colonizing,定殖中
Herbs_And_Fungi_MushroomLogKingOysterGrowing_Progress_OnFull_ActionDescription,King oyster log is ready to harvest!,杏鲍菇木已准备好采收！
Herbs_And_Fungi_MushroomLogKingOysterGrowing_BreakDown_ActionName,Break Down,拆解
Herbs_And_Fungi_MushroomLogKingOysterGrowing_BreakDown_ActionDescription,"Break apart the inoculated log. Recovers the log, but the mushrooms and shavings are lost.",拆解已接种的木头。可回收木头，但蘑菇和木屑会丢失。
Herbs_And_Fungi_MushroomLogKingOysterMature_CardName,Ready King Oyster Log,成熟杏鲍菇木
Herbs_And_Fungi_MushroomLogKingOysterMature_CardDescription,A cultivated log covered with ready-to-pick king oyster mushrooms.,一根覆满待采杏鲍菇的培育木头。
Herbs_And_Fungi_MushroomLogKingOysterMature_CardHelpSection,"<b>Harvest:</b> Pick the final king oyster flush for 20 fresh mushrooms, using up the log.",<b>采收：</b> 采集最后一批杏鲍菇可获得20个新鲜蘑菇，同时耗尽木头。
Herbs_And_Fungi_MushroomLogKingOysterMature_Harvest_ActionName,Harvest,采收
Herbs_And_Fungi_MushroomLogKingOysterMature_Harvest_ActionDescription,Pick 20 fresh king oyster mushrooms and break down the spent log.,采摘20个新鲜杏鲍菇并拆解耗尽的木头。
Herbs_And_Fungi_Bp_MushroomLogKingOyster_CardName,Inoculate King Oyster Log,接种杏鲍菇木
Herbs_And_Fungi_Bp_MushroomLogKingOyster_CardDescription,"Use a spoon auger to bore spawn holes in a vanilla log, then pack it with 10 king oyster mushrooms and wood shavings.,",用挖孔钻在香草木上钻出接种孔，然后填入10个杏鲍菇和木屑。
Herbs_And_Fungi_Bp_MushroomLogKingOyster_UnlockConditionsDesc,Unlocked after obtaining a king oyster mushroom,获得杏鲍菇后解锁
Herbs_And_Fungi_Bp_DryingStack_CardName,Drying Stack,晾干架
Herbs_And_Fungi_Bp_DryingStack_CardDescription,A vertical wooden rack for storing multiple drying trays. Requires 4 planks and a hammer.,一个用于存放多个晾干托盘的竖向木架。需要4块木板和一把锤子。
Herbs_And_Fungi_Bp_DryingStack_UnlockConditionsDesc,Unlocked after crafting or obtaining a Drying Tray,制作或获得晾干托盘后解锁
Herbs_And_Fungi_Bp_DryingTray_CardName,Drying Tray,晾干托盘
Herbs_And_Fungi_Bp_DryingTray_CardDescription,A woven tray with fine mesh for drying herbs. Requires 4 reeds or willow twigs and 2 twine.,一个用细网眼编织的晾干草药托盘。需要4根干芦苇或柳树枝和2根麻绳。
Herbs_And_Fungi_Bp_DryingTray_UnlockConditionsDesc,Unlocked after obtaining Dry Reeds,获得干芦苇后解锁
Herbs_And_Fungi_DryingStack_DismantleActions_Place_ActionName,Place,放置
Herbs_And_Fungi_DryingStackPlaced_DismantleActions_PickUp_ActionName,Pick Up,拾起
Herbs_And_Fungi_LionsManeDried_OnStatsChangeActions[0]_ActionName,Finish Rotary Quern Grinding,完成旋转磨盘研磨
Herbs_And_Fungi_LionsManeDried_SpecialDurability3_CardStatName,Mill,磨碎度
Herbs_And_Fungi_MorelMushroom_CardName,Morel Mushroom,羊肚菌
Herbs_And_Fungi_MorelMushroom_CardDescription,A prized honeycomb-capped morel found in autumn forests. Delicious when cooked but must never be eaten raw.,一种在秋季森林中发现的珍贵蜂窝状羊肚菌。烹熟后美味可口，但绝不可生吃。
Herbs_And_Fungi_MorelMushroom_CardHelpSection,"<b>Season:</b> Autumn

<b>警告：</b>食用前必须烹饪——生羊肚菌有轻微毒性。

<b>营养：</b>烹饪后蛋白质和矿物质含量极佳。","<b>季节：</b> 秋季

<b>警告：</b> 食用前必须烹熟——生羊肚菌有轻微毒性。

<b>营养：</b> 烹熟后蛋白质和矿物质含量极佳。"
Herbs_And_Fungi_Perk_AddFungi_PerkName,Add Fungi,添加菌菇
Herbs_And_Fungi_Perk_AddFungi_PerkDescription,"Start with forageable fungi: Morels (spring), Golden & King Oysters (summer), Lion's Mane (fall, cognitive boost). Can be dried, cooked, or ground into medicinal powders.",初始携带可采集的菌菇：羊肚菌（春季）、金顶侧耳和杏鲍菇（夏季）、狮鬃菇（秋季，提升认知）。可晾干、烹饪或磨成药用粉末。
Herbs_And_Fungi_Perk_EdiblesKit_PerkName,Edibles Kit,食用套件
Herbs_And_Fungi_Perk_EdiblesKit_PerkDescription,"Hemp cooking kit: 3 Fat, 4 Dried Hemp Flowers, 3 Raw Meat, 1 Clay Bowl. Craft hemp butter with 3x stronger effects than smoking. Dose carefully!",大麻烹饪套件：3块脂肪、4朵干大麻花、3块生肉、1个陶碗。用3倍于吸食效果的大麻黄油制作。小心控制剂量！
Herbs_And_Fungi_Perk_MushroomBasket_PerkName,Mushroom Basket,蘑菇篮
Herbs_And_Fungi_Perk_MushroomBasket_PerkDescription,"Start with a hand basket filled with a bountiful mushroom harvest: Morels (gourmet), Golden & King Oysters (meaty), Black Trumpets (earthy), Shiitake (immune boost), Lion's Mane (cognitive), Forest Caps, and Spirit Mushrooms. All can be dried or cooked.",初始携带一个装满丰盛蘑菇采收物的手提篮：羊肚菌（美食）、金顶侧耳和杏鲍菇（肉质）、黑喇叭菌（泥土味）、香菇（增强免疫）、狮鬃菇（认知增强）、森林蘑菇和灵性蘑菇。所有蘑菇都可晾干或烹熟。
Herbs_And_Fungi_Perk_SmokeKit_PerkName,Smoke Kit,烟斗套件
Herbs_And_Fungi_Perk_SmokeKit_PerkDescription,"Herbal medicine kit: Reusable Herb Pipe + 4 powders each (Hemp: calming, Fairyweed: pain relief, Appleweed: energy, Frostleaf: anti-inflammatory) + 10 Fiber.",初始携带一个草药烟斗套件，包含大麻花和其他草药。
Herbs_And_Fungi_DryingStackPlaced_DismantleActions_PickUp_ActionDescription,Pick up the drying stack and carry it.,拾起晾晒架并携带它。
Herbs_And_Fungi_DryingStack_DismantleActions_Place_ActionDescription,Place the drying stack in your environment.,将晾晒架放置在环境中。
Herbs_And_Fungi_HempButterActive_CardDescription,Aromatic liquid hemp butter with activated psychoactive compounds. Needs to cool and solidify before use.,含有活化精神活性化合物的芳香液态大麻黄油。需冷却凝固后方可使用。
Herbs_And_Fungi_HempButterActive_CardHelpSection,"<b>State:</b> Liquid when hot.

<b>Usage:</b> Let it dry to create solid hemp butter that can be added to foods.","<b>状态：</b>加热时呈液态。

<b>用法：</b>待其干燥，制成可添加到食物中的固态大麻黄油。"
Herbs_And_Fungi_HempButterActive_CardName,Active Hemp Butter,活性大麻黄油
Herbs_And_Fungi_HempButterActive_FuelCapacity_CardStatName,Temperature,温度
Herbs_And_Fungi_HempButterActive_Progress_CardStatName,Wetness,湿度
Herbs_And_Fungi_HempButterActive_Progress_OnZero_ActionDescription,The hemp butter has solidified. It's now ready to be added to foods.,大麻黄油已凝固。现在可以添加到食物中了。
Herbs_And_Fungi_HempButterActive_SpecialDurability2_CardStatName,Quality,品质
Herbs_And_Fungi_HempButterActive_SpoilageTime_CardStatName,Spoilage,腐败
Herbs_And_Fungi_HempButterActive_SpoilageTime_OnFull_ActionDescription,Active Hemp Butter Spoiled!,活性大麻黄油已变质！
Herbs_And_Fungi_HempButterInactive_CardDescription,Raw mixture of fat and ground hemp flower. Must be heated at cooking temperature for 60-90 minutes to activate the compounds.,脂肪与磨碎大麻花的混合物。需在烹饪温度下加热60至90分钟以激活化合物。
Herbs_And_Fungi_HempButterInactive_CardHelpSection,"<b>Usage:</b> Place in a container on a fire and heat slowly.

<b>Activation:</b> Requires sustained heat to activate psychoactive properties.","<b>用法：</b>放入容器中置于火上缓慢加热。

<b>激活：</b>需要持续加热以激活精神活性成分。"
Herbs_And_Fungi_HempButterInactive_CardInteractions0_ActionDescription,"The butter melts quickly in the flames! You need to cook it in a bowl or pot, not directly on fire.",黄油在火焰中迅速融化！你需要在碗或锅中烹饪，而不是直接放在火上。
Herbs_And_Fungi_HempButterInactive_CardInteractions0_ActionName,Melt,融化
Herbs_And_Fungi_HempButterInactive_CardName,Inactive Hemp Butter,非活性大麻黄油
Herbs_And_Fungi_HempButterInactive_FuelCapacity_CardStatName,Temperature,温度
Herbs_And_Fungi_HempButterInactive_Progress_CardStatName,Activation Progress,激活进度
Herbs_And_Fungi_HempButterInactive_Progress_OnFull_ActionDescription,Hemp butter has been activated! The aromatic liquid contains powerful psychoactive compounds.,大麻黄油已激活！芳香液体含有强效精神活性化合物。
Herbs_And_Fungi_HempButterInactive_SpecialDurability2_CardStatName,Quality,品质
Herbs_And_Fungi_HempButterInactive_SpoilageTime_CardStatName,Spoilage,腐败
Herbs_And_Fungi_HempButterInactive_SpoilageTime_OnFull_ActionDescription,Inactive Hemp Butter Spoiled!,非活性大麻黄油已变质！
Herbs_And_Fungi_HempButter_CardDescription,"Solid hemp-infused fat with activated psychoactive properties. Can be consumed in small, medium, or large doses. Effects are 3x stronger than burning hemp flowers. High doses may trigger anxiety.",含有活化精神活性成分的固态大麻浸脂。可小剂量、中剂量或大剂量服用。效果是燃烧大麻花的3倍。大剂量可能引发焦虑。
Herbs_And_Fungi_HempButter_CardHelpSection,"<b>Dosing:</b> Choose your dose carefully.
<b>Mild:</b> Pleasant effects.
<b>Medium:</b> Strong effects, small anxiety risk.
<b>High:</b> Very strong effects, high anxiety risk.

<b>Warning:</b> Does not repel mosquitoes like burning does.","<b>剂量：</b>请谨慎选择剂量。
<b>小剂量：</b>效果温和，体验愉悦。
<b>中剂量：</b>效果强烈，轻微焦虑风险。
<b>大剂量：</b>效果极强，高度焦虑风险。

<b>注意：</b>不像燃烧那样能驱赶蚊虫。"
Herbs_And_Fungi_HempButter_CardName,Hemp Butter,大麻黄油
Herbs_And_Fungi_HempButter_DismantleActions0_ActionDescription,"Eat a small amount. Gentle effects, pleasant experience.",吃少量。效果温和，体验愉悦。
Herbs_And_Fungi_HempButter_DismantleActions0_ActionName,Consume Mild Dose,服用小剂量
Herbs_And_Fungi_HempButter_DismantleActions1_ActionDescription,Eat a moderate amount. Strong effects with small risk of anxiety.,吃适量。效果强烈，有轻微焦虑风险。
Herbs_And_Fungi_HempButter_DismantleActions1_ActionName,Consume Medium Dose,服用中剂量
Herbs_And_Fungi_HempButter_DismantleActions2_ActionDescription,Eat the entire portion. Extremely strong effects with HIGH risk of anxiety attack!,吃完整份。效果极其强烈，有极高焦虑发作风险！
Herbs_And_Fungi_HempButter_DismantleActions2_ActionName,Consume High Dose,服用大剂量
Herbs_And_Fungi_HempButter_SpecialDurability2_CardStatName,Quality,品质
Herbs_And_Fungi_HempButter_SpoilageTime_CardStatName,Spoilage,腐败
Herbs_And_Fungi_HempButter_SpoilageTime_OnFull_ActionDescription,Hemp Butter Spoiled!,大麻黄油已变质！
Herbs_And_Fungi_HempButter_UsageDurability_CardStatName,Doses,剂量
Herbs_And_Fungi_HempFlowerDried_CardDescription,Dried flowering tops with psychoactive properties. Can be ground into powder or burned on fires to create aromatic smoke with mood-enhancing effects.,干燥的花穗，含有精神活性成分。可研磨成粉或在火上燃烧，产生芳香烟雾，改善情绪。
Herbs_And_Fungi_HempFlowerDried_CardHelpSection,"<b>Processing:</b> Grind with rock for premium quality (+50), or use axes/knives/quern/mortar for standard quality (+25).

<b>燃烧：</b>在任何火上燃烧以产生改善情绪和减轻焦虑的烟雾。每朵花在室内空间增加5%烟雾。

<b>警告：</b>过多烟雾（3朵以上）尽管有心理益处但会变得有害。","<b>加工：</b>用岩石精细研磨可提升品质50点，或用斧头/刀/磨盘/研钵标准研磨提升25点。

<b>燃烧：</b>在任何火源上燃烧，产生改善情绪、减轻焦虑的烟雾。每朵花为室内增加5%烟雾。

<b>注意：</b>超过3朵花的烟雾会产生危害，尽管有精神益处。"
Herbs_And_Fungi_HempFlowerDried_CardInteractions[0]_ActionDescription,Premium grinding with rock. Increases quality by 50 and costs less effort.,用岩石精细研磨。品质提升50，耗费较少体力。
Herbs_And_Fungi_HempFlowerDried_CardInteractions[0]_ActionName,Grind,研磨
Herbs_And_Fungi_HempFlowerDried_CardInteractions[1]_ActionDescription,"Standard grinding with axes, knives, quern, or mortar. Increases quality by 25 but uses more energy.",用斧头、刀、磨盘或研钵标准研磨。品质提升25，但消耗较多体力。
Herbs_And_Fungi_HempFlowerDried_CardInteractions[1]_ActionName,Grind,研磨
Herbs_And_Fungi_HempFlowerDried_CardInteractions[2]_ActionDescription,"Burn on fire to create aromatic smoke. Improves mood and reduces anxiety. Outdoors: repels mosquitoes but alerts all animals in the area, preventing sneak attacks. Indoors: adds 5% smoke to enclosed spaces.",在火上燃烧，产生芳香烟雾。改善情绪，减轻焦虑。户外：驱赶蚊虫，但会惊动附近所有动物。室内：为封闭空间增加5%烟雾。
Herbs_And_Fungi_HempFlowerDried_CardInteractions[2]_ActionName,Burn,燃烧
Herbs_And_Fungi_HempFlowerDried_CardName,Dried Hemp Flower,干燥大麻花
Herbs_And_Fungi_HempFlowerDried_OnStatsChangeActions[0]_ActionName,Finish Rotary Quern Grinding,完成旋转磨盘研磨
Herbs_And_Fungi_HempFlowerDried_SpecialDurability2_CardStatName,Quality,品质
Herbs_And_Fungi_HempFlowerDried_SpecialDurability3_CardStatName,Mill,磨碎度
Herbs_And_Fungi_HempFlowerDried_SpoilageTime_CardStatName,Spoilage,腐败
Herbs_And_Fungi_HempFlowerDried_SpoilageTime_OnFull_ActionDescription,Dried Hemp Flower Spoiled!,干燥大麻花已变质！
Herbs_And_Fungi_HempFlowerPowder_CardDescription,Finely ground hemp flower powder with enhanced properties. The highest quality form of processed hemp flowers.,细磨大麻花粉末，效果增强。是加工大麻花的最高品质形态。
Herbs_And_Fungi_HempFlowerPowder_CardHelpSection,"<b>Quality:</b> Premium product with strongest effects.

<b>Storage:</b> Excellent preservation properties.","<b>品质：</b>优质产品，效果最强。

<b>储存：</b>保存性能优良。"
Herbs_And_Fungi_HempFlowerPowder_CardInteractions0_ActionDescription,Combine with fat or butter to create inactive hemp butter. Must be heated for 60-90 minutes to activate.,与脂肪或黄油混合，制作非活性大麻黄油。需加热60至90分钟以激活。
Herbs_And_Fungi_HempFlowerPowder_CardInteractions0_ActionName,Mix with Fat or Butter,与脂肪或黄油混合
Herbs_And_Fungi_HempFlowerPowder_CardInteractions1_ActionDescription,Burn with fire to create aromatic smoke. Improves mood and reduces anxiety.,在火上燃烧，产生芳香烟雾。改善情绪，减轻焦虑。
herbsfungigingercut_UsageDurability_StatName,Dry,干燥
herbsfungidriedreishi_OnStatsChangeActions[0]_ActionName,Finish Rotary Quern Grinding,完成旋转磨盘研磨
herbsfungidriedreishi_SpecialDurability3_CardStatName,Mill,磨碎度
herbsfungiyarrowdried_OnStatsChangeActions[0]_ActionName,Finish Rotary Quern Grinding,完成旋转磨盘研磨
herbsfungiyarrowdried_SpecialDurability3_CardStatName,Mill,磨碎度
Herbs_And_Fungi_HempFlowerPowder_CardInteractions1_ActionName,Burn,燃烧
Herbs_And_Fungi_HempFlowerPowder_CardName,Hemp Flower Powder,大麻花粉
Herbs_And_Fungi_HempFlowerPowder_SpecialDurability2_CardStatName,Quality,品质
Herbs_And_Fungi_HempFlowerPowder_SpoilageTime_CardStatName,Spoilage,腐败
Herbs_And_Fungi_HempFlowerPowder_SpoilageTime_OnFull_ActionDescription,Hemp Flower Powder Spoiled!,大麻花粉已变质！
Herbs_And_Fungi_HempFlower_CardDescription,Fragrant flowering tops of the hemp plant. Can be harvested for seeds or dried for preservation.,大麻植株的芳香花穗。可采收种子或晾干保存。
Herbs_And_Fungi_HempFlower_CardHelpSection,"<b>Uses:</b> Harvest seeds for planting.

<b>Drying:</b> Can be dried to preserve longer.","<b>用途：</b>采收种子用于种植。

<b>晾干：</b>可晾干以延长保存时间。"
Herbs_And_Fungi_HempFlower_CardInteractions_HarvestSeeds_ActionDescription,Extract seeds from the flower. Yields 1-3 seeds.,从花穗中提取种子，可得1至3颗种子。
Herbs_And_Fungi_HempFlower_CardInteractions_HarvestSeeds_ActionName,Harvest Seeds,采收种子
Herbs_And_Fungi_HempFlower_CardName,Hemp Flower,大麻花
Herbs_And_Fungi_HempFlower_SpecialDurability2_CardStatName,Quality,品质
Herbs_And_Fungi_HempFlower_SpoilageTime_CardStatName,Spoilage,腐败
Herbs_And_Fungi_HempFlower_SpoilageTime_OnFull_ActionDescription,Hemp Flower Spoiled!,大麻花已变质！
Herbs_And_Fungi_HempFlower_UsageDurability_CardStatName,Drying,干燥度
Herbs_And_Fungi_HempFlower_UsageDurability_OnFull_ActionDescription,Hemp Flower dried!,大麻花已干燥！
Herbs_And_Fungi_HempPlantGrowing_CardDescription,"A young hemp plant growing in a garden. Needs time to mature before harvesting stalks, flowers, and seeds.",一株在菜园中生长的幼小大麻植株。需要时间成熟，然后才能采收茎秆、花穗和种子。
Herbs_And_Fungi_HempPlantGrowing_CardHelpSection,"<b>Growth Time:</b> 7 days. 

<b>Produces:</b> Hemp stalks, flowers, and seeds when mature.","<b>生长时间：</b>7天。

<b>产出：</b>成熟时可获得大麻茎秆、花穗和种子。"
Herbs_And_Fungi_HempPlantGrowing_CardName,Growing Hemp Plant,生长中的大麻植株
Herbs_And_Fungi_HempPlantGrowing_DismantleActions_ActionName,Uproot,拔除
Herbs_And_Fungi_HempPlantGrowing_Progress_CardStatName,Growth,生长进度
Herbs_And_Fungi_HempPlantGrowing_Progress_OnFull_ActionDescription,Hemp Plant is Mature!,大麻植株已成熟！
Herbs_And_Fungi_HempPlantMature_CardDescription,A fully mature hemp plant ready for harvest. Pull the plant to collect stalks and flowers.,一株完全成熟、可以采收的大麻植株。拔取植株以收集茎秆和花穗。
Herbs_And_Fungi_HempPlantMature_CardHelpSection,<b>Harvest:</b> Pull to collect hemp stalks and flowers.,<b>采收：</b>拔取以收集大麻茎秆和花穗。
Herbs_And_Fungi_HempPlantMature_CardName,Mature Hemp Plant,成熟的大麻植株
Herbs_And_Fungi_HempPlantMature_DismantleActions_ActionDescription,Harvest the hemp plant for stalks and flowers.,采收大麻植株，获取茎秆和花穗。
Herbs_And_Fungi_HempPlantMature_DismantleActions_ActionName,Harvest,采收
Herbs_And_Fungi_HempSeedsRoasted_CardDescription,Nutritious roasted seeds. Can be eaten or used as seasoning.,富含营养的烤制种子。可直接食用或用作调味料。
Herbs_And_Fungi_HempSeedsRoasted_CardHelpSection,"<b>Found:</b> Roast raw hemp seeds on a fire. 

<b>Uses:</b> Food source, oil production, fiber cultivation.","<b>获取：</b>在火上烘烤生大麻籽。

<b>用途：</b>食物来源、榨油原料、纤维种植。"
Herbs_And_Fungi_HempSeedsRoasted_CardInteractions_Add_ActionName,Add,添加
Herbs_And_Fungi_HempSeedsRoasted_CardName,Roasted Hemp Seeds,烤大麻籽
Herbs_And_Fungi_HempSeedsRoasted_DismantleActions_Eat_ActionName,Eat,吃
Herbs_And_Fungi_HempSeedsRoasted_FuelCapacity_CardStatName,Temperature,温度
Herbs_And_Fungi_HempSeedsRoasted_SpoilageTime_CardStatName,Spoilage,腐败
Herbs_And_Fungi_HempSeedsRoasted_SpoilageTime_OnFull_ActionDescription,Roasted Hemp Seeds Spoiled!,烤大麻籽已变质！
Herbs_And_Fungi_HempSeeds_CardDescription,"Nutritious seeds from hemp plants. Can be eaten raw, pressed for oil, or planted to grow hemp fiber.",大麻植株上的营养种子。可生吃、压榨成油，或种植培育大麻纤维。
Herbs_And_Fungi_HempSeeds_CardHelpSection,"<b>Found:</b> Character creation perk. 

<b>Uses:</b> Food source, oil production, fiber cultivation.","<b>获取：</b>角色创建特权。

<b>用途：</b>食物来源、榨油和纤维种植。"
Herbs_And_Fungi_HempSeeds_CardInteractions_Add_ActionDescription,Plant a single hemp seed in a garden plot to grow an individual plant.,在花园地块中种下一颗大麻种子以种植单株植物。
Herbs_And_Fungi_HempSeeds_CardInteractions_Add_ActionName,Add,添加
Herbs_And_Fungi_HempSeeds_CardInteractions_Plant_ActionDescription,Plant 4 hemp seeds in a tilled field to start growing a hemp crop.,在耕地中种下4颗大麻种子以开始种植大麻作物。
Herbs_And_Fungi_HempSeeds_CardInteractions_Plant_ActionName,Plant,种植
Herbs_And_Fungi_HempSeeds_CardName,Hemp Seeds,大麻种子
Herbs_And_Fungi_HempSeeds_DismantleActions_Eat_ActionName,Eat,吃
Herbs_And_Fungi_HempSeeds_DismantleActions_Roast_ActionName,Roast,烤
Herbs_And_Fungi_HempSeeds_SpoilageTime_CardStatName,Spoilage,腐败
Herbs_And_Fungi_HempSeeds_SpoilageTime_OnFull_ActionDescription,Hemp Seeds Spoiled!,大麻籽已变质！
Herbs_And_Fungi_HempStalks_CardDescription,Can be processed to extract fibers for crafting.,可加工提取纤维用于制作。
Herbs_And_Fungi_HempStalks_CardHelpSection,"Hemp stalks contain strong fibers that can be extracted and used for making twine, rope, and fabric.",大麻茎含有强韧纤维，可提取后用于制作麻线、绳索和布料。
Herbs_And_Fungi_HempStalks_CardName,Hemp Stalks,大麻茎秆
Herbs_And_Fungi_HempStalks_DismantleActions_Extract_ActionDescription,Separate the fibers from the stalks.,将纤维从茎秆中分离出来。
Herbs_And_Fungi_HempStalks_DismantleActions_Extract_ActionName,Extract Fibers,提取纤维
Herbs_And_Fungi_HempStalks_SpecialDurability2_CardStatName,Quality,品质
Herbs_And_Fungi_HerbPipeAppleweed_CardDescription,A carved wooden pipe loaded with appleweed powder. Ready to smoke.,装填了苹果草粉末的雕刻木烟斗。随时可以吸食。
Herbs_And_Fungi_HerbPipeAppleweed_CardInteractions0_ActionDescription,Light and smoke the appleweed. Sweet and soothing effects.,点燃并吸食苹果草。甜蜜舒缓的效果。
Herbs_And_Fungi_HerbPipeAppleweed_CardInteractions0_ActionName,Smoke Appleweed,吸食苹果草
Herbs_And_Fungi_HerbPipeAppleweed_CardName,Herb Pipe (Appleweed),草药烟斗（苹果草）
Herbs_And_Fungi_HerbPipeAppleweed_DismantleActions0_ActionDescription,Dump out the appleweed powder without smoking it.,不吸食，直接倒出苹果草粉末。
Herbs_And_Fungi_HerbPipeAppleweed_DismantleActions0_ActionName,Empty Pipe,清空烟斗
Herbs_And_Fungi_HerbPipeAppleweed_OnZero,Pipe Empty!,烟斗已空！
Herbs_And_Fungi_HerbPipeAppleweed_SpecialDurability2_CardStatName,Quality,品质
Herbs_And_Fungi_HerbPipeFairyweed_CardDescription,A carved wooden pipe loaded with fairyweed powder. Ready to smoke.,装填了仙女草粉末的雕刻木烟斗。随时可以吸食。
Herbs_And_Fungi_HerbPipeFairyweed_CardInteractions0_ActionDescription,Light and smoke the fairyweed. Mystical and uplifting effects.,点燃并吸食仙女草。神秘振奋的效果。
Herbs_And_Fungi_HerbPipeFairyweed_CardInteractions0_ActionName,Smoke Fairyweed,吸食仙女草
Herbs_And_Fungi_HerbPipeFairyweed_CardName,Herb Pipe (Fairyweed),草药烟斗（仙女草）
Herbs_And_Fungi_HerbPipeFairyweed_DismantleActions0_ActionDescription,Dump out the fairyweed powder without smoking it.,不吸食，直接倒出仙女草粉末。
Herbs_And_Fungi_HerbPipeFairyweed_DismantleActions0_ActionName,Empty Pipe,清空烟斗
Herbs_And_Fungi_HerbPipeFairyweed_OnZero,Pipe Empty!,烟斗已空！
Herbs_And_Fungi_HerbPipeFairyweed_SpecialDurability2_CardStatName,Quality,品质
Herbs_And_Fungi_HerbPipeFrostleaf_CardDescription,A carved wooden pipe loaded with frostleaf powder. Ready to smoke.,装填了冰叶粉末的雕刻木烟斗。随时可以吸食。
Herbs_And_Fungi_HerbPipeFrostleaf_CardInteractions0_ActionDescription,Light and smoke the frostleaf. Cool and refreshing effects.,点燃并吸食冰叶。清凉爽神的效果。
Herbs_And_Fungi_HerbPipeFrostleaf_CardInteractions0_ActionName,Smoke Frostleaf,吸食冰叶
Herbs_And_Fungi_HerbPipeFrostleaf_CardName,Herb Pipe (Frostleaf),草药烟斗（冰叶）
Herbs_And_Fungi_HerbPipeFrostleaf_DismantleActions0_ActionDescription,Dump out the frostleaf powder without smoking it.,不吸食，直接倒出冰叶粉末。
Herbs_And_Fungi_HerbPipeFrostleaf_DismantleActions0_ActionName,Empty Pipe,清空烟斗
Herbs_And_Fungi_HerbPipeFrostleaf_OnZero,Pipe Empty!,烟斗已空！
Herbs_And_Fungi_HerbPipeFrostleaf_SpecialDurability2_CardStatName,Quality,品质
Herbs_And_Fungi_HerbPipeHemp_CardDescription,A carved wooden pipe loaded with hemp flower powder. Ready to smoke.,装填了大麻花粉的雕刻木烟斗。随时可以吸食。
Herbs_And_Fungi_HerbPipeHemp_CardInteractions0_ActionDescription,Light and smoke the hemp. Relaxing and calming effects.,点燃并吸食大麻。放松平静的效果。
Herbs_And_Fungi_HerbPipeHemp_CardInteractions0_ActionName,Smoke Hemp,吸食大麻
Herbs_And_Fungi_HerbPipeHemp_CardName,Herb Pipe (Hemp),草药烟斗（大麻）
Herbs_And_Fungi_HerbPipeHemp_DismantleActions0_ActionDescription,Dump out the hemp powder without smoking it.,不吸食，直接倒出大麻粉末。
Herbs_And_Fungi_HerbPipeHemp_DismantleActions0_ActionName,Empty Pipe,清空烟斗
Herbs_And_Fungi_HerbPipeHemp_OnZero,Pipe Empty!,烟斗已空！
Herbs_And_Fungi_HerbPipeHemp_SpecialDurability2_CardStatName,Quality,品质
Herbs_And_Fungi_HerbPipe_CardDescription,A carved wooden pipe for smoking herbal powders. Provides relaxing effects without filling the room with smoke.,用于吸食草药粉末的雕刻木烟斗。提供放松效果，不会让房间充满烟雾。
Herbs_And_Fungi_HerbPipe_CardHelpSection,"<b>Loading:</b> Add herbal powders (hemp, fairyweed, appleweed, frostleaf) to load the pipe.

<b>Smoking:</b> Drag lit tinder or candle onto pipe to smoke. Reusable.

<b>Benefits:</b> Discreet, no room smoke, portable relaxation.","<b>装填：</b>将草药粉（大麻花、仙草、苹果草、冰叶）加入烟斗。

<b>吸食：</b>将点燃的火绒或蜡烛拖到烟斗上即可吸食。可重复使用。

<b>效益：</b>低调，不产生房间烟雾，便携放松。"
Herbs_And_Fungi_HerbPipe_CardInteractions0_ActionDescription,Pack the pipe with hemp flower powder.,将大麻花粉装入烟斗。
Herbs_And_Fungi_HerbPipe_CardInteractions0_ActionName,Load: Hemp,装填：大麻
Herbs_And_Fungi_HerbPipe_CardInteractions1_ActionDescription,Pack the pipe with fairyweed powder.,将仙女草粉末装入烟斗。
Herbs_And_Fungi_HerbPipe_CardInteractions1_ActionName,Load: Fairyweed,装填：仙女草
Herbs_And_Fungi_HerbPipe_CardInteractions2_ActionDescription,Pack the pipe with appleweed powder.,将苹果草粉末装入烟斗。
Herbs_And_Fungi_HerbPipe_CardInteractions2_ActionName,Load: Appleweed,装填：苹果草
Herbs_And_Fungi_HerbPipe_CardInteractions3_ActionDescription,Pack the pipe with frostleaf powder.,将冰叶粉末装入烟斗。
Herbs_And_Fungi_HerbPipe_CardInteractions3_ActionName,Load: Frostleaf,装填：冰叶
Herbs_And_Fungi_HerbPipe_CardName,Herb Pipe,草药烟斗
Herbs_And_Fungi_HerbPipe_SpecialDurability2_CardStatName,Quality,品质
Herbs_And_Fungi_Spice_HempSeedsRoasted_SpiceName,Roasted Hemp Seeds,烤大麻籽
herbsfungiblackcurrant_CardName,Blackcurrants,黑醋栗
herbsfungiblackcurrant_CardDescription,"Small, intensely flavored dark berries with a sharp, earthy tartness. Rich in vitamins and antioxidants. Good raw, better dried or fermented.",富含维生素和抗氧化物的浓郁深色小浆果，味道浓烈而微涩。可直接食用，但晒干或发酵后更佳。
herbsfungiblackcurrant_CardHelpSection,"<b>Season:</b> Summer

<b>Found:</b> Birch forests, river banks, oak groves.

<b>Uses:</b> Eat raw, dry for long-term storage, or ferment into wine.

<b>Benefits:</b> Good nutrition and hydration.","<b>季节：</b>夏季

<b>出现地点：</b>桦树林、河岸、橡树林。

<b>用途：</b>生吃、晾干长期储存，或发酵成葡萄酒。

<b>益处：</b>营养丰富，补充水分。"
herbsfungiblackcurrant_SpoilageTime_CardStatName,Spoilage,新鲜度
herbsfungiblackcurrant_SpoilageTime_OnFull,Blackcurrants spoiled!,黑醋栗变质了！
herbsfungiblackcurrant_UsageDurability_CardStatName,Dryness,干燥度
herbsfungiblackcurrant_UsageDurability_OnFull,Blackcurrants dried!,黑醋栗晒干了！
herbsfungiblackcurrant_Eat_ActionName,Eat,食用
herbsfungiblackcurrant_Eat_ActionDescription,Eat the blackcurrants. Tart and nutritious.,食用黑醋栗。酸爽而营养。
herbsfungiblackcurrantdried_CardName,Dried Blackcurrants,晒干的黑醋栗
herbsfungiblackcurrantdried_CardDescription,"Shriveled dark blackcurrants with concentrated flavor and extended shelf life. Dense and chewy, good for long journeys.",皱缩的深色黑醋栗，味道浓缩，保质期长。质地紧实耐嚼，适合长途旅行携带。
herbsfungiblackcurrantdried_SpoilageTime_CardStatName,Spoilage,新鲜度
herbsfungiblackcurrantdried_SpoilageTime_OnFull,Dried blackcurrants lost their flavor.,晒干的黑醋栗失去了味道。
herbsfungiblackcurrantdried_Eat_ActionName,Eat,食用
herbsfungiblackcurrantdried_Eat_ActionDescription,Eat the dried blackcurrants. Chewy and concentrated.,食用晒干的黑醋栗。耐嚼而浓郁。
herbsfungiredcurrant_CardName,Redcurrants,红醋栗
herbsfungiredcurrant_CardDescription,"Bright red clusters of small, translucent berries with a sweet-tart flavor. Commonly found along oak forest edges and in clearings.",明亮的红色小浆果簇，晶莹剔透，甜酸适口。常见于橡树林边缘和空地处。
herbsfungiredcurrant_CardHelpSection,"<b>Season:</b> Summer

<b>Found:</b> Oak groves, birch forests, clearings.

<b>Uses:</b> Eat raw, dry for long-term storage, or ferment into wine.

<b>Benefits:</b> Good nutrition and hydration.","<b>季节：</b>夏季

<b>出现地点：</b>橡树林、桦树林、空地。

<b>用途：</b>生吃、晾干长期储存，或发酵成葡萄酒。

<b>益处：</b>营养丰富，补充水分。"
herbsfungiredcurrant_SpoilageTime_CardStatName,Spoilage,新鲜度
herbsfungiredcurrant_SpoilageTime_OnFull,Redcurrants spoiled!,红醋栗变质了！
herbsfungiredcurrant_UsageDurability_CardStatName,Dryness,干燥度
herbsfungiredcurrant_UsageDurability_OnFull,Redcurrants dried!,红醋栗晒干了！
herbsfungiredcurrant_Eat_ActionName,Eat,食用
herbsfungiredcurrant_Eat_ActionDescription,Eat the redcurrants. Sweet-tart and refreshing.,食用红醋栗。甜酸清爽。
herbsfungiredcurrantdried_CardName,Dried Redcurrants,晒干的红醋栗
herbsfungiredcurrantdried_CardDescription,Tangy dried redcurrants with a pleasant sweet-sour punch. Lightweight travel rations that keep for a very long time.,酸爽的晒干红醋栗，带有宜人的甜酸感。轻便的旅行干粮，保存时间极长。
herbsfungiredcurrantdried_SpoilageTime_CardStatName,Spoilage,新鲜度
herbsfungiredcurrantdried_SpoilageTime_OnFull,Dried redcurrants lost their flavor.,晒干的红醋栗失去了味道。
herbsfungiredcurrantdried_Eat_ActionName,Eat,食用
herbsfungiredcurrantdried_Eat_ActionDescription,Eat the dried redcurrants. Tangy and satisfying.,食用晒干的红醋栗。酸爽而令人满足。
herbsfungilingonberry_CardName,Lingonberries,越橘
herbsfungilingonberry_CardDescription,"Small, bright red berries found carpeting the forest floor under pine trees. Tart and slightly bitter raw, but excellent dried or fermented.",覆盖在松树下林地地面的鲜红色小浆果。生吃时酸涩微苦，但晒干或发酵后口感极佳。
herbsfungilingonberry_CardHelpSection,"<b>Season:</b> Late Summer to Autumn

<b>Found:</b> Pine forests, northern regions, pine meadows.

<b>Uses:</b> Eat raw, dry for long-term storage, or ferment.

<b>Benefits:</b> Abundant and reliable survival food.","<b>季节：</b>仲夏至秋季

<b>出现地点：</b>松树林、北部地区、松树草地。

<b>用途：</b>生吃、晾干长期储存，或发酵。

<b>益处：</b>数量充足，可靠的生存食物。"
herbsfungilingonberry_SpoilageTime_CardStatName,Spoilage,新鲜度
herbsfungilingonberry_SpoilageTime_OnFull,Lingonberries spoiled!,越橘变质了！
herbsfungilingonberry_UsageDurability_CardStatName,Dryness,干燥度
herbsfungilingonberry_UsageDurability_OnFull,Lingonberries dried!,越橘晒干了！
herbsfungilingonberry_Eat_ActionName,Eat,食用
herbsfungilingonberry_Eat_ActionDescription,Eat the lingonberries. Tart but filling.,食用越橘。酸涩但饱腹。
herbsfungilingonberrydried_CardName,Dried Lingonberries,晒干的越橘
herbsfungilingonberrydried_CardDescription,"Dried lingonberries with a pleasant tartness. A staple of northern survival — durable, lightweight, and nutritious.",带有宜人酸味的晒干越橘。北方求生必备品——耐储、轻便且营养丰富。
herbsfungilingonberrydried_SpoilageTime_CardStatName,Spoilage,新鲜度
herbsfungilingonberrydried_SpoilageTime_OnFull,Dried lingonberries lost their flavor.,晒干的越橘失去了味道。
herbsfungilingonberrydried_Eat_ActionName,Eat,食用
herbsfungilingonberrydried_Eat_ActionDescription,Eat the dried lingonberries. A reliable trail ration.,食用晒干的越橘。可靠的旅途干粮。
herbsfungicloudberry_CardName,Cloudberries,云莓
herbsfungicloudberry_CardDescription,"Rare golden-orange berries that grow only in the coldest northern bogs and meadows. Sweet, soft, and highly prized as a delicacy.",仅生长于最寒冷北方沼泽和草甸的稀有金橙色浆果。口感甜软，极为珍贵。
herbsfungicloudberry_CardHelpSection,"<b>Season:</b> Late Summer

<b>Found:</b> Northern regions, pine meadows only.

<b>Uses:</b> Eat raw, dry for long-term storage, or ferment.

<b>Benefits:</b> Excellent nutrition. Rare and rewarding find.","<b>季节：</b>仲夏

<b>出现地点：</b>仅限北部地区和松树草地。

<b>用途：</b>生吃、晾干长期储存，或发酵。

<b>益处：</b>营养极佳，稀有而珍贵的发现。"
herbsfungicloudberry_SpoilageTime_CardStatName,Spoilage,新鲜度
herbsfungicloudberry_SpoilageTime_OnFull,Cloudberries spoiled!,云莓变质了！
herbsfungicloudberry_UsageDurability_CardStatName,Dryness,干燥度
herbsfungicloudberry_UsageDurability_OnFull,Cloudberries dried!,云莓晒干了！
herbsfungicloudberry_Eat_ActionName,Eat,食用
herbsfungicloudberry_Eat_ActionDescription,"Eat the cloudberries. Soft, sweet, and highly nutritious.",食用云莓。口感软糯，甜蜜可口，营养丰富。
herbsfungicloudberrydried_CardName,Dried Cloudberries,晒干的云莓
herbsfungicloudberrydried_CardDescription,Carefully dried cloudberries with intensified sweetness and remarkable keeping quality. A precious long-term ration from a rare ingredient.,精心晒制的云莓，甜味更为浓郁，保存性能出色。由稀有食材制成的珍贵长期口粮。
herbsfungicloudberrydried_SpoilageTime_CardStatName,Spoilage,新鲜度
herbsfungicloudberrydried_SpoilageTime_OnFull,Dried cloudberries lost their flavor.,晒干的云莓失去了味道。
herbsfungicloudberrydried_Eat_ActionName,Eat,食用
herbsfungicloudberrydried_Eat_ActionDescription,Eat the dried cloudberries. Sweet and highly sustaining.,食用晒干的云莓。甜美且极为饱腹。
herbsfungiwildflowers_CardName,Wild Flowers,野花
herbsfungiwildflowers_CardDescription,A small bundle of colourful wildflowers. Dry them to craft flower garlands.,一小束色彩斑斓的野花。晾干后可制作花环。
herbsfungiwildflowers_CardHelpSection,Wild Flowers,<b>用途：</b>晾干后制作花环。
herbsfungiwildflowers_SpoilageTime_StatName,Spoilage,新鲜度
herbsfungiwildflowers_SpoilageTime_OnFull,The flowers have wilted and crumbled.,花朵已枯萎凋零。
herbsfungiwildflowers_UsageDurability_StatName,Dry,干燥度
herbsfungiwildflowers_UsageDurability_OnFull,"The flowers have dried, preserving their colour and form.",花朵已干燥，保留了原有的色彩和形态。
herbsfungiwildflowersdried_CardName,Dried Wild Flowers,干野花
herbsfungiwildflowersdried_CardDescription,Carefully dried wildflowers. Craft them with rope into a flower garland.,精心晾干的野花。可与绳子制作成花环。
herbsfungiwildflowersdried_CardHelpSection,Dried Wild Flowers,<b>用途：</b>与绳子制作花环。
herbsfungiwildflowersdried_SpoilageTime_StatName,Spoilage,腐败
herbsfungiwildflowersdried_SpoilageTime_OnFull,The dried flowers have finally crumbled to dust.,干花终于碎成粉尘。
herbsfungidandelion_CardName,Dandelion,蒲公英
herbsfungidandelion_CardDescription,A common but versatile plant. Mildly edible and good for fermenting.,一种常见但用途广泛的植物。可轻微食用，适合发酵。
herbsfungidandelion_CardHelpSection,Dandelion,<b>用途：</b>可食用，晾干用于泡茶或发酵。
herbsfungidandelion_SpoilageTime_StatName,Spoilage,腐败
herbsfungidandelion_SpoilageTime_OnFull,The dandelion has wilted and rotted.,蒲公英已枯萎腐烂。
herbsfungidandelion_UsageDurability_StatName,Dry,干燥度
herbsfungidandelion_UsageDurability_OnFull,The dandelion has dried properly.,蒲公英已适当干燥。
herbsfungidandelion_Eat,Eat,吃
herbsfungidandelion_Eat_Desc,Eat the dandelion. Slightly bitter but nutritious.,吃新鲜蒲公英。略带苦味，但富含营养。
herbsfungidandeliondried_CardName,Dried Dandelion,干蒲公英
herbsfungidandeliondried_CardDescription,Dried dandelion flowers. Eat them directly or steep them in hot water for mild herbal tea.,晾干的蒲公英花。可直接食用或用热水泡制温和的草药茶。
herbsfungidandeliondried_CardHelpSection,Dried Dandelion,<b>用途：</b>发酵原料，或用热水泡制草药茶。
herbsfungidandeliondried_SpoilageTime_StatName,Spoilage,腐败
herbsfungidandeliondried_SpoilageTime_OnFull,The dried dandelion has finally crumbled away.,干蒲公英终于碎裂消散。
herbsfungidandeliondried_Eat,Eat,吃
herbsfungidandeliondried_Eat_Desc,"Eat the dried dandelion flowers. More concentrated than fresh, with a pleasantly bitter flavour.",吃干蔗公英花。比新鲜时更浓缩，带有令人愉悦的苦味。
herbsfungidandeliondried_MixTea,Mix into Hot Water,混入热水
herbsfungidandeliondried_MixTea_Desc,Steep dried dandelion in hot water to brew a mild herbal tea.,将干蒲公英泡入热水中制成温和的草药茶。
herbsfungidandeliondried_MixTea_FailMessage,Not hot enough.,水温不够热。
herbsfungicommonplantain_CardName,Common Plantain,宽叶车前草
herbsfungicommonplantain_CardDescription,A wide-leafed medicinal herb. Dry for use in wound poultices.,一种宽叶药用草本植物。晾干后可用于伤口湿敷。
herbsfungicommonplantain_CardHelpSection,Common Plantain,<b>用途：</b>晾干后制作伤口湿敷剂。
herbsfungicommonplantain_SpoilageTime_StatName,Spoilage,腐败
herbsfungicommonplantain_SpoilageTime_OnFull,The plantain leaves have rotted.,车前草叶已腐烂。
herbsfungicommonplantain_UsageDurability_StatName,Dry,干燥度
herbsfungicommonplantain_UsageDurability_OnFull,"The plantain leaves have dried, concentrating their medicinal properties.",车前草叶已干燥，药效更加浓缩。
herbsfungicommonplantaindried_CardName,Dried Common Plantain,干宽叶车前草
herbsfungicommonplantaindried_CardDescription,Dried plantain leaves. A key ingredient for wound poultices.,晾干的车前草叶。伤口湿敷剂的关键原料。
herbsfungicommonplantaindried_CardHelpSection,Dried Common Plantain,<b>用途：</b>制作伤口湿敷剂。
herbsfungicommonplantaindried_SpoilageTime_StatName,Spoilage,腐败
herbsfungicommonplantaindried_SpoilageTime_OnFull,The dried plantain has crumbled away.,干车前草已碎裂消散。
herbsfungidandeliontea_CardName,Dandelion Tea,蒲公英茶
herbsfungidandeliontea_CardDescription,A mild herbal tea brewed from dried dandelions. Restores a little hydration and eases stress.,用干蒲公英泡制的温和草药茶。恢复少量水分并缓解压力。
herbsfungidandeliontea_SpoilageTime_StatName,Spoilage,腐败
herbsfungidandeliontea_Spoiled,The dandelion tea has spoiled.,蒲公英茶已变质。
herbsfungidandeliontea_Drink,Drink,饮用
herbsfungidandeliontea_Drink_Desc,Drink the mild dandelion tea. Restores a little hydration and eases stress.,饮用温和的蒲公英茶。恢复少量水分并缓解压力。
Herbs_And_Fungi_Bp_FlowerGarland_CardName,Flower Garland,花环
Herbs_And_Fungi_Bp_FlowerGarland_CardDescription,Tie dried wild flowers onto a length of rope to make a simple garland. Hanging it gives a small morale boost.,将干野花系在绳子上制成简单花环。悬挂它可带来小幅心情提升。
Herbs_And_Fungi_Bp_FlowerGarland_UnlockConditionsDesc,Unlocked after obtaining Dried Wild Flowers,获得干野花后解锁
herbsfungiflowergarland_CardName,Flower Garland,花环
herbsfungiflowergarland_CardDescription,Dried wild flowers tied into a simple garland. Hang it nearby for a small moment of comfort.,由干野花编成的简单花环。悬挂在附近可带来片刻安慰。
herbsfungiflowergarland_Hang,Hang Garland,悬挂花环
herbsfungiflowergarland_Hang_Desc,Hang the garland and enjoy the color. Eases stress a little.,悬挂花环并欣赏色彩。稍微缓解压力。
Herbs_And_Fungi_Bp_PlantainPoultice_CardName,Plantain Poultice,车前草湿敷剂
Herbs_And_Fungi_Bp_PlantainPoultice_CardDescription,Mash dried common plantain in a clay bowl to make a simple wound poultice. Apply directly to ease pain and inflammation.,在陶碗中捣碎干车前草，制成简单的伤口湿敷剂。直接涂抹以缓解疼痛和炎症。
Herbs_And_Fungi_Bp_PlantainPoultice_UnlockConditionsDesc,Unlocked after obtaining Dried Common Plantain,获得干宽叶车前草后解锁
herbsfungiplantainpoultice_CardName,Plantain Poultice,车前草湿敷剂
herbsfungiplantainpoultice_CardDescription,A simple poultice made from mashed common plantain. Apply it to ease pain and inflammation.,由捣碎车前草制成的简单湿敷剂。涂抹可缓解疼痛和炎症。
herbsfungiplantainpoultice_SpoilageTime_StatName,Spoilage,腐败
herbsfungiplantainpoultice_SpoilageTime_Spoiled,The plantain poultice has spoiled.,车前草湿敷剂已变质。
herbsfungiplantainpoultice_Apply,Apply Poultice,涂抹湿敷剂
herbsfungiplantainpoultice_Apply_Desc,Apply the plantain poultice to tender skin and small wounds.,将车前草湿敷剂涂抹在敏感皮肤和小伤口上。
herbsfungichamomile_CardName,Chamomile,洋甘菊
herbsfungichamomile_CardDescription,Delicate white flowers with a gentle apple-like scent. Mildly edible.,娇嫩的白色花朵，带有温和的苹果般香气。可轻微食用。
herbsfungichamomile_CardHelpSection,Chamomile,<b>用途：</b>可食用，晾干后泡茶或入药。
herbsfungichamomile_SpoilageTime_StatName,Spoilage,腐败
herbsfungichamomile_SpoilageTime_OnFull,The chamomile has wilted and rotted.,洋甘菊已枯萎腐烂。
herbsfungichamomile_UsageDurability_StatName,Dry,干燥度
herbsfungichamomile_UsageDurability_OnFull,The chamomile flowers have dried perfectly.,洋甘菊花已完美晾干。
herbsfungichamomile_Eat,Eat,吃
herbsfungichamomile_Eat_Desc,Eat the fresh chamomile flowers. Pleasantly aromatic and mildly nutritious.,吃新鲜洋甘菊花。清香宜人，略有营养。
herbsfungichamomiledried_CardName,Dried Chamomile,干洋甘菊
herbsfungichamomiledried_CardDescription,Dried chamomile flowers. Soothing and slightly calming. Steep them in hot water to brew tea.,晾干的洋甘菊花。舒缓镇静，可用热水泡茶。
herbsfungichamomiledried_CardHelpSection,Dried Chamomile,<b>用途：</b>用热水泡制舒缓茶饮，减轻压力。
herbsfungichamomiledried_SpoilageTime_StatName,Spoilage,腐败
herbsfungichamomiledried_SpoilageTime_OnFull,The dried chamomile has finally crumbled away.,干洋甘菊终于碎裂消散。
herbsfungichamomiledried_Eat,Eat,吃
herbsfungichamomiledried_Eat_Desc,Consume the dried chamomile. Its soothing properties help ease tension.,食用干洋甘菊。其舒缓特性有助缓解紧张情绪。
herbsfungichamomiledried_MixTea,Mix into Hot Water,混入热水
herbsfungichamomiledried_MixTea_Desc,Steep dried chamomile in hot water to brew a soothing tea.,将干洋甘菊泡入热水中制成舒缓茶饮。
herbsfungichamomiledried_MixTea_FailMessage,Not hot enough.,水温不够热。
herbsfungichamomiletea_CardName,Chamomile Tea,洋甘菊茶
herbsfungichamomiletea_CardDescription,A calming herbal tea brewed from dried chamomile flowers. Eases stress and soothes the mind.,用干洋甘菊花冲泡的舒缓草药茶。缓解压力，平静心神。
herbsfungichamomiletea_SpoilageTime_StatName,Spoilage,腐败
herbsfungichamomiletea_Spoiled,The chamomile tea has spoiled.,洋甘菊茶已变质。
herbsfungichamomiletea_Drink,Drink,喝
herbsfungichamomiletea_Drink_Desc,Drink the calming chamomile tea. Reduces stress and soothes the spirit.,饮用舒缓的洋甘菊茶。减轻压力，抚慰精神。
herbsfungihealersmosstincture_CardName,Healer's Moss Tincture,疗伤地衣酊剂
herbsfungihealersmosstincture_CardDescription,A concentrated extract of healer's moss pressed in a clay bowl. Potent antiseptic properties help fight infection.,将疗伤地衣在粘土碗中压榨提取的浓缩物。强效防腐特性有助于对抗感染。
herbsfungihealersmosstincture_SpoilageTime_StatName,Spoilage,腐败
herbsfungihealersmosstincture_Spoiled,The healer's moss tincture has spoiled.,疗伤地衣酊剂已变质。
herbsfungihealersmosstincture_Drink,Drink,饮用
herbsfungihealersmosstincture_Drink_Desc,"Drink the tincture. Bitter and mossy, but it fights infection.",饮用酊剂。苦涩且带苔藓味，但能对抗感染。
Herbs_And_Fungi_Bp_HealersMossTincture_CardName,Healer's Moss Tincture,疗伤地衣酊剂
Herbs_And_Fungi_Bp_HealersMossTincture_CardDescription,Press 3 healer's moss into a clay bowl at the oil press to extract a powerful antiseptic tincture. Fights infection effectively.,在榨油机中将3块疗伤地衣压入粘土碗中，提取强效防腐酊剂。有效对抗感染。
Herbs_And_Fungi_Bp_HealersMossTincture_UnlockConditionsDesc,Unlocked after obtaining Healer's Moss and an Oil Press,获得疗伤地衣及压油机后解锁
HF_ForagingPath_CardName,Foraging Path,觅食小径
HF_Env_ForagingPath_CardName,Foraging Path,觅食小径
HF_PineClearing_CardName,Pine Clearing,松树空地
HF_Env_PineClearing_CardName,Pine Clearing,松树空地
HF_OakClearing_CardName,Oak Clearing,橡树空地
HF_Env_OakClearing_CardName,Oak Clearing,橡树空地
HF_AlderWoods_CardName,Alder Woods,桤木林
HF_Env_AlderWoods_CardName,Alder Woods,桤木林
HF_HighlandMeadow_CardName,Highland Meadow,高地草甸
HF_Env_HighlandMeadow_CardName,Highland Meadow,高地草甸
herbsfungiblacktrumpetdried_SpoilageTime_CardStatName,Spoilage,新鲜度
herbsfungiblacktrumpetdried_SpoilageTime_OnEmpty,This has spoiled.,已变质。
herbsfungidriedginger_SpoilageTime_CardStatName,Spoilage,新鲜度
herbsfungidriedginger_SpoilageTime_OnEmpty,This has spoiled.,已变质。
herbsfungidriedtruffle_SpoilageTime_CardStatName,Spoilage,新鲜度
herbsfungidriedtruffle_SpoilageTime_OnEmpty,This has spoiled.,已变质。
herbsfungidriedtrufflecut_SpoilageTime_CardStatName,Spoilage,新鲜度
herbsfungidriedtrufflecut_SpoilageTime_OnEmpty,This has spoiled.,已变质。
herbsfungidriedtrufflecutfatcoated_SpoilageTime_CardStatName,Spoilage,新鲜度
herbsfungidriedtrufflecutfatcoated_SpoilageTime_OnEmpty,This has spoiled.,已变质。
herbsfungishiitakedried_SpoilageTime_CardStatName,Spoilage,新鲜度
herbsfungishiitakedried_SpoilageTime_OnEmpty,This has spoiled.,已变质。
herbsfungiyarrowdried_SpoilageTime_CardStatName,Spoilage,新鲜度
herbsfungiyarrowdried_SpoilageTime_OnEmpty,This has spoiled.,已变质。
herbsfungimushroombroth_CardName,Mushroom Broth,蘑菇汤
herbsfungimushroombroth_CardDescription,"A bowl of rich, earthy broth simmered from dried shiitake and king oyster mushrooms. Warming, nourishing, and deeply satisfying.",一碗用干香菇和杏鲍菇慢燉而成的浓郁土浑风味汤。温暖滋补，令人十分满足。
herbsfungimushroombroth_CardHelpSection,"<b>Made by:</b> Blueprint: Mushroom Broth

<b>Uses:</b> Drink for strong nutrition and hydration.

<b>Benefits:</b> High hydration, solid satiation, mild stress relief. Earthy and savoury flavor profile.","<b>制作：</b> 蓝图：蘑菇汤

<b>用途:</b> 饮用可获得丰富营养并补充水分。

<b>优点:</b> 高保水性，饱腹感强，轻微缓解压力。风味浓郁鲜美。"
herbsfungimushroombroth_SpoilageTime_StatName,Spoilage,腐败
herbsfungimushroombroth_Spoiled,The mushroom broth has spoiled.,蘑菇汤已变质。
herbsfungimushroombroth_Drink,Drink,饮用
herbsfungimushroombroth_Drink_Desc,Drink the mushroom broth. Earthy and warming.,饮用蘑菇汤。风味浓郁温暖。
Herbs_And_Fungi_Bp_MushroomBroth_CardName,Mushroom Broth,蘑菇汤
Herbs_And_Fungi_Bp_MushroomBroth_CardDescription,"Simmer dried shiitake and king oyster mushrooms in a clay bowl to make a rich, earthy mushroom broth. Warming and deeply nourishing.",将干香菇和干杏鲍菇放入陶碗中慢燉，制成浓郁的蘑菇汤。温暖滋补。
Herbs_And_Fungi_Bp_MushroomBroth_UnlockConditionsDesc,Unlocked after obtaining Dried Shiitake and Dried King Oyster,获得干香菇和干杏鲍菇后解锁
herbsfungihealersmosstincture_CardHelpSection,"<b>Made by:</b> Blueprint: Healer's Moss Tincture

<b>Uses:</b> Drink to reduce infection.

<b>Benefits:</b> Strong infection reduction. Bitter taste.","<b>制作：</b> 蓝图：疗伤地衣酪剂

<b>用途:</b> 饮用可减轻感染。

<b>优点:</b> 显著减轻感染。味苦。"
HF_MistyFalls_CardName,Misty Falls,迷雾瀑布
HF_Env_MistyFalls_CardName,Misty Falls,迷雾瀑布
Herbs_And_Fungi_Perk_ForestScout_PerkName,Forest Scout,森林侦查者
Herbs_And_Fungi_Perk_ForestScout_PerkDescription,"You know where the old foraging trails begin, west of Primeval Woods — years scouting these woods sharpened your eye for what's worth picking, granting a steady foraging bonus. An Overgrown Forest Trail waits at Primeval Woods: hack it clear with a blade to open the way in. Left untended it regrows in about ten days, so keep your blade sharp. A portal will always take you straight to the forest if the trail closes on you.",你知道古老觅食小径的起点，就在原初森林以西——多年在这片森林中侦察的经历练就了你识别可采集之物的眼力，带来稳定的觅食加成。原初森林处有一条杂草丛生的森林小径：用刀砍清即可开辟进入的道路。若放任不管，大约十天后会重新长满，所以要保持刀刃锋利。如果小径被堵，传送门总能带你直达森林。
Herbs_And_Fungi_OvergrownForestTrail_CardName,Overgrown Forest Trail,杂草丛生的森林小径
Herbs_And_Fungi_OvergrownForestTrail_CardDescription,"Brush and bramble have swallowed the old forest trail. Hack it clear with a blade, axe, shovel, or antler to reopen the way through.",灌木和荆棘已吞没了这条森林旧径。用刀、斧头、铲子或鹿角砍清即可重新打通道路。
Herbs_And_Fungi_OvergrownForestTrail_Hack_ActionName,Hack Through,砍开
Herbs_And_Fungi_OvergrownForestTrail_Hack_ActionDescription,"Cut back the brush with a blade, axe, shovel, or antler to clear the trail and reopen the foot route.",用刀、斧头、铲子或鹿角砍除灌木，清理小径并重新开通步行路线。
Herbs_And_Fungi_ClearedForestTrail_CardName,Cleared Forest Trail,已清理的森林小径
Herbs_And_Fungi_ClearedForestTrail_CardDescription,"The forest trail is open. Left untended, the brush will creep back over it in about ten days — keep a blade handy.",森林小径已开通。若放任不管，灌木大约十天后会重新蔓延——随身带把刀备用。
Herbs_And_Fungi_ClearedForestTrail_CardHelpSection,"<b>Regrowth:</b> About 10 days. When the Regrowth bar fills, the trail becomes overgrown again and the foot route closes until you hack it clear once more.",<b>再生:</b> 约10天。再生条填满后，小径会重新长满杂草，步行路线将关闭，直到你再次砍清为止。
Herbs_And_Fungi_ClearedForestTrail_Regrowth_CardStatName,Regrowth,再生
Herbs_And_Fungi_ClearedForestTrail_Regrowth_OnFull_ActionDescription,The forest trail has grown over again.,森林小径再次长满杂草了。
Herbs_And_Fungi_PeanutPod_CardName,Peanut Pod,花生荚
Herbs_And_Fungi_PeanutPod_CardDescription,Clumps of peanut pods just dug from the soil. Still caked in dirt — rinse them in water before shelling.,刚从土里挖出的一簇簇花生荚，还沾满泥土——去壳前先用水冲洗干净。
Herbs_And_Fungi_PeanutPod_CardHelpSection,"<b>Found:</b> Foraging in oak groves, pine forests, and clearings (spring–fall).

<b>Processing:</b> Drag a water container onto the pods to rinse them, then use Shell to get raw peanuts.","<b>获取:</b> 在橡树林、松树林和林间空地迄食（春季至秋季）。

<b>处理:</b> 将水容器拖到花生荚上冲洗，然后使用去壳获得生花生。"
Herbs_And_Fungi_PeanutPod_CardInteractions_Rinse_ActionName,Rinse,冲洗
Herbs_And_Fungi_PeanutPod_CardInteractions_Rinse_ActionDescription,Rinse the soil from the pods with water.,用水冲洗掉花生荚上的泥土。
Herbs_And_Fungi_PeanutPod_SpoilageTime_CardStatName,Spoilage,新鲜度
Herbs_And_Fungi_PeanutPod_SpoilageTime_OnFull_ActionDescription,The peanut pods have rotted.,花生荚已腐烂。
Herbs_And_Fungi_PeanutPodWashed_CardName,Washed Peanut Pod,洗净的花生荚
Herbs_And_Fungi_PeanutPodWashed_CardDescription,"Clean peanut pods, ready to shell. Crack them open to get the raw peanuts inside.",干净的花生荚，可以去壳了。掰开即可取出里面的生花生。
Herbs_And_Fungi_PeanutPodWashed_CardHelpSection,"<b>Made from:</b> Rinsing a Peanut Pod with a water container.

<b>Next step:</b> Use Shell to crack open the pods and get raw peanuts. They spoil faster once wet, so shell them promptly.","<b>制作：</b> 用水容器冲洗花生荚而成。

<b>下一步:</b> 使用去壳掰开花生荚获得生花生。沾湿后腐坏更快，请尽快去壳。"
Herbs_And_Fungi_PeanutPodWashed_DismantleActions_Shell_ActionName,Shell,去壳
Herbs_And_Fungi_PeanutPodWashed_SpoilageTime_CardStatName,Spoilage,新鲜度
Herbs_And_Fungi_PeanutPodWashed_SpoilageTime_OnFull_ActionDescription,The wet peanut pods have rotted.,沾湿的花生荚已腐烂。
Herbs_And_Fungi_RawPeanuts_CardName,Raw Peanuts,生花生
Herbs_And_Fungi_RawPeanuts_CardDescription,"Shelled peanuts, edible raw but better roasted. Rich in fat and protein, though they leave your mouth dry.",去壳的花生，可以生吃，但烤过更好吃。富含脂肪和蛋白质，不过吃了嘴会有点干。
Herbs_And_Fungi_RawPeanuts_CardHelpSection,"<b>Made from:</b> Shelling a Washed Peanut Pod.

<b>Uses:</b> Eat raw for moderate nourishment, or place on a fire and use Roast for a richer nutritional boost. Keeps for about a month.","<b>制作：</b> 剥开洗净的花生荚而成。

<b>用途:</b> 生吃可获得适度营养，或放在火上使用烘烤获得更丰富的营养。可保存约一个月。"
Herbs_And_Fungi_RawPeanuts_DismantleActions_Eat_ActionName,Eat,吃
Herbs_And_Fungi_RawPeanuts_DismantleActions_Roast_ActionName,Roast,烤
Herbs_And_Fungi_RawPeanuts_SpoilageTime_CardStatName,Spoilage,新鲜度
Herbs_And_Fungi_RawPeanuts_SpoilageTime_OnFull_ActionDescription,The raw peanuts have gone rancid.,生花生已经变质。
Herbs_And_Fungi_RoastedPeanuts_CardName,Roasted Peanuts,烤花生
Herbs_And_Fungi_RoastedPeanuts_CardDescription,"Warm, fragrant peanuts roasted over a fire. Packed with fat and protein — a dense, satisfying meal, though you'll want water nearby.",在火上烤得温热喷香的花生。富含脂肪和蛋白质——扮实饱腹，不过最好备些水在旁。
Herbs_And_Fungi_RoastedPeanuts_CardHelpSection,"<b>Made from:</b> Roasting Raw Peanuts on a fire (2 hours).

<b>Uses:</b> Eat for a substantial fat and protein boost. High in calories, but very drying — have water on hand. Keeps for over a month.

<b>Grind:</b> Grind with any grinding tool into Peanut Butter.

<b>Trail Mix:</b> Combine with dried billberries (Cooking tab) for a travel ration.","<b>制作：</b> 将生花生放在火上烘烤而成（2小时）。

<b>用途:</b> 食用可获得大量脂肪和蛋白质。热量高，但十分干燥——请备水在旁。可保存一个多月。

<b>研磨:</b> 用任意研磨工具磨成花生酱。

<b>什锦干粮:</b> 与干蓝莓（烹饪标签）搭配制成行军干粮。"
Herbs_And_Fungi_RoastedPeanuts_DismantleActions_Eat_ActionName,Eat,吃
Herbs_And_Fungi_RoastedPeanuts_SpoilageTime_CardStatName,Spoilage,新鲜度
Herbs_And_Fungi_RoastedPeanuts_SpoilageTime_OnFull_ActionDescription,The roasted peanuts have gone rancid.,烤花生已经变质。
Herbs_And_Fungi_RoastedPeanuts_Grind_ActionName,Grind,研磨
Herbs_And_Fungi_RoastedPeanuts_Grind_ActionDescription,Grind the roasted peanuts into peanut butter.,将烤花生研磨成花生酱。
Herbs_And_Fungi_PeanutOil_CardName,Peanut Oil,花生油
Herbs_And_Fungi_PeanutOil_CardDescription,"Cold-pressed oil extracted from raw peanuts, served in a clay bowl. Nutty and rich. Eat it, season food with it, or render it into lamp oil.",用生花生冷榞提取的油，盛在陶碗中。坚果香浓郁。可直接食用、给食物调味，或熟制成灯油。
Herbs_And_Fungi_PeanutOil_CardHelpSection,"<b>Crafted:</b> By pressing 3 Raw Peanuts + Clay Bowl on a placed Oil Press.

<b>Uses:</b> Eat directly (returns empty clay bowl), drag onto food to season, or render over a fire into lamp oil.","<b>制作：</b> 在已放置的榞油机上用3个生花生+陶碗压榞而成。

<b>用途:</b> 直接食用（返还空陶碗），拖到食物上调味，或在火上熟制成灯油。"
Herbs_And_Fungi_PeanutOil_Eat_ActionName,Eat,吃
Herbs_And_Fungi_Bp_OilPressPeanuts_CardName,Press Peanuts,压榞花生
Herbs_And_Fungi_Bp_OilPressPeanuts_CardDescription,Crush 3 raw peanuts in the press and collect in a clay bowl to extract peanut oil.,在榞油机中压碎3个生花生，用陶碗收集榞出的花生油。
Herbs_And_Fungi_Bp_OilPressPeanuts_UnlockConditionsDesc,Oil Press Needed,需要榞油机
Herbs_And_Fungi_PeanutButter_CardName,Peanut Butter,花生酱
Herbs_And_Fungi_PeanutButter_CardDescription,"Roasted peanuts ground into a thick, rich paste. Dense fat and protein in every bite — sticks to the roof of your mouth, so keep water close.",烤花生磨成浓稠香醇的酱。每一口都富含脂肪和蛋白质——容易粘在上颚，请备水在旁。
Herbs_And_Fungi_PeanutButter_CardHelpSection,"<b>Made from:</b> Grinding Roasted Peanuts with any grinding tool.

<b>Uses:</b> Eat for a hearty fat and protein meal. Very drying — have water on hand. Keeps for two months.","<b>制作：</b> 用任意研磨工具研磨烤花生而成。

<b>用途:</b> 食用可获得丰盛的脂肪和蛋白质。十分干燥——请备水在旁。可保存两个月。"
Herbs_And_Fungi_PeanutButter_DismantleActions_Eat_ActionName,Eat,吃
Herbs_And_Fungi_PeanutButter_SpoilageTime_CardStatName,Spoilage,新鲜度
Herbs_And_Fungi_PeanutButter_SpoilageTime_OnFull_ActionDescription,The peanut butter has gone rancid.,花生酱已经变质。
Herbs_And_Fungi_TrailMix_CardName,Forager's Trail Mix,觅食者什锦干粮
Herbs_And_Fungi_TrailMix_CardDescription,"Roasted peanuts tossed with dried berries — a light, dense ration made for a day on the trail.",烤花生拌干浆果——轻便扮实的口粮，适合旅途一整天食用。
Herbs_And_Fungi_TrailMix_CardHelpSection,"<b>Made from:</b> 2 Roasted Peanuts + 2 Dried Billberries (Cooking tab).

<b>Uses:</b> Eat on the go — solid calories and fat without the thirst of plain roasted peanuts. Keeps for two months.","<b>制作：</b> 2个烤花生 + 2个干蓝莓（烹饪标签）。

<b>用途:</b> 随时食用——提供扮实的热量和脂肪，且不像纯烤花生那样容易口渴。可保存两个月。"
Herbs_And_Fungi_TrailMix_DismantleActions_Eat_ActionName,Eat,吃
Herbs_And_Fungi_TrailMix_SpoilageTime_CardStatName,Spoilage,新鲜度
Herbs_And_Fungi_TrailMix_SpoilageTime_OnFull_ActionDescription,The trail mix has gone stale and moldy.,什锦干粮已经变质发霉。
Herbs_And_Fungi_Bp_TrailMix_CardName,Forager's Trail Mix,觅食者什锦干粮
Herbs_And_Fungi_Bp_TrailMix_CardDescription,Toss 2 roasted peanuts with 2 dried billberries to make 2 portions of trail ration.,将2个烤花生与2个干蓝莓拌在一起，制成2份行军干粮。
Herbs_And_Fungi_Bp_TrailMix_UnlockConditionsDesc,Roasted Peanuts Needed,需要烤花生
