Herbs_And_Fungi_Perk_SeedBag_PerkDescription,"Start with variety seeds: 2 Hemp (edible, roastable, grows for fiber & flowers), 2 Rye, 2 Flax, 2 Peas, 2 Wheat. Plant in tilled soil for crops."
Herbs_And_Fungi_Perk_SeedBag_PerkName,Seed Bag
Herbs_And_Fungi_Perk_DryingKit_PerkDescription,"Start with a wooden drying stack (3 tray slots) and 3 woven drying trays (6 drying slots each) for preserving herbs, mushrooms, flowers, and meats. Dried items have extended shelf life."
Herbs_And_Fungi_Perk_DryingKit_PerkName,Drying Kit
Herbs_And_Fungi_Perk_AddHemp_PerkDescription,"Start with 10 Hemp Seeds. Edible raw or roasted, plantable for fiber and flowers. Wild hemp can be foraged in the primeval woods. Flowers dry, grind into powder, smoke in pipes, or make into hemp butter (requires heating to activate)."
Herbs_And_Fungi_Perk_AddHemp_PerkName,Add Hemp
Herbs_And_Fungi_Perk_Stoner_PerkDescription,"Complete hemp testing kit: 1 Herb Pipe with 4 hemp powder, 8 seeds (edible/plantable), 4 raw flowers, 4 dried flowers, and stalks for fiber crafting."
Herbs_And_Fungi_Perk_Stoner_PerkName,Hemp Farmer
Herbs_And_Fungi_MorelMushroom_SpoilageTime_CardStatName,Freshness
Herbs_And_Fungi_MorelMushroom_SpoilageTime_OnFull_ActionDescription,Morel Spoiled!
Herbs_And_Fungi_MorelMushroom_DismantleActions_Eat_ActionName,Eat Raw
Herbs_And_Fungi_MorelMushroom_DismantleActions_Eat_ActionDescription,Eat the morel raw. Warning: Raw morels contain toxins that cause stomach upset!
Herbs_And_Fungi_GoldenOyster_CardName,Golden Oyster
Herbs_And_Fungi_GoldenOyster_CardDescription,Brilliant yellow oysters found in summer heat. Prized for their nutty cashew-like flavor.
Herbs_And_Fungi_GoldenOyster_CardHelpSection,"<b>Season:</b> Summer

<b>Habitat:</b> Hardwood logs and stumps in warm weather.

<b>Flavor:</b> Unique cashew-like nutty taste.","<b>季节:</b> 夏季

<b>栖息地:</b> 温暖天气下的硬木原木和树桩。

<b>风味:</b> 独特的类似腰果的坚果味。"
Herbs_And_Fungi_GoldenOyster_SpoilageTime_CardStatName,Freshness
Herbs_And_Fungi_GoldenOyster_SpoilageTime_OnFull_ActionDescription,Golden Oyster Spoiled!
Herbs_And_Fungi_GoldenOyster_DismantleActions_Eat_ActionName,Eat Raw
Herbs_And_Fungi_GoldenOyster_DismantleActions_Eat_ActionDescription,Eat the golden oyster raw. Delicious nutty flavor.
Herbs_And_Fungi_KingOyster_CardName,King Oyster
Herbs_And_Fungi_KingOyster_CardDescription,The largest oyster variety with thick white stems found in summer. Meaty texture makes it an excellent meat substitute.
Herbs_And_Fungi_KingOyster_CardHelpSection,"<b>Season:</b> Summer

<b>Characteristics:</b> Thick stem with small cap.

<b>Uses:</b> Best when cooked - meaty texture perfect for grilling or stir-fry."
Herbs_And_Fungi_KingOyster_SpoilageTime_CardStatName,Freshness
Herbs_And_Fungi_KingOyster_SpoilageTime_OnFull_ActionDescription,King Oyster Spoiled!
Herbs_And_Fungi_KingOyster_DismantleActions_Eat_ActionName,Eat Raw
Herbs_And_Fungi_KingOyster_DismantleActions_Eat_ActionDescription,Eat the king oyster raw. Chewy texture but satisfying.
Herbs_And_Fungi_LionsMane_CardName,Lion's Mane Mushroom
Herbs_And_Fungi_LionsMane_CardDescription,A distinctive white shaggy mushroom resembling a lion's mane. Prized for both culinary and medicinal properties known to boost the immune system.
Herbs_And_Fungi_LionsMane_CardHelpSection,"<b>Season:</b> Late Summer to Fall

<b>Medicinal:</b> Boosts immune system when eaten.

<b>Flavor:</b> Mild seafood-like taste similar to crab or lobster.","<b>季节:</b> 夏末至秋季

<b>药用:</b> 食用后增强免疫系统。

<b>风味:</b> 温和的海鲜味，类似螃蟹或龙虾。"
Herbs_And_Fungi_LionsMane_SpoilageTime_CardStatName,Freshness
Herbs_And_Fungi_LionsMane_SpoilageTime_OnFull_ActionDescription,Lion's Mane Mushroom Spoiled!
Herbs_And_Fungi_DryingStack_CardName,Drying Stack
Herbs_And_Fungi_DryingStack_CardDescription,A portable wooden rack that holds up to 3 drying trays in separate slots for efficient herb preservation.
Herbs_And_Fungi_DryingStack_CardHelpSection,"<b>Capacity:</b> Holds 3 drying trays

<b>Use:</b> Add drying trays to the rack, then fill each tray with herbs, flowers, or fungi.

<b>Benefits:</b> Organized vertical storage for efficient drying.","<b>容量:</b> 可容纳3个晾干托盘

<b>用途:</b> 像家具一样放在地上，然后添加晾干托盘。将草药、花朵或真菌装入托盘。

<b>优点:</b> 有组织的垂直存储，高效干燥。"
Herbs_And_Fungi_DryingStack_DismantleActions_Dismantle_ActionName,Dismantle
Herbs_And_Fungi_DryingStack_DismantleActions_Dismantle_ActionDescription,Take apart the drying stack to recover materials.
Herbs_And_Fungi_DryingTray_CardName,Drying Tray
Herbs_And_Fungi_DryingTray_CardDescription,A woven reed tray with fine mesh for drying smaller herbs and plant materials. Can hold up to 6 items at once.
Herbs_And_Fungi_DryingTray_CardHelpSection,"<b>Capacity:</b> Holds 6 small items for drying

<b>Use:</b> Ideal for drying frostleaf cut fireroot appleweed hemp flowers and other small herbs.

<b>Benefits:</b> Mesh design allows maximum airflow for faster drying.","<b>容量:</b> 可容纳6个小物品晾干

<b>用途:</b> 适合晾干霜叶、切碎的火根、柰草、大麻花和其他小型草药。

<b>优点:</b> 网状设计允许最大气流以加快干燥速度。"
Herbs_And_Fungi_DryingTray_UsageDurability_CardStatName,Condition
Herbs_And_Fungi_DryingTray_DismantleActions_Dismantle_ActionName,Dismantle
Herbs_And_Fungi_DryingTray_DismantleActions_Dismantle_ActionDescription,Take apart the tray to recover materials.
Herbs_And_Fungi_GoldenOysterCooked_CardName,Cooked Golden Oyster
Herbs_And_Fungi_GoldenOysterCooked_CardDescription,Perfectly cooked golden oysters with a tender meaty texture and rich cashew flavor.
Herbs_And_Fungi_GoldenOysterCooked_CardHelpSection,"<b>Prepared:</b> Perfectly cooked.

<b>Nutrition:</b> Cooking enhances the nutritional value and flavor of these mushrooms.

<b>Flavor:</b> Rich, nutty taste with tender texture.","<b>准备:</b> 完美煮熟。

<b>营养:</b> 烹饪增强了营养价值和风味。

<b>风味:</b> 浓郁的坚果味和嫩滑的口感。"
Herbs_And_Fungi_GoldenOysterCooked_SpoilageTime_CardStatName,Freshness
Herbs_And_Fungi_GoldenOysterCooked_SpoilageTime_OnFull_ActionDescription,Cooked Golden Oyster Spoiled!
Herbs_And_Fungi_GoldenOysterCooked_DismantleActions_Eat_ActionName,Eat
Herbs_And_Fungi_GoldenOysterCooked_DismantleActions_Eat_ActionDescription,Eat the cooked golden oyster. Delicious and highly nutritious.
Herbs_And_Fungi_KingOysterCooked_CardName,Cooked King Oyster
Herbs_And_Fungi_KingOysterCooked_CardDescription,Perfectly cooked king oysters with a thick meaty stem that rivals the texture of scallops or abalone.
Herbs_And_Fungi_KingOysterCooked_CardHelpSection,"<b>Prepared:</b> Perfectly cooked.

<b>Nutrition:</b> Excellent source of protein and nutrients when cooked.

<b>Texture:</b> Hearty meat-like texture that's very satisfying.","<b>准备:</b> 完美煮熟。

<b>营养:</b> 烹饪后是蛋白质和营养物质的极佳来源。

<b>口感:</b> 丰满的肉质口感非常令人满意。"
Herbs_And_Fungi_KingOysterCooked_SpoilageTime_CardStatName,Freshness
Herbs_And_Fungi_KingOysterCooked_SpoilageTime_OnFull_ActionDescription,Cooked King Oyster Spoiled!
Herbs_And_Fungi_KingOysterCooked_DismantleActions_Eat_ActionName,Eat
Herbs_And_Fungi_KingOysterCooked_DismantleActions_Eat_ActionDescription,Eat the cooked king oyster. Very filling and highly nutritious.
Herbs_And_Fungi_MorelCooked_CardName,Cooked Morel
Herbs_And_Fungi_MorelCooked_CardDescription,Expertly cooked morel. The heat has neutralized the raw toxins and brought out the deep earthy flavor this fungus is prized for.
Herbs_And_Fungi_MorelCooked_CardHelpSection,"<b>Prepared:</b> Properly cooked to remove toxins.

<b>Delicacy:</b> One of the most prized edible mushrooms.

<b>Nutrition:</b> Excellent protein and mineral content.","<b>准备:</b> 正确烹饪以去除毒素。

<b>美味:</b> 最受珍视的食用真菌之一。

<b>营养:</b> 极佳的蛋白质和矿物质含量。"
Herbs_And_Fungi_MorelCooked_SpoilageTime_CardStatName,Freshness
Herbs_And_Fungi_MorelCooked_SpoilageTime_OnFull_ActionDescription,Cooked Morel Spoiled!
Herbs_And_Fungi_MorelCooked_DismantleActions_Eat_ActionName,Eat
Herbs_And_Fungi_MorelCooked_DismantleActions_Eat_ActionDescription,Eat the cooked morel. Exquisite earthy flavor with no toxins.
Herbs_And_Fungi_LionsManeDried_CardName,Dried Lion's Mane
Herbs_And_Fungi_LionsManeDried_CardDescription,Carefully dried lion's mane mushroom. The drying process concentrates its medicinal compounds significantly boosting its immune-enhancing properties.
Herbs_And_Fungi_LionsManeDried_CardHelpSection,"<b>Preservation:</b> Dried for extended shelf life.

<b>Medicinal:</b> Concentrated immune-boosting properties - much stronger than fresh.

<b>Use:</b> Add to soups or grind into powder for maximum benefit.","<b>保存:</b> 干燥以延长保质期。

<b>药用:</b> 浓缩的免疫增强特性 - 比新鲜的强得多。

<b>用途:</b> 添加到汤中或研磨成粉末以获得最大益处。"
Herbs_And_Fungi_LionsManeDried_SpoilageTime_CardStatName,Freshness
Herbs_And_Fungi_LionsManeDried_SpoilageTime_OnFull_ActionDescription,Dried Lion's Mane Spoiled!
Herbs_And_Fungi_LionsManeDried_DismantleActions_Eat_ActionName,Eat Dried
Herbs_And_Fungi_LionsManeDried_DismantleActions_Eat_ActionDescription,Eat the dried lion's mane. Chewy but packed with concentrated immune-boosting compounds.
Herbs_And_Fungi_MorelMushroom_UsageDurability_CardStatName,Dryness
Herbs_And_Fungi_MorelMushroom_UsageDurability_OnFull_ActionName,Dried
Herbs_And_Fungi_LionsMane_UsageDurability_CardStatName,Dryness
Herbs_And_Fungi_LionsMane_UsageDurability_OnFull_ActionName,Dried
Herbs_And_Fungi_KingOyster_UsageDurability_CardStatName,Dryness
Herbs_And_Fungi_KingOyster_UsageDurability_OnFull_ActionName,Dried
Herbs_And_Fungi_GoldenOyster_UsageDurability_CardStatName,Dryness
Herbs_And_Fungi_GoldenOyster_UsageDurability_OnFull_ActionName,Dried
Herbs_And_Fungi_MorelDried_CardName,Dried Morel
Herbs_And_Fungi_MorelDried_CardDescription,"Dried morel mushrooms. The honeycomb texture becomes intensely concentrated when dried, creating a powerful umami flavor."
Herbs_And_Fungi_MorelDried_CardHelpSection,"<b>Preservation:</b> Dried for extended shelf life.

<b>Use:</b> Add to soups or eat directly. Still requires cooking before eating.

<b>Benefits:</b> Concentrated earthy flavor and extended storage.","<b>保存:</b> 干燥以延长保质期。

<b>用途:</b> 添加到汤中或直接食用。食用前仍需烹饪。

<b>优势:</b> 浓缩的土味和延长的储存时间。"
Herbs_And_Fungi_MorelDried_SpoilageTime_CardStatName,Freshness
Herbs_And_Fungi_MorelDried_SpoilageTime_OnFull_ActionDescription,Dried Morel Spoiled!
Herbs_And_Fungi_MorelDried_DismantleActions_Eat_ActionName,Eat
Herbs_And_Fungi_MorelDried_DismantleActions_Eat_ActionDescription,Eat the dried morel. Chewy texture with concentrated earthy flavor.
Herbs_Fungi_Bp_HempField_CardName,Hemp Field
Herbs_Fungi_Bp_HempField_CardDescription,"Plant hemp seeds to create a field that produces hemp stalks, flowers, and seeds after 11 days.",种植大麻种子以创建一个在11天后产出大麻茎、花和种子的田地。
Herbs_Fungi_Bp_HempField_UnlockConditionsDesc,Unlocked after obtaining a Hemp Seed
herbsfungihempfieldgrowing_CardName,Hemp Field (Growing)
herbsfungihempfieldgrowing_CardDescription,A field of hemp plants growing steadily. Will be ready to harvest when mature.
herbsfungihempfieldgrowing_CardHelpSection,"<b>Growth:</b> Takes 11 days to mature. <b>Harvest:</b> Once mature, harvest for hemp stalks, flowers, and seeds."
herbsfungihempfieldgrowing_Progress_CardStatName,Growth
herbsfungihempfieldgrowing_OnFull_ActionDescription,Hemp field is ready to harvest!
herbsfungihempfieldmature_CardName,Mature Hemp Field
herbsfungihempfieldmature_CardDescription,A field of mature hemp plants ready for harvest.
herbsfungihempfieldmature_CardHelpSection,"<b>Harvest:</b> Collect hemp stalks, flowers, and seeds. Harvesting destroys the field."
herbsfungihempfieldmature_DismantleActions_0_ActionName,Harvest
herbsfungihempfieldmature_DismantleActions_0_ActionDescription,"Harvest hemp stalks, flowers, and seeds from the field."
Herbs_Fungi_Bp_HempPlant_CardName,Plant Hemp Seeds
Herbs_Fungi_Bp_HempPlant_CardDescription,Plant 2 hemp seeds in a garden plot to grow a hemp plant.
Herbs_Fungi_Bp_HempPlant_UnlockConditionsDesc,Unlocked after obtaining a Hemp Seed
herbsfungichanterelle_CardName,Chanterelle
herbsfungichanterelle_CardDescription,A golden funnel-shaped mushroom prized for its fruity aroma and peppery taste. Found near oak and birch trees during summer and fall. Excellent when cooked.
herbsfungicookedchanterelle_CardName,Cooked Chanterelle
herbsfungicookedchanterelle_CardDescription,A beautifully cooked golden chanterelle with a rich peppery flavor.
herbsfungidriedchanterelle_CardName,Dried Chanterelle
herbsfungidriedchanterelle_CardDescription,A dried chanterelle with concentrated flavor. Keeps much longer than fresh.
herbsfungireishi_CardName,Reishi Mushroom
herbsfungireishi_CardDescription,A tough woody shelf fungus prized for its medicinal properties. Known to boost immunity and fight infection.
herbsfungireishi_EatRaw,Eat Raw
herbsfungireishi_EatRaw_Desc,Eat the fresh reishi raw. Tough and woody but provides medicinal benefits.
herbsfungidriedreishi_CardName,Dried Reishi
herbsfungidriedreishi_CardDescription,Properly dried reishi mushroom. Can be brewed into medicinal tea or ground into powder.
herbsfungidriedreishi_Eat,Eat
herbsfungidriedreishi_Eat_Desc,Eat the dried reishi. Concentrated medicinal effect.
herbsfungipuffball_CardName,Giant Puffball
herbsfungipuffball_CardDescription,A large round white mushroom found in clearings. When young and white inside it is an excellent food source.
herbsfungicookedpuffball_CardName,Cooked Puffball
herbsfungicookedpuffball_CardDescription,Sliced and fried puffball with a texture similar to tofu. Very filling.
herbsfungichickenofwoods_CardName,Chicken of the Woods
herbsfungichickenofwoods_CardDescription,A bright orange shelf fungus with a texture remarkably similar to chicken. A prized find for any forager.
herbsfungidriedchickenofwoods_CardName,Dried Chicken of the Woods
herbsfungidriedchickenofwoods_CardDescription,Dried chicken of the woods with concentrated flavor. Much longer shelf life than fresh.
herbsfungidriedchickenofwoods_Eat,Eat
herbsfungidriedchickenofwoods_Eat_Desc,Eat the dried chicken of the woods. Chewy but satisfying.
herbsfungicookedchickenofwoods_CardName,Cooked Chicken of the Woods
herbsfungicookedchickenofwoods_CardDescription,Perfectly cooked chicken of the woods. The texture and taste are remarkably similar to actual chicken.
herbsfungideathcap_CardName,Death Cap
herbsfungideathcap_CardDescription,A deadly poisonous mushroom often mistaken for edible varieties. Even a small amount can be fatal. Handle with extreme caution. Can be applied to weapons as poison.
herbsfungideathcap_ApplyPoison,Apply Poison
herbsfungideathcap_ApplyPoison_Desc,Smear the deadly toxins from the death cap onto a weapon.
herbsfungiginseng_CardName,Wild Ginseng
herbsfungiginseng_CardDescription,A rare and prized root found deep in ancient forests. Known for its powerful energy-boosting properties.
herbsfungiginseng_EatRaw,Eat Raw
herbsfungiginseng_EatRaw_Desc,Eat the fresh ginseng root raw. Provides a powerful burst of energy.
herbsfungidriedginseng_CardName,Dried Ginseng
herbsfungidriedginseng_CardDescription,Properly dried ginseng with concentrated energizing compounds. Highly valued.
herbsfungidriedginseng_Eat,Eat
herbsfungidriedginseng_Eat_Desc,Eat the dried ginseng for a powerful energy boost.
Herbs_And_Fungi_LionsManeCooked_CardName,Cooked Lion's Mane
Herbs_And_Fungi_LionsManeCooked_CardDescription,Perfectly cooked lion's mane mushroom with a delicate seafood-like flavor. A gourmet treat that provides excellent nutrition and boosts mood.
Herbs_And_Fungi_LionsManeCooked_CardHelpSection,<b>Prepared:</b> Properly cooked for optimal flavor.
Herbs_And_Fungi_LionsManeCooked_SpoilageTime_CardStatName,Freshness
Herbs_And_Fungi_LionsManeCooked_SpoilageTime_OnFull_ActionDescription,Cooked Lion's Mane Spoiled!
Herbs_And_Fungi_LionsManeCooked_DismantleActions_Eat_ActionName,Eat
Herbs_And_Fungi_LionsManeCooked_DismantleActions_Eat_ActionDescription,Eat the cooked lion's mane. Delicious seafood-like flavor with excellent nutrition.
Herbs_And_Fungi_LionsManeGround_CardName,Ground Lion's Mane
Herbs_And_Fungi_LionsManeGround_CardDescription,Finely ground dried lion's mane powder. Highly concentrated medicinal compounds make this a powerful immune system booster and brain tonic.
Herbs_And_Fungi_LionsManeGround_CardHelpSection,"<b>Preparation:</b> Ground from dried lion's mane.

<b>Medicinal:</b> Maximum concentration of nerve-regenerating compounds.

<b>Use:</b> Add to teas soups or take directly for cognitive benefits.","<b>准备:</b> 由干狮鬃菇研磨而成。

<b>药用:</b> 神经再生化合物最大浓度。

<b>使用:</b> 加入茶、汤或直接服用以获得认知益处。"
Herbs_And_Fungi_LionsManeGround_DismantleActions_Eat_ActionName,Eat
Herbs_And_Fungi_LionsManeGround_DismantleActions_Eat_ActionDescription,Consume the lion's mane powder directly. Intensely medicinal with powerful immune and cognitive benefits.
Herbs_And_Fungi_LionsMane_SpecialDurability1_CardStatName,Cook
Herbs_And_Fungi_LionsMane_SpecialDurability1_OnFull_ActionDescription,Lion's Mane Cooked!
Herbs_And_Fungi_Bp_HerbPipe_CardDescription,"A carved wooden pipe for smoking herbal powders. Requires 1 unfinished wood carving, spoon bit, and knife.",一种用于吸食草药粉的雕刻木烟斗。需要1个未完成的木雕、勺钻头和刀。
Herbs_And_Fungi_GoldenOysterDried_CardName,Dried Golden Oyster
Herbs_And_Fungi_GoldenOysterDried_DismantleActions_Eat_ActionDescription,Eat the dried golden oyster. Chewy with concentrated flavor.
Herbs_And_Fungi_GoldenOysterDried_DismantleActions_Eat_ActionName,Eat Dried
Herbs_And_Fungi_GoldenOysterDried_SpoilageTime_CardStatName,Freshness
Herbs_And_Fungi_GoldenOysterDried_SpoilageTime_OnFull_ActionDescription,Dried Golden Oyster Spoiled!
Herbs_And_Fungi_GoldenOyster_SpecialDurability1_CardStatName,Cook
Herbs_And_Fungi_GoldenOyster_SpecialDurability1_OnFull_ActionDescription,Golden Oyster Cooked!
Herbs_And_Fungi_KingOysterDried_CardDescription,"Dried king oyster mushrooms. The thick stems become dense and chewy when dried, perfect for long-term storage.",干杏鲍菇。厚实的茎在干燥后变得致密有嚼劲，非常适合长期储存。
Herbs_And_Fungi_KingOysterDried_CardName,Dried King Oyster
Herbs_And_Fungi_KingOysterDried_DismantleActions_Eat_ActionDescription,Eat the dried king oyster mushroom. Very chewy with intense umami flavor.
Herbs_And_Fungi_KingOysterDried_DismantleActions_Eat_ActionName,Eat Dried
Herbs_And_Fungi_KingOysterDried_SpoilageTime_CardStatName,Freshness
Herbs_And_Fungi_KingOysterDried_SpoilageTime_OnFull_ActionDescription,Dried King Oyster Spoiled!
Herbs_And_Fungi_KingOyster_SpecialDurability1_CardStatName,Cook
Herbs_And_Fungi_KingOyster_SpecialDurability1_OnFull_ActionDescription,King Oyster Cooked!
Herbs_And_Fungi_LionsManeDried_Grind,Grind
Herbs_And_Fungi_LionsManeDried_Grind_Desc,Grind the dried lion's mane into powder using stones or grinding tools.
Herbs_And_Fungi_LionsManeGround_MixTea,Mix into Hot Water
Herbs_And_Fungi_LionsManeGround_MixTea_Desc,Mix lion's mane powder into hot water to create a brain-boosting medicinal tea.
Herbs_And_Fungi_LionsMane_DismantleActions_Chew_ActionDescription,"Chew the lion's mane mushroom. Less effective than dried/ground, but provides weak immune boost. Can chew 3 times.",咀嚼狮鬃菇。效果不如干燥/研磨的，但提供微弱的免疫增强。可咀嚼3次。
Herbs_And_Fungi_Perk_CulinaryKit_PerkName,Culinary Kit
Herbs_And_Fungi_Perk_MedicalMushrooms_PerkDescription,"Start with medicinal mushrooms: Lion's Mane (cognitive boost, chewable 3x or grindable), Shiitake (immune system support), Reishi (longevity and wellness, chewable or grindable), and Spirit Mushrooms (vanilla rare medicinal). Dry and grind for powerful medicinal powders or teas."
Herbs_And_Fungi_Perk_MedicalMushrooms_PerkName,Medical Mushrooms
Herbs_And_Fungi_OilPress_CardName,Oil Press
Herbs_And_Fungi_OilPress_CardDescription,"A mechanical oil press for extracting oil. Open the Recipes tab to press hemp seeds, a truffle, or fresh herbs into oil."
Herbs_And_Fungi_OilPress_CardHelpSection,"<b>How to Use:</b>
• Open the <b>Recipes</b> tab on the press
• Press Hemp Seeds (3 seeds + bowl), Press Truffle (1 truffle + bowl), or press fresh herbs (fairyweed, hemp flower, appleweed, frostleaf + bowl)
• Each recipe consumes the ingredients and produces 1 bowl of oil

<b>Herbal oils</b> give the same calming/mood effects as smoking the corresponding herb in a pipe.","<b>使用方法：</b>
• 在压榨机上打开<b>配方</b>页
• 选择<b>压榨大麻籽</b>（需要3粒大麻籽）或<b>压榨松露</b>（需要1个新鲜松露）
• 压榨机将消耗材料并产出1份灯油"
herbsfungiblacktrumpet_CardName,Black Trumpet
herbsfungiblacktrumpet_CardDescription,"A dark, funnel-shaped mushroom with an intense, smoky flavor. Also called the 'Horn of Plenty'. Prized by foragers for its gourmet qualities."
herbsfungiblacktrumpetdried_CardName,Dried Black Trumpet
herbsfungiblacktrumpetdried_CardDescription,"Dried black trumpet mushrooms. The drying process intensifies their smoky, earthy flavor. Perfect for adding to stews and sauces."
herbsfungiblacktrumpetcooked_CardName,Cooked Black Trumpet
herbsfungiblacktrumpetcooked_CardDescription,"Expertly cooked black trumpet mushrooms. The smoky, truffle-like flavor is now fully developed. A true gourmet delicacy."
herbsfungishiitake_CardName,Shiitake Mushroom
herbsfungishiitake_CardDescription,"A brown-capped mushroom with a rich, savory flavor. Known for its immune-boosting properties and meaty texture."
herbsfungishiitakedried_CardName,Dried Shiitake
herbsfungishiitakedried_CardDescription,Dried shiitake mushrooms with concentrated umami flavor. A staple in many cuisines and valued for medicinal properties.
herbsfungishiitakecooked_CardName,Cooked Shiitake
herbsfungishiitakecooked_CardDescription,Perfectly cooked shiitake mushrooms with a meaty texture and rich umami flavor. Known to boost the immune system.
herbsfungiyarrow_CardName,Yarrow
herbsfungiyarrow_CardDescription,A flowering herb with feathery leaves and white flower clusters. Traditional remedy for stopping bleeding and treating wounds. Can also be brewed into a healing tea.
herbsfungiyarrow_EatRaw,Eat Raw
herbsfungiyarrow_EatRaw_Desc,Eat the fresh yarrow leaves raw. Bitter but helps reduce bleeding and infection.
herbsfungiyarrowdried_CardName,Dried Yarrow
herbsfungiyarrowdried_CardDescription,Properly dried yarrow with preserved healing properties. Can be ground into powder or brewed into medicinal tea. Excellent for treating wounds and bleeding.
herbsfungiyarrowdried_Eat,Eat
herbsfungiyarrowdried_Eat_Desc,Eat the dried yarrow leaves. Concentrated healing properties help stop bleeding and fight infection.
herbsfungiyarrowground_CardName,Ground Yarrow
herbsfungiyarrowground_CardDescription,"Finely ground dried yarrow powder. Can be mixed with hot water to make healing tea, or applied directly to wounds for potent hemostatic effects."
herbsfungiyarrowground_Eat,Eat
herbsfungiyarrowground_Eat_Desc,Eat the concentrated yarrow powder. Very effective at stopping bleeding and fighting infection.
herbsfungiyarrowground_MixTea,Mix into Hot Water
herbsfungiyarrowground_MixTea_Desc,Mix yarrow powder into hot water to create healing tea.
herbsfungiginsengground_CardName,Ground Ginseng
herbsfungiginsengground_CardDescription,"Finely ground dried ginseng root powder. Can be consumed directly for potent energy and immune benefits, or mixed with hot water to make revitalizing tea."
herbsfungiginsengground_Eat,Eat
herbsfungiginsengground_Eat_Desc,"Eat the concentrated ginseng powder. Provides a powerful boost to energy, vitality and immune function."
herbsfungiginsengground_MixTea,Mix into Hot Water
herbsfungiginsengground_MixTea_Desc,Mix ginseng powder into hot water to create revitalizing tea.
herbsfungireishiground_CardName,Ground Reishi
herbsfungireishiground_CardDescription,"Finely ground dried reishi mushroom powder. Can be consumed directly for potent medicinal benefits, or brewed into therapeutic tea."
herbsfungireishiground_Eat,Eat
herbsfungireishiground_Eat_Desc,Eat the concentrated reishi powder. Provides powerful immune support and stress relief.
herbsfungireishiground_MixTea,Mix into Hot Water
herbsfungireishiground_MixTea_Desc,Mix reishi powder into hot water to create therapeutic medicinal tea.
herbsfungiginsengtea_CardName,Ginseng Tea
herbsfungiginsengtea_CardDescription,A revitalizing herbal tea brewed from ground ginseng root. Reduces fatigue and boosts mental clarity.
herbsfungiginsengtea_CardHelpSection,"<b>Preparation:</b> Mix ground ginseng with hot water in a bowl.

<b>Benefits:</b> Reduces fatigue, improves focus, boosts immunity."
herbsfungiginsengtea_SpoilageTime_CardStatName,Bacteria
herbsfungiginsengtea_SpoilageTime_OnFull_ActionDescription,Ginseng Tea Spoiled!
herbsfungiginsengtea_FuelCapacity_CardStatName,Liquid Temperature
herbsfungiginsengtea_SpecialDurability2_CardStatName,Quality
herbsfungiginsengtea_DismantleActions_Drink_ActionName,Drink
herbsfungilionsmanetea_CardName,Lion's Mane Tea
herbsfungilionsmanetea_CardDescription,A medicinal tea brewed from ground lion's mane mushroom. Known for boosting cognitive function and immune health.
herbsfungilionsmanetea_CardHelpSection,<b>Preparation:</b> Mix ground lion's mane with hot water in a bowl.
herbsfungilionsmanetea_SpoilageTime_CardStatName,Bacteria
herbsfungilionsmanetea_SpoilageTime_OnFull_ActionDescription,Lion's Mane Tea Spoiled!
herbsfungilionsmanetea_FuelCapacity_CardStatName,Liquid Temperature
herbsfungilionsmanetea_SpecialDurability2_CardStatName,Quality
herbsfungilionsmanetea_DismantleActions_Drink_ActionName,Drink
herbsfungireishitea_CardName,Reishi Tea
herbsfungireishitea_CardDescription,A therapeutic tea brewed from ground reishi mushroom. Powerful immune support and stress relief in a warming cup.
herbsfungireishitea_CardHelpSection,"<b>Preparation:</b> Mix ground reishi with hot water in a bowl.

<b>Benefits:</b> Immune boost, stress relief, promotes calm."
herbsfungireishitea_SpoilageTime_CardStatName,Bacteria
herbsfungireishitea_SpoilageTime_OnFull_ActionDescription,Reishi Tea Spoiled!
herbsfungireishitea_FuelCapacity_CardStatName,Liquid Temperature
herbsfungireishitea_SpecialDurability2_CardStatName,Quality
herbsfungireishitea_DismantleActions_Drink_ActionName,Drink
herbsfungiyarrowtea_CardName,Yarrow Tea
herbsfungiyarrowtea_CardDescription,A healing tea brewed from ground yarrow. Traditional remedy for reducing bleeding and combating infection.
herbsfungiyarrowtea_CardHelpSection,<b>Preparation:</b> Mix ground yarrow with hot water in a bowl.
herbsfungiyarrowtea_SpoilageTime_CardStatName,Bacteria
herbsfungiyarrowtea_SpoilageTime_OnFull_ActionDescription,Yarrow Tea Spoiled!
herbsfungiyarrowtea_FuelCapacity_CardStatName,Liquid Temperature
herbsfungiyarrowtea_SpecialDurability2_CardStatName,Quality
herbsfungiyarrowtea_DismantleActions_Drink_ActionName,Drink
Herbs_And_Fungi_Bp_HerbPipe_CardName,Herb Pipe
Herbs_And_Fungi_Bp_HerbPipe_UnlockConditionsDesc,Requires Unfinished Wood Carving
Herbs_And_Fungi_DryingStack_DismantleActions_Dismantle_FailMessage,Remove drying trays from the stack first.
Herbs_And_Fungi_DryingTray_CookingRecipes_DryDryable_ActionName,Dry Herbs & Fungi (Quality +0.25)
Herbs_And_Fungi_DryingTray_Transform_BlackTrumpet,Finish Drying
Herbs_And_Fungi_DryingTray_Transform_Chanterelle,Finish Drying
Herbs_And_Fungi_DryingTray_Transform_Complete,Drying complete!
Herbs_And_Fungi_DryingTray_Transform_Ginseng,Finish Drying
Herbs_And_Fungi_DryingTray_Transform_GoldenOyster,Finish Drying
Herbs_And_Fungi_DryingTray_Transform_HempFlower,Finish Drying
Herbs_And_Fungi_DryingTray_Transform_KingOyster,Finish Drying
Herbs_And_Fungi_DryingTray_Transform_LionsMane,Finish Drying
Herbs_And_Fungi_DryingTray_Transform_Morel,Finish Drying
Herbs_And_Fungi_DryingTray_Transform_Reishi,Finish Drying
Herbs_And_Fungi_DryingTray_Transform_Shiitake,Finish Drying
Herbs_And_Fungi_DryingTray_Transform_Yarrow,Finish Drying
Herbs_And_Fungi_GoldenOysterDried_CardDescription,Dried golden oyster mushrooms. The dehydration process preserves their nutty cashew-like flavor for long-term storage.
Herbs_And_Fungi_GoldenOysterDried_CardHelpSection,"<b>Preservation:</b> Dried for extended shelf life.

<b>Use:</b> Add directly to soups and stews, or eat as a chewy snack.

<b>Flavor:</b> Concentrated nutty taste."
Herbs_And_Fungi_KingOysterDried_CardHelpSection,"<b>Preservation:</b> Dried for extended shelf life.

<b>Use:</b> Add to soups and stews for meaty texture, or eat as a chewy snack.

<b>Benefits:</b> Concentrated nutrients and umami flavor."
Herbs_And_Fungi_LionsMane_DismantleActions_Chew_ActionName,Chew
Herbs_And_Fungi_MorelMushroom_SpecialDurability1_CardStatName,Cook
Herbs_And_Fungi_MorelMushroom_SpecialDurability1_OnFull_ActionDescription,Morel Cooked!
Herbs_And_Fungi_Perk_CulinaryKit_PerkDescription,"Start with gourmet culinary mushrooms and herbs: King Oyster (meaty), Golden Oyster (decorative), Morel (rare delicacy), Black Trumpet (gourmet), Shiitake (umami), Puffball (mild, versatile), Yarrow (aromatic herb), and Ginseng (energy herb). All can be dried, cooked, or ground for recipes."
herbsfungiblacktrumpet_EatRaw,Eat Raw
herbsfungiblacktrumpet_EatRaw_Desc,Eat the black trumpet raw. Safe but better when cooked for full flavor.
herbsfungiblacktrumpet_SpecialDurability1_Cooked,The black trumpet is perfectly cooked.
herbsfungiblacktrumpet_SpecialDurability1_StatName,Cook
herbsfungiblacktrumpet_SpoilageTime_Spoiled,The black trumpet has spoiled.
herbsfungiblacktrumpet_SpoilageTime_StatName,Spoilage
herbsfungiblacktrumpet_UsageDurability_Dried,The black trumpet has dried properly.
herbsfungiblacktrumpet_UsageDurability_StatName,Dry
herbsfungiblacktrumpetcooked_Eat,Eat
herbsfungiblacktrumpetcooked_Eat_Desc,"Savor the smoky, truffle-like flavor of the cooked black trumpet."
herbsfungiblacktrumpetcooked_SpoilageTime_Spoiled,The cooked black trumpet has spoiled.
herbsfungiblacktrumpetcooked_SpoilageTime_StatName,Spoilage
herbsfungiblacktrumpetdried_Eat,Eat
herbsfungiblacktrumpetdried_Eat_Desc,Chew on the dried black trumpet. Tough but intensely flavorful.
herbsfungiblacktrumpetdried_SpecialDurability1_Cooked,The dried black trumpet has been cooked.
herbsfungiblacktrumpetdried_SpecialDurability1_StatName,Cook
herbsfungichanterelle_EatRaw,Eat Raw
herbsfungichanterelle_EatRaw_Desc,Eat the chanterelle raw. Edible but better cooked.
herbsfungichanterelle_SpecialDurability1_Cooked,The chanterelle is cooked.
herbsfungichanterelle_SpecialDurability1_StatName,Cook
herbsfungichanterelle_SpoilageTime_Spoiled,The chanterelle has spoiled.
herbsfungichanterelle_SpoilageTime_StatName,Spoilage
herbsfungichanterelle_UsageDurability_Dried,The chanterelle has dried out.
herbsfungichanterelle_UsageDurability_StatName,Dry
herbsfungichickenofwoods_EatRaw,Eat Raw
herbsfungichickenofwoods_EatRaw_Desc,Eat raw. Should really be cooked first.
herbsfungichickenofwoods_SpecialDurability1_Cooked,The chicken of the woods is perfectly cooked.
herbsfungichickenofwoods_SpecialDurability1_StatName,Cook
herbsfungichickenofwoods_SpoilageTime_Spoiled,The chicken of the woods has spoiled.
herbsfungichickenofwoods_SpoilageTime_StatName,Spoilage
herbsfungichickenofwoods_UsageDurability_Dried,The chicken of the woods has dried out.
herbsfungichickenofwoods_UsageDurability_StatName,Dry
herbsfungicookedchanterelle_Eat,Eat
herbsfungicookedchanterelle_Eat_Desc,Enjoy the delicious cooked chanterelle.
herbsfungicookedchanterelle_SpoilageTime_Spoiled,The cooked chanterelle has spoiled.
herbsfungicookedchanterelle_SpoilageTime_StatName,Spoilage
herbsfungicookedchickenofwoods_Eat,Eat
herbsfungicookedchickenofwoods_Eat_Desc,Enjoy this meaty mushroom - it tastes just like chicken!
herbsfungicookedchickenofwoods_SpoilageTime_Spoiled,The cooked mushroom has spoiled.
herbsfungicookedchickenofwoods_SpoilageTime_StatName,Spoilage
herbsfungicookedpuffball_Eat,Eat
herbsfungicookedpuffball_Eat_Desc,Eat the delicious cooked puffball slices.
herbsfungicookedpuffball_SpoilageTime_Spoiled,The cooked puffball has spoiled.
herbsfungicookedpuffball_SpoilageTime_StatName,Spoilage
herbsfungideathcap_EatRaw,Eat (DANGER!)
herbsfungideathcap_EatRaw_Desc,Eat the death cap. This will poison you severely - likely fatally!
herbsfungideathcap_SpoilageTime_Spoiled,The death cap has decomposed - but is no less dangerous.
herbsfungideathcap_SpoilageTime_StatName,Spoilage
herbsfungidriedchanterelle_Eat,Eat
herbsfungidriedchanterelle_Eat_Desc,Eat the dried chanterelle. Chewy but nutritious.
herbsfungidriedchanterelle_SpecialDurability1_Cooked,The dried chanterelle is cooked.
herbsfungidriedchanterelle_SpecialDurability1_StatName,Cook
herbsfungidriedchanterelle_SpoilageTime_Spoiled,The dried chanterelle has finally spoiled.
herbsfungidriedchanterelle_SpoilageTime_StatName,Spoilage
herbsfungidriedchickenofwoods_SpecialDurability1_Cooked,The dried chicken of the woods is cooked.
herbsfungidriedchickenofwoods_SpecialDurability1_StatName,Cook
herbsfungidriedchickenofwoods_SpoilageTime_Spoiled,The dried chicken of the woods has finally spoiled.
herbsfungidriedchickenofwoods_SpoilageTime_StatName,Spoilage
herbsfungidriedginseng_Grind,Grind
herbsfungidriedginseng_Grind_Desc,Grind the dried ginseng into powder using stones or grinding tools.
herbsfungidriedginseng_OnStatsChangeActions[0]_ActionName,Finish Rotary Quern Grinding
herbsfungidriedginseng_SpecialDurability3_CardStatName,Mill
herbsfungidriedginseng_SpoilageTime_Spoiled,The dried ginseng has lost its potency.
herbsfungidriedginseng_SpoilageTime_StatName,Spoilage
herbsfungidriedreishi_Grind,Grind
herbsfungidriedreishi_Grind_Desc,Grind the dried reishi into powder using stones or grinding tools.
herbsfungidriedreishi_SpoilageTime_Spoiled,The dried reishi has crumbled to dust.
herbsfungidriedreishi_SpoilageTime_StatName,Spoilage
herbsfungiginseng_SpoilageTime_Spoiled,The ginseng root has withered.
herbsfungiginseng_SpoilageTime_StatName,Spoilage
herbsfungiginseng_UsageDurability_Dried,The ginseng root has dried properly.
herbsfungiginseng_UsageDurability_StatName,Dry
herbsfungihempfieldgrowing_DismantleActions_0_ActionName,Destroy
herbsfungipuffball_EatRaw,Eat Raw
herbsfungipuffball_EatRaw_Desc,"Eat the puffball raw. Mild flavor, very filling."
herbsfungipuffball_SpecialDurability1_Cooked,The puffball is nicely browned.
herbsfungipuffball_SpecialDurability1_StatName,Cook
herbsfungipuffball_SpoilageTime_Spoiled,The puffball has turned brown and released its spores.
herbsfungipuffball_SpoilageTime_StatName,Spoilage
herbsfungipuffball_UsageDurability_StatName,Durability
herbsfungireishi_SpoilageTime_Spoiled,The reishi has dried out and crumbled.
herbsfungireishi_SpoilageTime_StatName,Spoilage
herbsfungireishi_UsageDurability_Dried,The reishi has dried properly.
herbsfungireishi_UsageDurability_StatName,Dry
herbsfungishiitake_EatRaw,Eat Raw
herbsfungishiitake_EatRaw_Desc,Eat the shiitake raw. Safe but better when cooked to unlock its full flavor and benefits.
herbsfungishiitake_SpecialDurability1_Cooked,The shiitake mushroom is perfectly cooked.
herbsfungishiitake_SpecialDurability1_StatName,Cook
herbsfungishiitake_SpoilageTime_Spoiled,The shiitake mushroom has spoiled.
herbsfungishiitake_SpoilageTime_StatName,Spoilage
herbsfungishiitake_UsageDurability_Dried,The shiitake mushroom has dried properly.
herbsfungishiitake_UsageDurability_StatName,Dry
herbsfungishiitakecooked_Eat,Eat
herbsfungishiitakecooked_Eat_Desc,"Enjoy the meaty, umami-rich shiitake. Feel your immune system strengthen."
herbsfungishiitakecooked_SpoilageTime_Spoiled,The cooked shiitake has spoiled.
herbsfungishiitakecooked_SpoilageTime_StatName,Spoilage
herbsfungishiitakedried_Eat,Eat
herbsfungishiitakedried_Eat_Desc,Chew on the dried shiitake. Tough but rich in umami flavor.
herbsfungishiitakedried_SpecialDurability1_Cooked,The dried shiitake has been cooked.
herbsfungishiitakedried_SpecialDurability1_StatName,Cook
herbsfungiyarrow_SpoilageTime_Spoiled,The yarrow has wilted and spoiled.
herbsfungiyarrow_SpoilageTime_StatName,Spoilage
herbsfungiyarrow_UsageDurability_Dried,"The yarrow has dried properly, preserving its healing properties."
herbsfungiyarrow_UsageDurability_StatName,Dry
herbsfungiyarrowdried_Grind,Grind
herbsfungiyarrowdried_Grind_Desc,Grind the dried yarrow into powder using stones or grinding tools.
herbsfungiyarrowground_ApplyWound,Apply to Wound
herbsfungiyarrowground_ApplyWound_Desc,Apply the concentrated yarrow powder directly to wounds. Excellent hemostatic and antiseptic properties.
herbsfungitruffle_CardName,Truffle
herbsfungitruffle_CardDescription,A rare valuable underground fungus prized for its intoxicating aroma and unique flavor. Found deep in old-growth forests. Extremely rare.
herbsfungitruffle_EatRaw,Eat Raw
herbsfungitruffle_EatRaw_Desc,Eat the rare truffle raw. Luxurious and satisfying.
herbsfungicookedtruffle_CardName,Cooked Truffle
herbsfungicookedtruffle_CardDescription,A perfectly cooked rare truffle. The distinctive aroma and flavor are even more pronounced when heated.
herbsfungicookedtruffle_Eat,Eat
herbsfungicookedtruffle_Eat_Desc,Eat the fat-cooked truffle. A masterpiece of flavor — one of the finest things you can put in your mouth.
herbsfungidriedtruffle_CardName,Dried Truffle
herbsfungidriedtruffle_CardDescription,A dried truffle. Keeps far longer than fresh and the flavor is concentrated. Valuable trade good.
herbsfungidriedtruffle_Eat,Eat
herbsfungidriedtruffle_Eat_Desc,Eat the concentrated dried truffle.
herbsfungidriedtruffle_Cut,Cut
herbsfungidriedtruffle_Cut_Desc,Slice the dried truffle into thin pieces for seasoning.
herbsfungidriedtrufflecut_CardName,Dried Truffle Slices
herbsfungidriedtrufflecut_CardDescription,"Thin slices of dried truffle. Drag butter or fat onto the slices to coat them, then heat. Coated slices cook into a luxurious dish; uncoated slices simply char to ash."
herbsfungidriedtrufflecut_SpoilageTime_StatName,Spoilage
herbsfungidriedtrufflecut_SpecialDurability1_StatName,Char
herbsfungidriedtrufflecut_SpecialDurability1_Burned,The truffle slices charred without fat.
herbsfungidriedtrufflecut_SpecialDurability4_StatName,Fat
herbsfungidriedtrufflecut_SpecialDurability4_Coated,The truffle slices are now fully coated in fat.
herbsfungidriedtrufflecut_AddFat,Coat with Fat
herbsfungidriedtrufflecut_AddFat_Desc,Coat the truffle slices in fat. They will now cook properly when heated.
herbsfungidriedtrufflecut_Eat,Eat
herbsfungidriedtrufflecut_Eat_Desc,"Nibble a few slices of dried truffle. Intense, earthy flavor."
herbsfungidriedtrufflecutfatcoated_CardName,Fat-Coated Dried Truffle Slices
herbsfungidriedtrufflecutfatcoated_CardDescription,Dried truffle slices coated in fat. Heat them in a hot bowl to render a luxurious cooked truffle. They will char if left on heat too long but the fat protects them long enough to cook properly.
herbsfungidriedtrufflecutfatcoated_SpoilageTime_StatName,Spoilage
herbsfungidriedtrufflecutfatcoated_SpecialDurability1_StatName,Cook
herbsfungidriedtrufflecutfatcoated_SpecialDurability1_Cooked,The fat-coated truffle slices cooked into a perfect dish.
herbsfungidriedtrufflecutfatcoated_SpecialDurability4_StatName,Fat
herbsfungidriedtrufflecutfatcoated_Eat,Eat
herbsfungidriedtrufflecutfatcoated_Eat_Desc,"Nibble the fat-coated dried truffle slices raw. Rich and oily, but not as good as cooked."
herbsfungiherbalsalve_CardName,Herbal Salve
herbsfungiherbalsalve_CardDescription,A topical healing salve made from medicinal herbs and fat. Apply directly to wounds for faster healing.
herbsfungiherbalsalve_Apply,Apply Salve
herbsfungiherbalsalve_Apply_Desc,Apply the healing salve to your wounds.
herbsfungiherbaltincture_CardName,Herbal Tincture
herbsfungiherbaltincture_CardDescription,An alcohol-based extract of medicinal herbs. A potent remedy for various ailments.
herbsfungiherbaltincture_Drink,Drink
herbsfungiherbaltincture_Drink_Desc,Drink the medicinal tincture. Bitter but effective.
herbsfungisleeptea_CardName,Sleep Tea
herbsfungisleeptea_CardDescription,A soothing herbal tea blend designed to improve sleep quality and reduce stress.
herbsfungisleeptea_Drink,Drink
herbsfungisleeptea_Drink_Desc,Drink the soothing tea before rest to sleep better.
herbsfungipainreliefpowder_CardName,Pain Relief Powder
herbsfungipainreliefpowder_CardDescription,A finely ground herbal powder that reduces pain when ingested. More efficient than raw herbs.
herbsfungipainreliefpowder_Take,Take Powder
herbsfungipainreliefpowder_Take_Desc,Ingest the pain-relieving powder.
herbsfungiantinauseatea_CardName,Anti-Nausea Tea
herbsfungiantinauseatea_CardDescription,A calming herbal tea that settles the stomach and reduces nausea.
herbsfungiantinauseatea_Drink,Drink
herbsfungiantinauseatea_Drink_Desc,Drink the soothing tea to settle your stomach.
herbsfungistimulanttea_CardName,Stimulant Tea
herbsfungistimulanttea_CardDescription,An energizing herbal tea blend that boosts focus and energy. Effects are temporary.
herbsfungistimulanttea_Drink,Drink
herbsfungistimulanttea_Drink_Desc,Drink the energizing tea to boost your focus.
herbsfungiginger_CardName,Ginger
herbsfungiginger_CardDescription,"Fresh ginger root. Spicy and warming, with medicinal properties. Slice it with a knife before drying."
herbsfungiginger_Eat,Eat
herbsfungiginger_Eat_Desc,Chew the fresh ginger. Spicy and warming.
herbsfungiginger_SpoilageTime_StatName,Spoilage
herbsfungiginger_SpoilageTime_Spoiled,The ginger has spoiled.
herbsfungiginger_Cut,Cut
herbsfungiginger_Cut_Desc,"Slice the ginger root into thin pieces, ready to be dried."
herbsfungigingercut_CardName,Cut Ginger
herbsfungigingercut_CardDescription,Fresh ginger that has been sliced into thin pieces. Ready to be dried for long-term preservation.
herbsfungigingercut_Eat,Eat
herbsfungigingercut_Eat_Desc,Chew the cut ginger pieces. Spicy and warming.
herbsfungigingercut_SpoilageTime_StatName,Spoilage
herbsfungigingercut_SpoilageTime_Spoiled,The cut ginger has spoiled.
herbsfungigingercut_UsageDurability_Dried,The cut ginger has dried properly.
herbsfungidriedginger_CardName,Dried Ginger
herbsfungidriedginger_CardDescription,Dried ginger root. More concentrated flavor and medicinal properties. Keeps indefinitely.
herbsfungidriedginger_Eat,Eat
herbsfungidriedginger_Eat_Desc,Chew the dried ginger. Concentrated flavor and warmth.
Herbs_And_Fungi_Bp_OilPressSeeds_CardName,Press Hemp Seeds
Herbs_And_Fungi_Bp_OilPressSeeds_CardDescription,Crush 3 hemp seeds in the press and collect in a clay bowl to extract hemp seed oil.
Herbs_And_Fungi_Bp_OilPressTruffle_CardName,Press Truffle
Herbs_And_Fungi_Bp_OilPressTruffle_CardDescription,Press 1 fresh truffle into an empty clay bowl to produce 1 bowl of aromatic truffle oil.
Herbs_And_Fungi_OilPress_PickUp_ActionName,Pick Up
Herbs_And_Fungi_OilPress_PickUp_ActionDescription,Disassemble the oil press back into its portable kit form.
Herbs_And_Fungi_Bp_PicklingVat_UnlockConditionsDesc,Unlocked after obtaining clay
Herbs_And_Fungi_UnfiredPickleVat_CardName,Unfired Pickle Vat
Herbs_And_Fungi_UnfiredPickleVat_CardDescription,"A shaped clay vat, soft and fragile. Fire it in a kiln to harden the ceramic."
Herbs_And_Fungi_UnfiredPickleVat_SpecialDurability1_CardStatName,Fired
Herbs_And_Fungi_UnfiredPickleVat_SpecialDurability1_OnFull_ActionDescription,Pickle Vat fired.
Herbs_And_Fungi_UnfiredPickleVat_SpecialDurability2_CardStatName,Quality
Herbs_And_Fungi_PicklingVat_CardName,Pickle Vat
Herbs_And_Fungi_PicklingVat_CardDescription,"A fired ceramic vat for brine pickling. Fill with water from any container, then drag salt to turn the water into pickle brine. Click the vat to access pickling recipes — each batch consumes 500 units of brine."
Herbs_And_Fungi_PicklingVat_SpecialDurability2_CardStatName,Quality
herbsfungioilpresslegs_CardName,Oil Press Legs
herbsfungioilpresslegs_CardDescription,Sturdy wooden legs for an oil press. Part of a larger assembly.
herbsfungibpoilpresslegs_CardName,Oil Press Legs
herbsfungibpoilpresslegs_CardDescription,"Sturdy wooden legs for an oil press. Requires 4 planks, a spoon auger, and a sharp knife."
herbsfungibpoilpresslegs_UnlockConditionsDesc,Unlocked after obtaining a plank
herbsfungioilpressframe_CardName,Oil Press Frame
herbsfungioilpressframe_CardDescription,A wooden frame that holds the press mechanism. Part of a larger assembly.
herbsfungibpoilpressframe_CardName,Oil Press Frame
herbsfungibpoilpressframe_CardDescription,"Assemble the wooden chassis for an oil press. Requires 1 Oil Press Legs, 1 Press Bed Frame, 1 Pressing Screw, and a hammer."
herbsfungibpoilpressframe_UnlockConditionsDesc,Unlocked after crafting a Press Bed Frame
herbsfungipressbedframe_CardName,Press Bed Frame
herbsfungipressbedframe_CardDescription,A flat stone-reinforced bed frame for the oil press. Part of a larger assembly.
herbsfungibppressbedframe_CardName,Press Bed Frame
herbsfungibppressbedframe_CardDescription,"A stone-reinforced press bed for an oil press. Requires 2 planks, 1 stone, a sharp knife, and a chisel."
herbsfungibppressbedframe_UnlockConditionsDesc,Unlocked after obtaining a plank
herbsfungioilpressscrew_CardName,Pressing Screw
herbsfungioilpressscrew_CardDescription,A wooden screw mechanism for applying pressure in an oil press. Part of a larger assembly.
herbsfungibpoilpressscrew_CardName,Pressing Screw
herbsfungibpoilpressscrew_CardDescription,"A wooden screw mechanism for an oil press. Carved from a log in four stages: rough-shape with axe and knife, chisel the thread, bore the center with a spoon auger, then fit the press plate."
herbsfungibpoilpressscrew_UnlockConditionsDesc,Unlocked after obtaining a plank
herbsfungioilpressbag_CardName,Pressing Bag
herbsfungioilpressbag_CardDescription,A woven rope bag for holding seeds or herbs during oil pressing. Combine with a press plate to make a prepared press bag.
herbsfungibpoilpressbag_CardName,Pressing Bag
herbsfungibpoilpressbag_CardDescription,A woven rope bag for oil pressing. Requires 1 rope and 1 large cloth.
herbsfungibpoilpressbag_UnlockConditionsDesc,Unlocked after obtaining rope
herbsfungioilpressbagplate_CardName,Press Plate
herbsfungioilpressbagplate_CardDescription,A flat wooden plate that distributes pressure evenly across the pressing bag in an oil press.
herbsfungibpoilpressbagplate_CardName,Press Plate
herbsfungibpoilpressbagplate_CardDescription,A flat wooden pressing plate for even pressure distribution. Requires 1 plank and a sharp axe.
herbsfungibpoilpressbagplate_UnlockConditionsDesc,Unlocked after obtaining a plank
herbsfungioilpressbagprepared_CardName,Prepared Press Bag
herbsfungioilpressbagprepared_CardDescription,A pressing bag assembled with its pressure plate. Place it in the oil press and load it with seeds to extract oil.
herbsfungibpoilpressbagprepared_CardName,Prepared Press Bag
herbsfungibpoilpressbagprepared_CardDescription,Fit a pressure plate into a pressing bag ready to receive seeds in the oil press. Requires 1 pressing bag and 1 press plate.
herbsfungibpoilpressbagprepared_UnlockConditionsDesc,Unlocked after crafting a Pressing Bag
herbsfungioilpressutensils_CardName,Oil Press Utensils
herbsfungioilpressutensils_CardDescription,Wooden scrapers and tools for loading and cleaning the oil press. Part of the oil press kit.
herbsfungibpoilpressutensils_CardName,Oil Press Utensils
herbsfungibpoilpressutensils_CardDescription,Wooden scrapers and tools for the oil press. Requires 2 wood and a chisel.
herbsfungibpoilpressutensils_UnlockConditionsDesc,Unlocked after obtaining wood
herbsfungioilpresskit_CardName,Oil Press Kit
herbsfungioilpresskit_CardDescription,The portable kit form of the oil press. Use the Place action to set it up in your environment.
Herbs_And_Fungi_OilPressKit_Dismantle_ActionName,Dismantle
Herbs_And_Fungi_OilPressKit_Dismantle_ActionDescription,Break down the oil press kit and recover all components.
herbsfungibpoilpresskit_CardName,Oil Press Kit
herbsfungibpoilpresskit_CardDescription,"Assemble the complete oil press kit. Requires 1 oil press frame, 1 oil press utensils, 1 prepared press bag, 15 stone, and a hammer. Place the kit to set up the oil press."
herbsfungibpoilpresskit_UnlockConditionsDesc,Unlocked after crafting Oil Press Utensils
Herbs_And_Fungi_Perk_Alchemist_PerkName,Alchemist
Herbs_And_Fungi_Perk_Alchemist_PerkDescription,"Start with an alchemist's complete remedies collection: Herbal Salve, Tincture, Sleep Tea, Pain Relief Powder, Anti-Nausea Tea, and signature herbal teas. Well-prepared for any ailment."
Herbs_And_Fungi_Perk_Apothecary_PerkName,Apothecary
Herbs_And_Fungi_Perk_Apothecary_PerkDescription,"Start as a skilled apothecary with a medical herbs focused collection: Herbal Salves, Tinctures, Pain Relief Powders, Anti-Nausea Tea, and Sleep Teas. Focused on healing and wellness."
Herbs_And_Fungi_Perk_FungalCultivator_PerkName,Fungal Cultivator
Herbs_And_Fungi_Perk_FungalCultivator_PerkDescription,"Start with a cultivator's collection of specialty mushrooms: Chanterelles, Black Trumpets, Shiitake, and Puffballs, plus Ginseng. Ideal for those who love farming and rare fungi."
Herbs_And_Fungi_Perk_MasterHerbalist_PerkName,Master Herbalist
Herbs_And_Fungi_Perk_MasterHerbalist_PerkDescription,"Start as an experienced herbalist with a full collection of medicinal herbs and roots: Ginseng, Reishi, and Yarrow in both fresh and dried forms. Perfect for tea brewing and potion crafting."
Herbs_And_Fungi_PickleBrine_CardName,Pickle Brine
Herbs_And_Fungi_PickleBrine_CardDescription,A salt-water brine for fermenting and preserving fermentable foods. Items soaked in sealed brine will last for a long time.
Herbs_And_Fungi_PicklingVat_MakeBrine_ActionName,Make Brine
Herbs_And_Fungi_PicklingVat_MakeBrine_ActionDescription,Dissolve salt into the water to form pickle brine.
Herbs_And_Fungi_PickleVatSealed_CardName,Sealed Pickle Vat
Herbs_And_Fungi_PickleVatSealed_CardDescription,A water-sealed pickle vat fermenting in place. Takes about 5 days to fully pickle its contents.
Herbs_And_Fungi_PickleVatSealed_Progress_CardStatName,Fermenting
Herbs_And_Fungi_PickleVatSealed_Progress_OnZero_ActionDescription,Pickling Complete!
Herbs_And_Fungi_PickleVatSealed_SpecialDurability2_CardStatName,Quality
Herbs_And_Fungi_HempSeedOil_CardName,Hemp Seed Oil
Herbs_And_Fungi_HempSeedOil_CardDescription,"Cold-pressed oil extracted from hemp seeds, served in a clay bowl. Nutty and rich. Eat it, season food with it, or render it into lamp oil."
Herbs_And_Fungi_HempSeedOil_CardHelpSection,"<b>Crafted:</b> By pressing 3 Hemp Seeds + Clay Bowl on a placed Oil Press.

<b>Uses:</b> Eat directly (returns empty clay bowl), drag onto food to season, or render over a fire into lamp oil.","<b>制作：</b>在放置的油压机上压榨大麻籽。

<b>用途：</b>可直接食用、拖到食物上调味、或在火上熬炼成灯油。"
Herbs_And_Fungi_TruffleOil_CardName,Bowl of Truffle Oil
Herbs_And_Fungi_TruffleOil_CardDescription,A clay bowl of oil infused with the intoxicating aroma of rare truffles. Sip it for a luxurious pick-me-up.
Herbs_And_Fungi_TruffleOil_CardHelpSection,"<b>Crafted:</b> By pressing a Truffle + Clay Bowl at the Oil Press.

<b>Uses:</b> Drink for hunger, stress relief, and an immune boost."
Herbs_And_Fungi_WoodenPantry_CardName,Wooden Pantry
Herbs_And_Fungi_WoodenPantry_CardDescription,"A plank-built food pantry. Slows food spoilage, but wild animals can break in and eat what's inside.",一个木板制成的食品柜。减缓食物腐败，但野生动物可能会破门而入。
Herbs_And_Fungi_WoodenPantry_CardHelpSection,"<b>Spoilage:</b> Slows to 75% of normal rate.

<b>Animal-safe:</b> No. Passing wildlife (foxes, hares, badgers, and larger beasts) can raid this pantry."
Herbs_And_Fungi_WoodenPantry_DismantleActions_Place_ActionName,Place
Herbs_And_Fungi_WoodenPantry_DismantleActions_Place_ActionDescription,Set the pantry down in your environment.
Herbs_And_Fungi_WoodenPantry_DismantleActions_Dismantle_ActionName,Dismantle
Herbs_And_Fungi_WoodenPantry_DismantleActions_Dismantle_ActionDescription,Take the pantry apart to recover the planks.
Herbs_And_Fungi_WoodenPantry_DismantleActions_Dismantle_FailMessage,Empty the pantry first.
Herbs_And_Fungi_WoodenPantryPlaced_DismantleActions_PickUp_ActionName,Pick Up
Herbs_And_Fungi_WoodenPantryPlaced_DismantleActions_PickUp_ActionDescription,Pick up the pantry to carry it.
Herbs_And_Fungi_WoodenPantryPlaced_DismantleActions_PickUp_FailMessage,Empty the pantry before picking it up.
Herbs_And_Fungi_Bp_WoodenPantry_CardName,Wooden Pantry
Herbs_And_Fungi_Bp_WoodenPantry_CardDescription,"A simple plank pantry with woven shelves. Slows food spoilage, but animals can raid it. Requires 6 planks, 3 rope, and a hammer."
Herbs_And_Fungi_Bp_WoodenPantry_UnlockConditionsDesc,Plank Needed
Herbs_And_Fungi_Bp_SleepTea_CardName,Sleep Tea
Herbs_And_Fungi_Bp_SleepTea_CardDescription,Grind 2 reishi into a clay bowl to brew a soothing sleep remedy. Reduces stress and aids rest.
Herbs_And_Fungi_Bp_SleepTea_UnlockConditionsDesc,Unlocked after obtaining Ground Reishi
Herbs_And_Fungi_Bp_AntiNauseaTea_CardName,Anti-Nausea Tea
Herbs_And_Fungi_Bp_AntiNauseaTea_CardDescription,Steep 2 dried ginger pieces in a clay bowl to brew a stomach-settling remedy. Reduces nausea quickly.
Herbs_And_Fungi_Bp_AntiNauseaTea_UnlockConditionsDesc,Unlocked after obtaining Dried Ginger
Herbs_And_Fungi_Bp_StimulantTea_CardName,Stimulant Tea
Herbs_And_Fungi_Bp_StimulantTea_CardDescription,Combine ground ginseng with dried ginger in a clay bowl to brew a stimulating blend. Boosts focus and reduces stress.
Herbs_And_Fungi_Bp_StimulantTea_UnlockConditionsDesc,Unlocked after obtaining Ground Ginseng
Herbs_And_Fungi_Bp_PainReliefPowder_CardName,Pain Relief Powder
Herbs_And_Fungi_Bp_PainReliefPowder_CardDescription,Combine ground yarrow with frostleaf powder in a clay bowl for a powdered pain reliever. Frostleaf adds a mild numbing effect.
Herbs_And_Fungi_Bp_PainReliefPowder_UnlockConditionsDesc,Unlocked after obtaining Frostleaf Powder
Herbs_And_Fungi_Bp_HerbalSalve_CardName,Herbal Salve
Herbs_And_Fungi_Bp_HerbalSalve_CardDescription,Combine 2 ground yarrow with hemp seed oil in a clay bowl to make a wound-healing salve. Apply directly for faster recovery.
Herbs_And_Fungi_Bp_HerbalSalve_UnlockConditionsDesc,Unlocked after obtaining Hemp Seed Oil
Herbs_And_Fungi_Bp_HerbalTincture_CardName,Herbal Tincture
Herbs_And_Fungi_Bp_HerbalTincture_CardDescription,Press 2 dried yarrow and 1 dried reishi into a clay bowl at the oil press to extract a medicinal tincture. A bitter but effective all-purpose remedy.
Herbs_And_Fungi_Bp_HerbalTincture_UnlockConditionsDesc,Unlocked after obtaining Dried Yarrow and an Oil Press
Herbs_And_Fungi_Bp_DeathCapTincture_CardName,Death Cap Tincture
Herbs_And_Fungi_Bp_DeathCapTincture_CardDescription,Press 5 death caps at the oil press into a clay bowl to extract a parasite-killing tincture. A folk remedy that risks the cure being as bad as the affliction.
Herbs_And_Fungi_Bp_DeathCapTincture_UnlockConditionsDesc,Unlocked after obtaining a Death Cap and an Oil Press
Herbs_And_Fungi_DeathCapWard_CardName,Death Cap Ward
Herbs_And_Fungi_DeathCapWard_CardDescription,A grim totem of stakes strung with death cap mushrooms. The miasma of toxins keeps curious predators at a wary distance when placed at a location.
Herbs_And_Fungi_DeathCapWard_CardHelpSection,"<b>Use:</b> Place at your camp or any location you want to defend.

<b>Effect:</b> While a ward is placed, wild-animal encounters at that location have a chance to be averted."
Herbs_And_Fungi_DeathCapWardPlaced_CardHelpSection,<b>Effect:</b> While this ward is on this location
Herbs_And_Fungi_DeathCapWard_Place_ActionName,Place
Herbs_And_Fungi_DeathCapWard_Place_ActionDescription,Drive the ward into the ground at this location.
Herbs_And_Fungi_DeathCapWard_PickUp_ActionName,Pick Up
Herbs_And_Fungi_DeathCapWard_PickUp_ActionDescription,Pull the ward out of the ground.
Herbs_And_Fungi_DeathCapWard_Dismantle_ActionName,Dismantle
Herbs_And_Fungi_DeathCapWard_Dismantle_ActionDescription,Break down the ward. Recovers the sticks but the mushrooms are lost.
Herbs_And_Fungi_Bp_DeathCapWard_CardName,Death Cap Ward
Herbs_And_Fungi_Bp_DeathCapWard_CardDescription,Lash 5 death caps to a pair of long sticks. Place the finished ward at a location to deter wild-animal encounters.
Herbs_And_Fungi_Bp_DeathCapWard_UnlockConditionsDesc,Unlocked after obtaining a Death Cap
Herbs_And_Fungi_OpenPickleJar_CardName,Open Pickle Jar
Herbs_And_Fungi_OpenPickleJar_CardDescription,An empty ceramic pickle jar. Return it to reclaim the clay bowl lid.
Herbs_And_Fungi_OpenPickleJar_ReturnBowl_ActionName,Return Bowl
Herbs_And_Fungi_OpenPickleJar_ReturnBowl_ActionDescription,Discard the empty jar and reclaim the clay bowl lid.
Herbs_And_Fungi_HempSeedOil_Eat_ActionName,Eat
Herbs_And_Fungi_TruffleOil_Drink_ActionName,Drink
Herbs_And_Fungi_Spice_HempOil_SpiceName,Hemp Seed Oil
Herbs_And_Fungi_Bp_OilPressHerbalAppleweed_CardDescription,Press 1 fresh appleweed into an empty clay bowl to extract a soothing herbal oil.
Herbs_And_Fungi_Bp_OilPressHerbalAppleweed_CardName,Press Appleweed Oil
Herbs_And_Fungi_Bp_OilPressHerbalFairyweed_CardDescription,Press 1 fresh fairyweed into an empty clay bowl to extract an uplifting herbal oil.
Herbs_And_Fungi_Bp_OilPressHerbalFairyweed_CardName,Press Fairyweed Oil
Herbs_And_Fungi_Bp_OilPressHerbalFrostleaf_CardDescription,Press 1 fresh frostleaf into an empty clay bowl to extract a cooling herbal oil.
Herbs_And_Fungi_Bp_OilPressHerbalFrostleaf_CardName,Press Frostleaf Oil
Herbs_And_Fungi_Bp_OilPressHerbalHemp_CardDescription,Press 1 fresh hemp flower into an empty clay bowl to extract a calming herbal oil.
Herbs_And_Fungi_Bp_OilPressHerbalHemp_CardName,Press Hemp Oil
Herbs_And_Fungi_Bp_OilPressSeeds_UnlockConditionsDesc,Oil Press Needed
Herbs_And_Fungi_Bp_OilPressTruffle_UnlockConditionsDesc,Oil Press Needed
Herbs_And_Fungi_Bp_OilPress_HerbalOil_Appleweed_UnlockConditionsDesc,Oil Press Needed
Herbs_And_Fungi_Bp_OilPress_HerbalOil_Fairyweed_UnlockConditionsDesc,Oil Press Needed
Herbs_And_Fungi_Bp_OilPress_HerbalOil_Frostleaf_UnlockConditionsDesc,Oil Press Needed
Herbs_And_Fungi_Bp_OilPress_HerbalOil_Hemp_UnlockConditionsDesc,Oil Press Needed
Herbs_And_Fungi_Bp_PicklingVat_CardDescription,Shape a soft clay pickling vat. Fire it in a kiln to harden it before use. Requires 6 clay.
Herbs_And_Fungi_Bp_PicklingVat_CardName,Unfired Pickle Vat
Herbs_And_Fungi_HerbalOilAppleweed_Apply_ActionDescription,Apply the appleweed oil. Sweet and soothing effects.
Herbs_And_Fungi_HerbalOilAppleweed_Apply_ActionName,Apply
Herbs_And_Fungi_HerbalOilAppleweed_CardDescription,"A clay bowl of oil infused with appleweed essence. Apply it for sweet, soothing effects — the same as smoking the pipe, without the smoke."
Herbs_And_Fungi_HerbalOilAppleweed_CardHelpSection,"<b>Crafted:</b> By pressing 1 Fresh Appleweed + Clay Bowl at the Oil Press.
<b>Uses:</b> Apply directly for soothing wellness effects. Returns an empty clay bowl.",<b>制作：</b>在油压机上压榨1份新鲜苹果草 + 陶碗。
Herbs_And_Fungi_HerbalOilAppleweed_CardName,Appleweed Herbal Oil
Herbs_And_Fungi_HerbalOilFairyweed_Apply_ActionDescription,Apply the fairyweed oil. Mystical and uplifting effects.
Herbs_And_Fungi_HerbalOilFairyweed_Apply_ActionName,Apply
Herbs_And_Fungi_HerbalOilFairyweed_CardDescription,"A clay bowl of oil infused with fairyweed essence. Apply it for mystical, uplifting effects — the same as smoking the pipe, without the smoke.",一碗注入仙草精华的油。涂抹后获得神秘振奋的效果——与吸烟斗相同，但没有烟雾。
Herbs_And_Fungi_HerbalOilFairyweed_CardHelpSection,"<b>Crafted:</b> By pressing 1 Fresh Fairyweed + Clay Bowl at the Oil Press.
<b>Uses:</b> Apply directly for uplifting, mood-enhancing effects. Returns an empty clay bowl.",<b>制作：</b>在油压机上压榨1份新鲜仙草 + 陶碗。
Herbs_And_Fungi_HerbalOilFairyweed_CardName,Fairyweed Herbal Oil
Herbs_And_Fungi_HerbalOilFrostleaf_Apply_ActionDescription,Apply the frostleaf oil. Cool and refreshing effects.
Herbs_And_Fungi_HerbalOilFrostleaf_Apply_ActionName,Apply
Herbs_And_Fungi_HerbalOilFrostleaf_CardDescription,"A clay bowl of oil infused with frostleaf essence. Apply it for cool, refreshing pain relief — the same as smoking the pipe, without the smoke.",一碗注入冰叶精华的油。涂抹后获得清凉爽快的止痛效果——与吸烟斗相同，但没有烟雾。
Herbs_And_Fungi_HerbalOilFrostleaf_CardHelpSection,"<b>Crafted:</b> By pressing 1 Fresh Frostleaf + Clay Bowl at the Oil Press.
<b>Uses:</b> Apply directly for cooling, pain-relieving effects. Returns an empty clay bowl.",<b>制作：</b>在油压机上压榨1份新鲜冰叶 + 陶碗。
Herbs_And_Fungi_HerbalOilFrostleaf_CardName,Frostleaf Herbal Oil
Herbs_And_Fungi_HerbalOilHemp_Apply_ActionDescription,Apply the hemp oil. Calming and stress-relieving effects.
Herbs_And_Fungi_HerbalOilHemp_Apply_ActionName,Apply
Herbs_And_Fungi_HerbalOilHemp_CardDescription,"A clay bowl of oil infused with hemp flower essence. Apply it to the skin for calming, stress-relieving effects — the same as smoking the pipe, without the smoke.",一碗注入大麻花精华的油。涂抹于皮肤获得镇定、缓解压力的效果——与吸烟斗相同，但没有烟雾。
Herbs_And_Fungi_HerbalOilHemp_CardHelpSection,"<b>Crafted:</b> By pressing 1 Hemp Flower + Clay Bowl at the Oil Press.
<b>Uses:</b> Apply directly for calming and stress-relieving effects. Returns an empty clay bowl.",<b>制作：</b>在油压机上压榨1朵大麻花 + 陶碗。
Herbs_And_Fungi_HerbalOilHemp_CardName,Hemp Herbal Oil
Herbs_And_Fungi_OilPressKit_Place_ActionDescription,Set up the oil press in your environment.
Herbs_And_Fungi_OilPressKit_Place_ActionName,Place
Herbs_And_Fungi_DryingStack_Placed_CardHelpSection,"<b>Capacity:</b> Holds 3 drying trays

<b>Use:</b> Add drying trays to the rack, then fill each tray with herbs, flowers, or fungi.

<b>Benefits:</b> Organized vertical storage for efficient drying.","<b>容量:</b> 可容纳3个晾干托盘
<b>用途:</b> 像家具一样放在地上，然后添加晾干托盘。将草药、花朵或真菌装入托盘。
<b>优点:</b> 有组织的垂直存储，高效干燥。"
Herbs_And_Fungi_WoodenPantry_Placed_CardHelpSection,"<b>Spoilage:</b> Slows to 75% of normal rate.
<b>Animal-safe:</b> No. Passing wildlife (foxes, hares, badgers, and larger beasts) can raid this pantry.",<b>腐败：</b>减缓至正常速率的75%。
Herbs_And_Fungi_Bp_PickleVegetables_CardName,Pickle Vegetables
Herbs_And_Fungi_Bp_PickleVegetables_CardDescription,Pack 5 raw vegetables and a clay bowl into a brine-filled vat to begin pickling. Consumes 500 units of brine and seals the vat into 'Pickle Vegetables' (closed). Then add water to seal and wait ~7 days.
Herbs_And_Fungi_Bp_PickleVegetables_UnlockConditionsDesc,Closed Pickle Vat Needed
Herbs_And_Fungi_Bp_PickleMushrooms_CardName,Pickle Mushrooms
Herbs_And_Fungi_Bp_PickleMushrooms_CardDescription,Pack 5 raw mushrooms and a clay bowl into a brine-filled vat to begin pickling. Consumes 500 units of brine and seals the vat into 'Pickle Mushrooms' (closed). Then add water to seal and wait ~7 days.
Herbs_And_Fungi_Bp_PickleMushrooms_UnlockConditionsDesc,Closed Pickle Vat Needed
Herbs_And_Fungi_Bp_PickleMeat_CardName,Pickle Meat
Herbs_And_Fungi_Bp_PickleMeat_CardDescription,Pack 5 raw meat and a clay bowl into a brine-filled vat to begin pickling. Consumes 500 units of brine and seals the vat into 'Pickle Meat' (closed). Then add water to seal and wait ~7 days.
Herbs_And_Fungi_Bp_PickleMeat_UnlockConditionsDesc,Closed Pickle Vat Needed
Herbs_And_Fungi_Bp_PickleFrogs_CardName,Pickle Frogs
Herbs_And_Fungi_Bp_PickleFrogs_CardDescription,Pack 5 raw frogs and a clay bowl into a brine-filled vat to begin pickling. Consumes 500 units of brine and seals the vat into 'Pickle Frogs' (closed). Then add water to seal and wait ~7 days.
Herbs_And_Fungi_Bp_PickleFrogs_UnlockConditionsDesc,Closed Pickle Vat Needed
Herbs_And_Fungi_PickleVatClosedFrogs_CardName,Pickled Frogs (Closed)
Herbs_And_Fungi_PickleVatClosedFrogs_CardDescription,"A pickle vat capped with a clay bowl, packed with frogs for fermenting. Pour water over the lid to water-seal it and begin the 7-day cycle."
Herbs_And_Fungi_PickleVatClosedFrogs_SpecialDurability2_CardStatName,Quality
Herbs_And_Fungi_PickleVatClosedFrogs_Seal_ActionName,Seal
Herbs_And_Fungi_PickleVatClosedFrogs_Seal_ActionDescription,Pour water over the lid to seal the vat. Begin the frogs pickling cycle.
Herbs_And_Fungi_PickleVatClosedFrogs_Uncap_ActionName,Uncap
Herbs_And_Fungi_PickleVatClosedFrogs_Uncap_ActionDescription,Remove the clay bowl and reopen the vat. The packed frogs are lost.
Herbs_And_Fungi_PickleVatSealedFrogs_CardName,Sealed Pickled Frogs
Herbs_And_Fungi_PickleVatSealedFrogs_CardDescription,A water-sealed vat fermenting frogs. Takes about 7 days to finish.
Herbs_And_Fungi_PickleVatSealedFrogs_Progress_CardStatName,Fermenting
Herbs_And_Fungi_PickleVatSealedFrogs_Progress_OnZero_ActionDescription,Pickled Frogs are ready!
Herbs_And_Fungi_PickleVatSealedFrogs_SpecialDurability2_CardStatName,Quality
Herbs_And_Fungi_PickleVatReadyFrogs_CardName,Pickled Frogs
Herbs_And_Fungi_PickleVatReadyFrogs_CardDescription,"Frogs cured in salt brine. Eat 5 servings straight from the vat. Keeps for about 3 months. When emptied, the vat returns ready for refilling and the clay bowl is reclaimed."
Herbs_And_Fungi_PickleVatClosedVegetables_CardName,Pickled Vegetables (Closed)
Herbs_And_Fungi_PickleVatClosedVegetables_CardDescription,"A pickle vat capped with a clay bowl, packed with vegetables for fermenting. Pour water over the lid to water-seal it and begin the 7-day cycle."
Herbs_And_Fungi_PickleVatClosedVegetables_SpecialDurability2_CardStatName,Quality
Herbs_And_Fungi_PickleVatClosedVegetables_Seal_ActionName,Seal
Herbs_And_Fungi_PickleVatClosedVegetables_Seal_ActionDescription,Pour water over the lid to seal the vat. Begin the vegetables pickling cycle.
Herbs_And_Fungi_PickleVatClosedVegetables_Uncap_ActionName,Uncap
Herbs_And_Fungi_PickleVatClosedVegetables_Uncap_ActionDescription,Remove the clay bowl and reopen the vat. The packed vegetables are lost.
Herbs_And_Fungi_PickleVatSealedVegetables_CardName,Sealed Pickled Vegetables
Herbs_And_Fungi_PickleVatSealedVegetables_CardDescription,A water-sealed vat fermenting vegetables. Takes about 7 days to finish.
Herbs_And_Fungi_PickleVatSealedVegetables_Progress_CardStatName,Fermenting
Herbs_And_Fungi_PickleVatSealedVegetables_Progress_OnZero_ActionDescription,Pickled Vegetables are ready!
Herbs_And_Fungi_PickleVatSealedVegetables_SpecialDurability2_CardStatName,Quality
Herbs_And_Fungi_PickleVatReadyVegetables_CardName,Pickled Vegetables
Herbs_And_Fungi_PickleVatReadyVegetables_CardDescription,"Vegetables cured in salt brine. Eat 5 servings straight from the vat. Keeps for about 3 months. When emptied, the vat returns ready for refilling and the clay bowl is reclaimed."
Herbs_And_Fungi_PickleVatClosedMushrooms_CardName,Pickled Mushrooms (Closed)
Herbs_And_Fungi_PickleVatClosedMushrooms_CardDescription,"A pickle vat capped with a clay bowl, packed with mushrooms for fermenting. Pour water over the lid to water-seal it and begin the 7-day cycle."
Herbs_And_Fungi_PickleVatClosedMushrooms_SpecialDurability2_CardStatName,Quality
Herbs_And_Fungi_PickleVatClosedMushrooms_Seal_ActionName,Seal
Herbs_And_Fungi_PickleVatClosedMushrooms_Seal_ActionDescription,Pour water over the lid to seal the vat. Begin the mushrooms pickling cycle.
Herbs_And_Fungi_PickleVatClosedMushrooms_Uncap_ActionName,Uncap
Herbs_And_Fungi_PickleVatClosedMushrooms_Uncap_ActionDescription,Remove the clay bowl and reopen the vat. The packed mushrooms are lost.
Herbs_And_Fungi_PickleVatSealedMushrooms_CardName,Sealed Pickled Mushrooms
Herbs_And_Fungi_PickleVatSealedMushrooms_CardDescription,A water-sealed vat fermenting mushrooms. Takes about 7 days to finish.
Herbs_And_Fungi_PickleVatSealedMushrooms_Progress_CardStatName,Fermenting
Herbs_And_Fungi_PickleVatSealedMushrooms_Progress_OnZero_ActionDescription,Pickled Mushrooms are ready!
Herbs_And_Fungi_PickleVatSealedMushrooms_SpecialDurability2_CardStatName,Quality
Herbs_And_Fungi_PickleVatReadyMushrooms_CardName,Pickled Mushrooms
Herbs_And_Fungi_PickleVatReadyMushrooms_CardDescription,"Mushrooms cured in salt brine. Eat 5 servings straight from the vat. Keeps for about 3 months. When emptied, the vat returns ready for refilling and the clay bowl is reclaimed."
Herbs_And_Fungi_PickleVatClosedMeat_CardName,Pickled Meat (Closed)
Herbs_And_Fungi_PickleVatClosedMeat_CardDescription,"A pickle vat capped with a clay bowl, packed with meat for fermenting. Pour water over the lid to water-seal it and begin the 7-day cycle."
Herbs_And_Fungi_PickleVatClosedMeat_SpecialDurability2_CardStatName,Quality
Herbs_And_Fungi_PickleVatClosedMeat_Seal_ActionName,Seal
Herbs_And_Fungi_PickleVatClosedMeat_Seal_ActionDescription,Pour water over the lid to seal the vat. Begin the meat pickling cycle.
Herbs_And_Fungi_PickleVatClosedMeat_Uncap_ActionName,Uncap
Herbs_And_Fungi_PickleVatClosedMeat_Uncap_ActionDescription,Remove the clay bowl and reopen the vat. The packed meat are lost.
Herbs_And_Fungi_PickleVatSealedMeat_CardName,Sealed Pickled Meat
Herbs_And_Fungi_PickleVatSealedMeat_CardDescription,A water-sealed vat fermenting meat. Takes about 7 days to finish.
Herbs_And_Fungi_PickleVatSealedMeat_Progress_CardStatName,Fermenting
Herbs_And_Fungi_PickleVatSealedMeat_Progress_OnZero_ActionDescription,Pickled Meat is ready!
Herbs_And_Fungi_PickleVatSealedMeat_SpecialDurability2_CardStatName,Quality
Herbs_And_Fungi_PickleVatReadyMeat_CardName,Pickled Meat
Herbs_And_Fungi_PickleVatReadyMeat_CardDescription,"Meat cured in salt brine. Eat 5 servings straight from the vat. Keeps for about 3 months. When emptied, the vat returns ready for refilling and the clay bowl is reclaimed."
Herbs_And_Fungi_PickleVatReadyFrogs_SpoilageTime_CardStatName,Spoilage
Herbs_And_Fungi_PickleVatReadyFrogs_SpoilageTime_OnFull_ActionDescription,Pickled Frogs Spoiled!
Herbs_And_Fungi_PickleVatReadyFrogs_UsageDurability_CardStatName,Servings
Herbs_And_Fungi_PickleVatReadyFrogs_UsageDurability_OnZero_ActionDescription,Vat emptied.
Herbs_And_Fungi_PickleVatReadyFrogs_Eat_ActionName,Eat
Herbs_And_Fungi_PickleVatReadyFrogs_Eat_ActionDescription,Eat a serving of pickled frogs straight from the vat.
herbsfungideathcaptincture_CardName,Death Cap Tincture
herbsfungideathcaptincture_CardDescription,"A bitter, murky extract pressed from death caps. The amatoxins that kill a careless forager will also kill gut parasites - at a dose the body can (usually) survive. Expect nausea and a rough day."
herbsfungideathcaptincture_SpoilageTime_StatName,Spoilage
herbsfungideathcaptincture_SpoilageTime_Spoiled,The tincture has spoiled - the toxins remain but the therapeutic dose is gone.
herbsfungideathcaptincture_Drink,Drink
herbsfungideathcaptincture_Drink_Desc,Swallow the tincture. Kills gut parasites; causes significant nausea and mild poisoning.
herbsfungiantinauseatea_SpoilageTime_Spoiled,The anti-nausea tea has spoiled.
herbsfungiantinauseatea_SpoilageTime_StatName,Spoilage
herbsfungicookedtruffle_SpoilageTime_Spoiled,The cooked truffle has spoiled.
herbsfungicookedtruffle_SpoilageTime_StatName,Spoilage
herbsfungicookedtruffle_UsageDurability_Dried,The cooked truffle has dried out.
herbsfungicookedtruffle_UsageDurability_StatName,Dry
herbsfungidriedginger_SpoilageTime_StatName,Spoilage
herbsfungidriedtruffle_SpoilageTime_StatName,Spoilage
herbsfungiherbalsalve_SpoilageTime_Spoiled,The herbal salve has spoiled.
herbsfungiherbalsalve_SpoilageTime_StatName,Spoilage
herbsfungiherbaltincture_SpoilageTime_Spoiled,The herbal tincture has spoiled.
herbsfungiherbaltincture_SpoilageTime_StatName,Spoilage
herbsfungipainreliefpowder_SpoilageTime_Spoiled,The pain relief powder has spoiled.
herbsfungipainreliefpowder_SpoilageTime_StatName,Spoilage
herbsfungisleeptea_SpoilageTime_Spoiled,The sleep tea has spoiled.
herbsfungisleeptea_SpoilageTime_StatName,Spoilage
herbsfungistimulanttea_SpoilageTime_Spoiled,The stimulant tea has spoiled.
herbsfungistimulanttea_SpoilageTime_StatName,Spoilage
herbsfungitruffle_SpoilageTime_Spoiled,The truffle has spoiled.
herbsfungitruffle_SpoilageTime_StatName,Spoilage
herbsfungitruffle_UsageDurability_Dried,The truffle has dried out.
herbsfungitruffle_UsageDurability_StatName,Dry
Herbs_And_Fungi_PickleVatReadyMushrooms_SpoilageTime_CardStatName,Spoilage
Herbs_And_Fungi_PickleVatReadyMushrooms_SpoilageTime_OnFull_ActionDescription,Pickled Mushrooms Spoiled!
Herbs_And_Fungi_PickleVatReadyMushrooms_UsageDurability_CardStatName,Servings
Herbs_And_Fungi_PickleVatReadyMushrooms_UsageDurability_OnZero_ActionDescription,Vat emptied.
Herbs_And_Fungi_PickleVatReadyMushrooms_Eat_ActionName,Eat
Herbs_And_Fungi_PickleVatReadyMushrooms_Eat_ActionDescription,Eat a serving of pickled mushrooms straight from the vat.
Herbs_And_Fungi_PickleVatReadyMeat_SpoilageTime_CardStatName,Spoilage
Herbs_And_Fungi_PickleVatReadyMeat_SpoilageTime_OnFull_ActionDescription,Pickled Meat Spoiled!
Herbs_And_Fungi_PickleVatReadyMeat_UsageDurability_CardStatName,Servings
Herbs_And_Fungi_PickleVatReadyMeat_UsageDurability_OnZero_ActionDescription,Vat emptied.
Herbs_And_Fungi_PickleVatReadyMeat_Eat_ActionName,Eat
Herbs_And_Fungi_PickleVatReadyMeat_Eat_ActionDescription,Eat a serving of pickled meat straight from the vat.
Herbs_And_Fungi_PickleVatReadyVegetables_SpoilageTime_CardStatName,Spoilage
Herbs_And_Fungi_PickleVatReadyVegetables_SpoilageTime_OnFull_ActionDescription,Pickled Vegetables Spoiled!
Herbs_And_Fungi_PickleVatReadyVegetables_UsageDurability_CardStatName,Servings
Herbs_And_Fungi_PickleVatReadyVegetables_UsageDurability_OnZero_ActionDescription,Vat emptied.
Herbs_And_Fungi_PickleVatReadyVegetables_Eat_ActionName,Eat
Herbs_And_Fungi_PickleVatReadyVegetables_Eat_ActionDescription,Eat a serving of pickled vegetables straight from the vat.
Herbs_And_Fungi_Perk_OilPress_PerkName,Oil Press
Herbs_And_Fungi_Perk_OilPress_PerkDescription,"Start with an Oil Press Kit. Place it to press seeds, mushrooms, and truffles into oils for cooking and herbal preparations."
Herbs_And_Fungi_MushroomLogShiitakeGrowing_CardName,Growing Fungal Log
Herbs_And_Fungi_MushroomLogShiitakeGrowing_CardDescription,A freshly inoculated mushroom log. Keep it indoors or sheltered while the mycelium runs through the deadwood.
Herbs_And_Fungi_MushroomLogShiitakeGrowing_CardHelpSection,"<b>Growth Time:</b> About 5 days.

<b>Harvest:</b> Becomes a ready shiitake log when fully colonized."
Herbs_And_Fungi_MushroomLogShiitakeGrowing_Progress_CardStatName,Colonizing
Herbs_And_Fungi_MushroomLogShiitakeGrowing_Progress_OnFull_ActionDescription,Shiitake log is ready to harvest!
Herbs_And_Fungi_MushroomLogShiitakeGrowing_BreakDown_ActionName,Break Down
Herbs_And_Fungi_MushroomLogShiitakeGrowing_BreakDown_ActionDescription,"Break apart the inoculated log. Recovers the log, but the mushrooms and shavings are lost."
Herbs_And_Fungi_MushroomLogShiitakeMature_CardName,Ready Shiitake Log
Herbs_And_Fungi_MushroomLogShiitakeMature_CardDescription,A cultivated log covered with ready-to-pick shiitake mushrooms.
Herbs_And_Fungi_MushroomLogShiitakeMature_CardHelpSection,"<b>Harvest:</b> Pick the final shiitake flush for 20 fresh mushrooms, using up the log."
Herbs_And_Fungi_MushroomLogShiitakeMature_Harvest_ActionName,Harvest
Herbs_And_Fungi_MushroomLogShiitakeMature_Harvest_ActionDescription,Pick 20 fresh shiitake mushrooms and break down the spent log.
Herbs_And_Fungi_Bp_MushroomLogShiitake_CardName,Inoculate Shiitake Log
Herbs_And_Fungi_Bp_MushroomLogShiitake_CardDescription,"Use a spoon auger to bore spawn holes in a vanilla log, then pack it with 5 shiitake mushrooms and wood shavings.,"
Herbs_And_Fungi_Bp_MushroomLogShiitake_UnlockConditionsDesc,Unlocked after obtaining a shiitake mushroom
Herbs_And_Fungi_MushroomLogLionsManeGrowing_CardName,Growing Fungal Log
Herbs_And_Fungi_MushroomLogLionsManeGrowing_CardDescription,A freshly inoculated mushroom log. Keep it indoors or sheltered while the mycelium runs through the deadwood.
Herbs_And_Fungi_MushroomLogLionsManeGrowing_CardHelpSection,"<b>Growth Time:</b> About 5 days.

<b>Harvest:</b> Becomes a ready lion's mane log when fully colonized."
Herbs_And_Fungi_MushroomLogLionsManeGrowing_Progress_CardStatName,Colonizing
Herbs_And_Fungi_MushroomLogLionsManeGrowing_Progress_OnFull_ActionDescription,Lion's mane log is ready to harvest!
Herbs_And_Fungi_MushroomLogLionsManeGrowing_BreakDown_ActionName,Break Down
Herbs_And_Fungi_MushroomLogLionsManeGrowing_BreakDown_ActionDescription,"Break apart the inoculated log. Recovers the log, but the mushrooms and shavings are lost."
Herbs_And_Fungi_MushroomLogLionsManeMature_CardName,Ready Lion's Mane Log
Herbs_And_Fungi_MushroomLogLionsManeMature_CardDescription,A cultivated log covered with ready-to-pick lion's mane mushrooms.
Herbs_And_Fungi_MushroomLogLionsManeMature_CardHelpSection,"<b>Harvest:</b> Pick the final lion's mane flush for 20 fresh mushrooms, using up the log."
Herbs_And_Fungi_MushroomLogLionsManeMature_Harvest_ActionName,Harvest
Herbs_And_Fungi_MushroomLogLionsManeMature_Harvest_ActionDescription,Pick 20 fresh lion's mane mushrooms and break down the spent log.
Herbs_And_Fungi_Bp_MushroomLogLionsMane_CardName,Inoculate Lion's Mane Log
Herbs_And_Fungi_Bp_MushroomLogLionsMane_CardDescription,"Use a spoon auger to bore spawn holes in a vanilla log, then pack it with 5 lion's mane mushrooms and wood shavings.,"
Herbs_And_Fungi_Bp_MushroomLogLionsMane_UnlockConditionsDesc,Unlocked after obtaining a lion's mane mushroom
Herbs_And_Fungi_MushroomLogReishiGrowing_CardName,Growing Fungal Log
Herbs_And_Fungi_MushroomLogReishiGrowing_CardDescription,A freshly inoculated mushroom log. Keep it indoors or sheltered while the mycelium runs through the deadwood.
Herbs_And_Fungi_MushroomLogReishiGrowing_CardHelpSection,"<b>Growth Time:</b> About 5 days.

<b>Harvest:</b> Becomes a ready reishi log when fully colonized."
Herbs_And_Fungi_MushroomLogReishiGrowing_Progress_CardStatName,Colonizing
Herbs_And_Fungi_MushroomLogReishiGrowing_Progress_OnFull_ActionDescription,Reishi log is ready to harvest!
Herbs_And_Fungi_MushroomLogReishiGrowing_BreakDown_ActionName,Break Down
Herbs_And_Fungi_MushroomLogReishiGrowing_BreakDown_ActionDescription,"Break apart the inoculated log. Recovers the log, but the mushrooms and shavings are lost."
Herbs_And_Fungi_MushroomLogReishiMature_CardName,Ready Reishi Log
Herbs_And_Fungi_MushroomLogReishiMature_CardDescription,A cultivated log covered with ready-to-pick reishi mushrooms.
Herbs_And_Fungi_MushroomLogReishiMature_CardHelpSection,"<b>Harvest:</b> Pick the final reishi flush for 20 fresh mushrooms, using up the log."
Herbs_And_Fungi_MushroomLogReishiMature_Harvest_ActionName,Harvest
Herbs_And_Fungi_MushroomLogReishiMature_Harvest_ActionDescription,Pick 20 fresh reishi mushrooms and break down the spent log.
Herbs_And_Fungi_Bp_MushroomLogReishi_CardName,Inoculate Reishi Log
Herbs_And_Fungi_Bp_MushroomLogReishi_CardDescription,"Use a spoon auger to bore spawn holes in a vanilla log, then pack it with 5 reishi mushrooms and wood shavings.,"
Herbs_And_Fungi_Bp_MushroomLogReishi_UnlockConditionsDesc,Unlocked after obtaining a reishi mushroom
Herbs_And_Fungi_MushroomLogChickenOfWoodsGrowing_CardName,Growing Fungal Log
Herbs_And_Fungi_MushroomLogChickenOfWoodsGrowing_CardDescription,A freshly inoculated mushroom log. Keep it indoors or sheltered while the mycelium runs through the deadwood.
Herbs_And_Fungi_MushroomLogChickenOfWoodsGrowing_CardHelpSection,"<b>Growth Time:</b> About 5 days.

<b>Harvest:</b> Becomes a ready chicken of the woods log when fully colonized."
Herbs_And_Fungi_MushroomLogChickenOfWoodsGrowing_Progress_CardStatName,Colonizing
Herbs_And_Fungi_MushroomLogChickenOfWoodsGrowing_Progress_OnFull_ActionDescription,Chicken of the woods log is ready to harvest!
Herbs_And_Fungi_MushroomLogChickenOfWoodsGrowing_BreakDown_ActionName,Break Down
Herbs_And_Fungi_MushroomLogChickenOfWoodsGrowing_BreakDown_ActionDescription,"Break apart the inoculated log. Recovers the log, but the mushrooms and shavings are lost."
Herbs_And_Fungi_MushroomLogChickenOfWoodsMature_CardName,Ready Chicken of the Woods Log
Herbs_And_Fungi_MushroomLogChickenOfWoodsMature_CardDescription,A cultivated log covered with ready-to-pick chicken of the woods mushrooms.
Herbs_And_Fungi_MushroomLogChickenOfWoodsMature_CardHelpSection,"<b>Harvest:</b> Pick the final chicken of the woods flush for 20 fresh mushrooms, using up the log."
Herbs_And_Fungi_MushroomLogChickenOfWoodsMature_Harvest_ActionName,Harvest
Herbs_And_Fungi_MushroomLogChickenOfWoodsMature_Harvest_ActionDescription,Pick 20 fresh chicken of the woods mushrooms and break down the spent log.
Herbs_And_Fungi_Bp_MushroomLogChickenOfWoods_CardName,Inoculate Chicken Log
Herbs_And_Fungi_Bp_MushroomLogChickenOfWoods_CardDescription,"Use a spoon auger to bore spawn holes in a vanilla log, then pack it with 5 chicken of the woods mushrooms and wood shavings.,"
Herbs_And_Fungi_Bp_MushroomLogChickenOfWoods_UnlockConditionsDesc,Unlocked after obtaining chicken of the woods
Herbs_And_Fungi_MushroomLogGoldenOysterGrowing_CardName,Growing Fungal Log
Herbs_And_Fungi_MushroomLogGoldenOysterGrowing_CardDescription,A freshly inoculated mushroom log. Keep it indoors or sheltered while the mycelium runs through the deadwood.
Herbs_And_Fungi_MushroomLogGoldenOysterGrowing_CardHelpSection,"<b>Growth Time:</b> About 5 days.

<b>Harvest:</b> Becomes a ready golden oyster log when fully colonized."
Herbs_And_Fungi_MushroomLogGoldenOysterGrowing_Progress_CardStatName,Colonizing
Herbs_And_Fungi_MushroomLogGoldenOysterGrowing_Progress_OnFull_ActionDescription,Golden oyster log is ready to harvest!
Herbs_And_Fungi_MushroomLogGoldenOysterGrowing_BreakDown_ActionName,Break Down
Herbs_And_Fungi_MushroomLogGoldenOysterGrowing_BreakDown_ActionDescription,"Break apart the inoculated log. Recovers the log, but the mushrooms and shavings are lost."
Herbs_And_Fungi_MushroomLogGoldenOysterMature_CardName,Ready Golden Oyster Log
Herbs_And_Fungi_MushroomLogGoldenOysterMature_CardDescription,A cultivated log covered with ready-to-pick golden oyster mushrooms.
Herbs_And_Fungi_MushroomLogGoldenOysterMature_CardHelpSection,"<b>Harvest:</b> Pick the final golden oyster flush for 20 fresh mushrooms, using up the log."
Herbs_And_Fungi_MushroomLogGoldenOysterMature_Harvest_ActionName,Harvest
Herbs_And_Fungi_MushroomLogGoldenOysterMature_Harvest_ActionDescription,Pick 20 fresh golden oyster mushrooms and break down the spent log.
Herbs_And_Fungi_Bp_MushroomLogGoldenOyster_CardName,Inoculate Golden Oyster Log
Herbs_And_Fungi_Bp_MushroomLogGoldenOyster_CardDescription,"Use a spoon auger to bore spawn holes in a vanilla log, then pack it with 5 golden oyster mushrooms and wood shavings.,"
Herbs_And_Fungi_Bp_MushroomLogGoldenOyster_UnlockConditionsDesc,Unlocked after obtaining a golden oyster mushroom
Herbs_And_Fungi_MushroomLogKingOysterGrowing_CardName,Growing Fungal Log
Herbs_And_Fungi_MushroomLogKingOysterGrowing_CardDescription,A freshly inoculated mushroom log. Keep it indoors or sheltered while the mycelium runs through the deadwood.
Herbs_And_Fungi_MushroomLogKingOysterGrowing_CardHelpSection,"<b>Growth Time:</b> About 5 days.

<b>Harvest:</b> Becomes a ready king oyster log when fully colonized."
Herbs_And_Fungi_MushroomLogKingOysterGrowing_Progress_CardStatName,Colonizing
Herbs_And_Fungi_MushroomLogKingOysterGrowing_Progress_OnFull_ActionDescription,King oyster log is ready to harvest!
Herbs_And_Fungi_MushroomLogKingOysterGrowing_BreakDown_ActionName,Break Down
Herbs_And_Fungi_MushroomLogKingOysterGrowing_BreakDown_ActionDescription,"Break apart the inoculated log. Recovers the log, but the mushrooms and shavings are lost."
Herbs_And_Fungi_MushroomLogKingOysterMature_CardName,Ready King Oyster Log
Herbs_And_Fungi_MushroomLogKingOysterMature_CardDescription,A cultivated log covered with ready-to-pick king oyster mushrooms.
Herbs_And_Fungi_MushroomLogKingOysterMature_CardHelpSection,"<b>Harvest:</b> Pick the final king oyster flush for 20 fresh mushrooms, using up the log."
Herbs_And_Fungi_MushroomLogKingOysterMature_Harvest_ActionName,Harvest
Herbs_And_Fungi_MushroomLogKingOysterMature_Harvest_ActionDescription,Pick 20 fresh king oyster mushrooms and break down the spent log.
Herbs_And_Fungi_Bp_MushroomLogKingOyster_CardName,Inoculate King Oyster Log
Herbs_And_Fungi_Bp_MushroomLogKingOyster_CardDescription,"Use a spoon auger to bore spawn holes in a vanilla log, then pack it with 5 king oyster mushrooms and wood shavings.,"
Herbs_And_Fungi_Bp_MushroomLogKingOyster_UnlockConditionsDesc,Unlocked after obtaining a king oyster mushroom
Herbs_And_Fungi_PickleVatClosed_CardName,Closed Pickle Vat
Herbs_And_Fungi_PickleVatClosed_CardDescription,A pickle vat capped with a clay bowl. Pour water over the lid to water-seal the jar for fermentation.
Herbs_And_Fungi_PickleVatClosed_Seal_ActionName,Seal
Herbs_And_Fungi_PickleVatClosed_Seal_ActionDescription,Pour water over the lid to create a water seal. Places the jar in your environment to begin fermenting.
Herbs_And_Fungi_PickleVatClosed_Uncap_ActionName,Uncap
Herbs_And_Fungi_PickleVatClosed_Uncap_ActionDescription,Remove the clay bowl lid and reopen the vat.
Herbs_And_Fungi_PickleVatClosed_SpecialDurability2_CardStatName,Quality
Herbs_And_Fungi_PickleVatReady_CardName,Ready Pickle Vat
Herbs_And_Fungi_PickleVatReady_CardDescription,Fermentation is complete. Harvest the vat to crack it open and reclaim the empty vat and bowl.
Herbs_And_Fungi_PickleVatReady_Harvest_ActionName,Harvest
Herbs_And_Fungi_PickleVatReady_Harvest_ActionDescription,Crack the seal and reclaim the empty vat and bowl.
Herbs_And_Fungi_Bp_DryingStack_CardName,Drying Stack
Herbs_And_Fungi_Bp_DryingStack_CardDescription,A vertical wooden rack for storing multiple drying trays. Requires 4 planks and a hammer.
Herbs_And_Fungi_Bp_DryingStack_UnlockConditionsDesc,Unlocked after crafting or obtaining a Drying Tray
Herbs_And_Fungi_Bp_DryingTray_CardName,Drying Tray
Herbs_And_Fungi_Bp_DryingTray_CardDescription,A woven tray with fine mesh for drying herbs. Requires 4 reeds or willow twigs and 2 twine.
Herbs_And_Fungi_Bp_DryingTray_UnlockConditionsDesc,Unlocked after obtaining Dry Reeds
Herbs_And_Fungi_DryingStack_DismantleActions_Place_ActionName,Place
Herbs_And_Fungi_DryingStackPlaced_DismantleActions_PickUp_ActionName,Pick Up
Herbs_And_Fungi_LionsManeDried_OnStatsChangeActions[0]_ActionName,Finish Rotary Quern Grinding
Herbs_And_Fungi_LionsManeDried_SpecialDurability3_CardStatName,Mill
Herbs_And_Fungi_MorelMushroom_CardName,Morel Mushroom
Herbs_And_Fungi_MorelMushroom_CardDescription,A prized honeycomb-capped morel found in autumn forests. Delicious when cooked but must never be eaten raw.
herbsfungigingercut_UsageDurability_StatName,Dry
Herbs_And_Fungi_MorelMushroom_CardHelpSection,"<b>Season:</b> Autumn

<b>警告：</b>食用前必须烹饪——生羊肚菌有轻微毒性。

<b>营养：</b>烹饪后蛋白质和矿物质含量极佳。"
Herbs_And_Fungi_Perk_AddFungi_PerkName,Add Fungi
Herbs_And_Fungi_Perk_AddFungi_PerkDescription,"Start with forageable fungi: Morels (spring), Golden & King Oysters (summer), Lion's Mane (fall, cognitive boost). Can be dried, cooked, or ground into medicinal powders."
Herbs_And_Fungi_Perk_EdiblesKit_PerkName,Edibles Kit
Herbs_And_Fungi_Perk_EdiblesKit_PerkDescription,"Hemp cooking kit: 3 Fat, 4 Dried Hemp Flowers, 3 Raw Meat, 1 Clay Bowl. Craft hemp butter with 3x stronger effects than smoking. Dose carefully!"
Herbs_And_Fungi_Perk_MushroomBasket_PerkName,Mushroom Basket
Herbs_And_Fungi_Perk_MushroomBasket_PerkDescription,"Start with a hand basket filled with a bountiful mushroom harvest: Morels (gourmet), Golden & King Oysters (meaty), Black Trumpets (earthy), Shiitake (immune boost), Lion's Mane (cognitive), Forest Caps, and Spirit Mushrooms. All can be dried or cooked."
Herbs_And_Fungi_Perk_SmokeKit_PerkName,Smoke Kit
Herbs_And_Fungi_Perk_SmokeKit_PerkDescription,"Herbal medicine kit: Reusable Herb Pipe + 4 powders each (Hemp: calming, Fairyweed: pain relief, Appleweed: energy, Frostleaf: anti-inflammatory) + 10 Fiber."
Herbs_And_Fungi_DryingStackPlaced_DismantleActions_PickUp_ActionDescription,Pick up the drying stack and carry it.
Herbs_And_Fungi_DryingStack_DismantleActions_Place_ActionDescription,Place the drying stack in your environment.
Herbs_And_Fungi_HempButterActive_CardDescription,Aromatic liquid hemp butter with activated psychoactive compounds. Needs to cool and solidify before use.
Herbs_And_Fungi_HempButterActive_CardHelpSection,"<b>State:</b> Liquid when hot.

<b>Usage:</b> Let it dry to create solid hemp butter that can be added to foods."
Herbs_And_Fungi_HempButterActive_CardName,Active Hemp Butter
Herbs_And_Fungi_HempButterActive_FuelCapacity_CardStatName,Temperature
Herbs_And_Fungi_HempButterActive_Progress_CardStatName,Wetness
Herbs_And_Fungi_HempButterActive_Progress_OnZero_ActionDescription,The hemp butter has solidified. It's now ready to be added to foods.
Herbs_And_Fungi_HempButterActive_SpecialDurability2_CardStatName,Quality
Herbs_And_Fungi_HempButterActive_SpoilageTime_CardStatName,Spoilage
Herbs_And_Fungi_HempButterActive_SpoilageTime_OnFull_ActionDescription,Active Hemp Butter Spoiled!
Herbs_And_Fungi_HempButterInactive_CardDescription,Raw mixture of fat and ground hemp flower. Must be heated at cooking temperature for 60-90 minutes to activate the compounds.
Herbs_And_Fungi_HempButterInactive_CardHelpSection,"<b>Usage:</b> Place in a container on a fire and heat slowly.

<b>Activation:</b> Requires sustained heat to activate psychoactive properties."
Herbs_And_Fungi_HempButterInactive_CardInteractions0_ActionDescription,"The butter melts quickly in the flames! You need to cook it in a bowl or pot, not directly on fire."
Herbs_And_Fungi_HempButterInactive_CardInteractions0_ActionName,Melt
Herbs_And_Fungi_HempButterInactive_CardName,Inactive Hemp Butter
Herbs_And_Fungi_HempButterInactive_FuelCapacity_CardStatName,Temperature
Herbs_And_Fungi_HempButterInactive_Progress_CardStatName,Activation Progress
Herbs_And_Fungi_HempButterInactive_Progress_OnFull_ActionDescription,Hemp butter has been activated! The aromatic liquid contains powerful psychoactive compounds.
Herbs_And_Fungi_HempButterInactive_SpecialDurability2_CardStatName,Quality
Herbs_And_Fungi_HempButterInactive_SpoilageTime_CardStatName,Spoilage
Herbs_And_Fungi_HempButterInactive_SpoilageTime_OnFull_ActionDescription,Inactive Hemp Butter Spoiled!
Herbs_And_Fungi_HempButter_CardDescription,"Solid hemp-infused fat with activated psychoactive properties. Can be consumed in small, medium, or large doses. Effects are 3x stronger than burning hemp flowers. High doses may trigger anxiety."
Herbs_And_Fungi_HempButter_CardHelpSection,"<b>Dosing:</b> Choose your dose carefully.
<b>Mild:</b> Pleasant effects.
<b>Medium:</b> Strong effects, small anxiety risk.
<b>High:</b> Very strong effects, high anxiety risk.

<b>Warning:</b> Does not repel mosquitoes like burning does."
Herbs_And_Fungi_HempButter_CardName,Hemp Butter
Herbs_And_Fungi_HempButter_DismantleActions0_ActionDescription,"Eat a small amount. Gentle effects, pleasant experience."
Herbs_And_Fungi_HempButter_DismantleActions0_ActionName,Consume Mild Dose
Herbs_And_Fungi_HempButter_DismantleActions1_ActionDescription,Eat a moderate amount. Strong effects with small risk of anxiety.
Herbs_And_Fungi_HempButter_DismantleActions1_ActionName,Consume Medium Dose
Herbs_And_Fungi_HempButter_DismantleActions2_ActionDescription,Eat the entire portion. Extremely strong effects with HIGH risk of anxiety attack!
Herbs_And_Fungi_HempButter_DismantleActions2_ActionName,Consume High Dose
Herbs_And_Fungi_HempButter_SpecialDurability2_CardStatName,Quality
Herbs_And_Fungi_HempButter_SpoilageTime_CardStatName,Spoilage
Herbs_And_Fungi_HempButter_SpoilageTime_OnFull_ActionDescription,Hemp Butter Spoiled!
Herbs_And_Fungi_HempButter_UsageDurability_CardStatName,Doses
Herbs_And_Fungi_HempFlowerDried_CardDescription,Dried flowering tops with psychoactive properties. Can be ground into powder or burned on fires to create aromatic smoke with mood-enhancing effects.
herbsfungidriedreishi_OnStatsChangeActions[0]_ActionName,Finish Rotary Quern Grinding
herbsfungidriedreishi_SpecialDurability3_CardStatName,Mill
herbsfungiyarrowdried_OnStatsChangeActions[0]_ActionName,Finish Rotary Quern Grinding
herbsfungiyarrowdried_SpecialDurability3_CardStatName,Mill
Herbs_And_Fungi_HempFlowerDried_CardHelpSection,"<b>Processing:</b> Grind with rock for premium quality (+50), or use axes/knives/quern/mortar for standard quality (+25).

<b>燃烧：</b>在任何火上燃烧以产生改善情绪和减轻焦虑的烟雾。每朵花在室内空间增加5%烟雾。

<b>警告：</b>过多烟雾（3朵以上）尽管有心理益处但会变得有害。"
Herbs_And_Fungi_HempFlowerDried_CardInteractions[0]_ActionDescription,Premium grinding with rock. Increases quality by 50 and costs less effort.
Herbs_And_Fungi_HempFlowerDried_CardInteractions[0]_ActionName,Grind
Herbs_And_Fungi_HempFlowerDried_CardInteractions[1]_ActionDescription,"Standard grinding with axes, knives, quern, or mortar. Increases quality by 25 but uses more energy."
Herbs_And_Fungi_HempFlowerDried_CardInteractions[1]_ActionName,Grind
Herbs_And_Fungi_HempFlowerDried_CardInteractions[2]_ActionDescription,"Burn on fire to create aromatic smoke. Improves mood and reduces anxiety. Outdoors: repels mosquitoes but alerts all animals in the area, preventing sneak attacks. Indoors: adds 5% smoke to enclosed spaces."
Herbs_And_Fungi_HempFlowerDried_CardInteractions[2]_ActionName,Burn
Herbs_And_Fungi_HempFlowerDried_CardName,Dried Hemp Flower
Herbs_And_Fungi_HempFlowerDried_OnStatsChangeActions[0]_ActionName,Finish Rotary Quern Grinding
Herbs_And_Fungi_HempFlowerDried_SpecialDurability2_CardStatName,Quality
Herbs_And_Fungi_HempFlowerDried_SpecialDurability3_CardStatName,Mill
Herbs_And_Fungi_HempFlowerDried_SpoilageTime_CardStatName,Spoilage
Herbs_And_Fungi_HempFlowerDried_SpoilageTime_OnFull_ActionDescription,Dried Hemp Flower Spoiled!
Herbs_And_Fungi_HempFlowerPowder_CardDescription,Finely ground hemp flower powder with enhanced properties. The highest quality form of processed hemp flowers.
Herbs_And_Fungi_HempFlowerPowder_CardHelpSection,"<b>Quality:</b> Premium product with strongest effects.

<b>Storage:</b> Excellent preservation properties."
Herbs_And_Fungi_HempFlowerPowder_CardInteractions0_ActionDescription,Combine with fat or butter to create inactive hemp butter. Must be heated for 60-90 minutes to activate.
Herbs_And_Fungi_HempFlowerPowder_CardInteractions0_ActionName,Mix with Fat or Butter
Herbs_And_Fungi_HempFlowerPowder_CardInteractions1_ActionDescription,Burn with fire to create aromatic smoke. Improves mood and reduces anxiety.
Herbs_And_Fungi_HempFlowerPowder_CardInteractions1_ActionName,Burn
Herbs_And_Fungi_HempFlowerPowder_CardName,Hemp Flower Powder
Herbs_And_Fungi_HempFlowerPowder_SpecialDurability2_CardStatName,Quality
Herbs_And_Fungi_HempFlowerPowder_SpoilageTime_CardStatName,Spoilage
Herbs_And_Fungi_HempFlowerPowder_SpoilageTime_OnFull_ActionDescription,Hemp Flower Powder Spoiled!
Herbs_And_Fungi_HempFlower_CardDescription,Fragrant flowering tops of the hemp plant. Can be harvested for seeds or dried for preservation.
Herbs_And_Fungi_HempFlower_CardHelpSection,"<b>Uses:</b> Harvest seeds for planting.

<b>Drying:</b> Can be dried to preserve longer."
Herbs_And_Fungi_HempFlower_CardInteractions_HarvestSeeds_ActionDescription,Extract seeds from the flower. Yields 1-3 seeds.
Herbs_And_Fungi_HempFlower_CardInteractions_HarvestSeeds_ActionName,Harvest Seeds
Herbs_And_Fungi_HempFlower_CardName,Hemp Flower
Herbs_And_Fungi_HempFlower_SpecialDurability2_CardStatName,Quality
Herbs_And_Fungi_HempFlower_SpoilageTime_CardStatName,Spoilage
Herbs_And_Fungi_HempFlower_SpoilageTime_OnFull_ActionDescription,Hemp Flower Spoiled!
Herbs_And_Fungi_HempFlower_UsageDurability_CardStatName,Drying
Herbs_And_Fungi_HempFlower_UsageDurability_OnFull_ActionDescription,Hemp Flower dried!
Herbs_And_Fungi_HempPlantGrowing_CardDescription,"A young hemp plant growing in a garden. Needs time to mature before harvesting stalks, flowers, and seeds."
Herbs_And_Fungi_HempPlantGrowing_CardHelpSection,"<b>Growth Time:</b> 7 days. 

<b>Produces:</b> Hemp stalks, flowers, and seeds when mature."
Herbs_And_Fungi_HempPlantGrowing_CardName,Growing Hemp Plant
Herbs_And_Fungi_HempPlantGrowing_DismantleActions_ActionName,Uproot
Herbs_And_Fungi_HempPlantGrowing_Progress_CardStatName,Growth
Herbs_And_Fungi_HempPlantGrowing_Progress_OnFull_ActionDescription,Hemp Plant is Mature!
Herbs_And_Fungi_HempPlantMature_CardDescription,A fully mature hemp plant ready for harvest. Pull the plant to collect stalks and flowers.
Herbs_And_Fungi_HempPlantMature_CardHelpSection,<b>Harvest:</b> Pull to collect hemp stalks and flowers.
Herbs_And_Fungi_HempPlantMature_CardName,Mature Hemp Plant
Herbs_And_Fungi_HempPlantMature_DismantleActions_ActionDescription,Harvest the hemp plant for stalks and flowers.
Herbs_And_Fungi_HempPlantMature_DismantleActions_ActionName,Harvest
Herbs_And_Fungi_HempSeedsRoasted_CardDescription,Nutritious roasted seeds. Can be eaten or used as seasoning.
Herbs_And_Fungi_HempSeedsRoasted_CardHelpSection,"<b>Found:</b> Roast raw hemp seeds on a fire. 

<b>Uses:</b> Food source, oil production, fiber cultivation."
Herbs_And_Fungi_HempSeedsRoasted_CardInteractions_Add_ActionName,Add
Herbs_And_Fungi_HempSeedsRoasted_CardName,Roasted Hemp Seeds
Herbs_And_Fungi_HempSeedsRoasted_DismantleActions_Eat_ActionName,Eat
Herbs_And_Fungi_HempSeedsRoasted_FuelCapacity_CardStatName,Temperature
Herbs_And_Fungi_HempSeedsRoasted_SpoilageTime_CardStatName,Spoilage
Herbs_And_Fungi_HempSeedsRoasted_SpoilageTime_OnFull_ActionDescription,Roasted Hemp Seeds Spoiled!
Herbs_And_Fungi_HempSeeds_CardDescription,"Nutritious seeds from hemp plants. Can be eaten raw, pressed for oil, or planted to grow hemp fiber."
Herbs_And_Fungi_HempSeeds_CardHelpSection,"<b>Found:</b> Character creation perk. 

<b>Uses:</b> Food source, oil production, fiber cultivation.","<b>获取：</b>角色创建特权。

<b>用途：</b>食物来源、榨油和纤维种植。"
Herbs_And_Fungi_HempSeeds_CardInteractions_Add_ActionDescription,Plant a single hemp seed in a garden plot to grow an individual plant.
Herbs_And_Fungi_HempSeeds_CardInteractions_Add_ActionName,Add
Herbs_And_Fungi_HempSeeds_CardInteractions_Plant_ActionDescription,Plant 4 hemp seeds in a tilled field to start growing a hemp crop.
Herbs_And_Fungi_HempSeeds_CardInteractions_Plant_ActionName,Plant
Herbs_And_Fungi_HempSeeds_CardName,Hemp Seeds
Herbs_And_Fungi_HempSeeds_DismantleActions_Eat_ActionName,Eat
Herbs_And_Fungi_HempSeeds_DismantleActions_Roast_ActionName,Roast
Herbs_And_Fungi_HempSeeds_SpoilageTime_CardStatName,Spoilage
Herbs_And_Fungi_HempSeeds_SpoilageTime_OnFull_ActionDescription,Hemp Seeds Spoiled!
Herbs_And_Fungi_HempStalks_CardDescription,Can be processed to extract fibers for crafting.
Herbs_And_Fungi_HempStalks_CardHelpSection,"Hemp stalks contain strong fibers that can be extracted and used for making twine, rope, and fabric.",大麻茎含有强韧纤维，可提取后用于制作麻线、绳索和布料。
Herbs_And_Fungi_HempStalks_CardName,Hemp Stalks
Herbs_And_Fungi_HempStalks_DismantleActions_Extract_ActionDescription,Separate the fibers from the stalks.
Herbs_And_Fungi_HempStalks_DismantleActions_Extract_ActionName,Extract Fibers
Herbs_And_Fungi_HempStalks_SpecialDurability2_CardStatName,Quality
Herbs_And_Fungi_HerbPipeAppleweed_CardDescription,A carved wooden pipe loaded with appleweed powder. Ready to smoke.
Herbs_And_Fungi_HerbPipeAppleweed_CardInteractions0_ActionDescription,Light and smoke the appleweed. Sweet and soothing effects.
Herbs_And_Fungi_HerbPipeAppleweed_CardInteractions0_ActionName,Smoke Appleweed
Herbs_And_Fungi_HerbPipeAppleweed_CardName,Herb Pipe (Appleweed)
Herbs_And_Fungi_HerbPipeAppleweed_DismantleActions0_ActionDescription,Dump out the appleweed powder without smoking it.
Herbs_And_Fungi_HerbPipeAppleweed_DismantleActions0_ActionName,Empty Pipe
Herbs_And_Fungi_HerbPipeAppleweed_OnZero,Pipe Empty!
Herbs_And_Fungi_HerbPipeAppleweed_SpecialDurability2_CardStatName,Quality
Herbs_And_Fungi_HerbPipeFairyweed_CardDescription,A carved wooden pipe loaded with fairyweed powder. Ready to smoke.
Herbs_And_Fungi_HerbPipeFairyweed_CardInteractions0_ActionDescription,Light and smoke the fairyweed. Mystical and uplifting effects.
Herbs_And_Fungi_HerbPipeFairyweed_CardInteractions0_ActionName,Smoke Fairyweed
Herbs_And_Fungi_HerbPipeFairyweed_CardName,Herb Pipe (Fairyweed)
Herbs_And_Fungi_HerbPipeFairyweed_DismantleActions0_ActionDescription,Dump out the fairyweed powder without smoking it.
Herbs_And_Fungi_HerbPipeFairyweed_DismantleActions0_ActionName,Empty Pipe
Herbs_And_Fungi_HerbPipeFairyweed_OnZero,Pipe Empty!
Herbs_And_Fungi_HerbPipeFairyweed_SpecialDurability2_CardStatName,Quality
Herbs_And_Fungi_HerbPipeFrostleaf_CardDescription,A carved wooden pipe loaded with frostleaf powder. Ready to smoke.
Herbs_And_Fungi_HerbPipeFrostleaf_CardInteractions0_ActionDescription,Light and smoke the frostleaf. Cool and refreshing effects.
Herbs_And_Fungi_HerbPipeFrostleaf_CardInteractions0_ActionName,Smoke Frostleaf
Herbs_And_Fungi_HerbPipeFrostleaf_CardName,Herb Pipe (Frostleaf)
Herbs_And_Fungi_HerbPipeFrostleaf_DismantleActions0_ActionDescription,Dump out the frostleaf powder without smoking it.
Herbs_And_Fungi_HerbPipeFrostleaf_DismantleActions0_ActionName,Empty Pipe
Herbs_And_Fungi_HerbPipeFrostleaf_OnZero,Pipe Empty!
Herbs_And_Fungi_HerbPipeFrostleaf_SpecialDurability2_CardStatName,Quality
Herbs_And_Fungi_HerbPipeHemp_CardDescription,A carved wooden pipe loaded with hemp flower powder. Ready to smoke.
Herbs_And_Fungi_HerbPipeHemp_CardInteractions0_ActionDescription,Light and smoke the hemp. Relaxing and calming effects.
Herbs_And_Fungi_HerbPipeHemp_CardInteractions0_ActionName,Smoke Hemp
Herbs_And_Fungi_HerbPipeHemp_CardName,Herb Pipe (Hemp)
Herbs_And_Fungi_HerbPipeHemp_DismantleActions0_ActionDescription,Dump out the hemp powder without smoking it.
Herbs_And_Fungi_HerbPipeHemp_DismantleActions0_ActionName,Empty Pipe
Herbs_And_Fungi_HerbPipeHemp_OnZero,Pipe Empty!
Herbs_And_Fungi_HerbPipeHemp_SpecialDurability2_CardStatName,Quality
Herbs_And_Fungi_HerbPipe_CardDescription,A carved wooden pipe for smoking herbal powders. Provides relaxing effects without filling the room with smoke.
Herbs_And_Fungi_HerbPipe_CardHelpSection,"<b>Loading:</b> Add herbal powders (hemp, fairyweed, appleweed, frostleaf) to load the pipe.

<b>Smoking:</b> Drag lit tinder or candle onto pipe to smoke. Reusable.

<b>Benefits:</b> Discreet, no room smoke, portable relaxation."
Herbs_And_Fungi_HerbPipe_CardInteractions0_ActionDescription,Pack the pipe with hemp flower powder.
Herbs_And_Fungi_HerbPipe_CardInteractions0_ActionName,Load: Hemp
Herbs_And_Fungi_HerbPipe_CardInteractions1_ActionDescription,Pack the pipe with fairyweed powder.
Herbs_And_Fungi_HerbPipe_CardInteractions1_ActionName,Load: Fairyweed
Herbs_And_Fungi_HerbPipe_CardInteractions2_ActionDescription,Pack the pipe with appleweed powder.
Herbs_And_Fungi_HerbPipe_CardInteractions2_ActionName,Load: Appleweed
Herbs_And_Fungi_HerbPipe_CardInteractions3_ActionDescription,Pack the pipe with frostleaf powder.
Herbs_And_Fungi_HerbPipe_CardInteractions3_ActionName,Load: Frostleaf
Herbs_And_Fungi_HerbPipe_CardName,Herb Pipe
Herbs_And_Fungi_HerbPipe_SpecialDurability2_CardStatName,Quality
Herbs_And_Fungi_Spice_HempSeedsRoasted_SpiceName,Roasted Hemp Seeds
herbsfungiblackcurrant_CardName,Blackcurrants
herbsfungiblackcurrant_CardDescription,"Small, intensely flavored dark berries with a sharp, earthy tartness. Rich in vitamins and antioxidants. Good raw, better dried or fermented."
herbsfungiblackcurrant_CardHelpSection,"<b>Season:</b> Summer

<b>Found:</b> Birch forests, river banks, oak groves.

<b>Uses:</b> Eat raw, dry for long-term storage, or ferment into wine.

<b>Benefits:</b> Good nutrition and hydration."
herbsfungiblackcurrant_SpoilageTime_CardStatName,Freshness
herbsfungiblackcurrant_SpoilageTime_OnFull,Blackcurrants spoiled!
herbsfungiblackcurrant_UsageDurability_CardStatName,Dryness
herbsfungiblackcurrant_UsageDurability_OnFull,Blackcurrants dried!
herbsfungiblackcurrant_Eat_ActionName,Eat
herbsfungiblackcurrant_Eat_ActionDescription,Eat the blackcurrants. Tart and nutritious.
herbsfungiblackcurrantdried_CardName,Dried Blackcurrants
herbsfungiblackcurrantdried_CardDescription,"Shriveled dark blackcurrants with concentrated flavor and extended shelf life. Dense and chewy, good for long journeys."
herbsfungiblackcurrantdried_SpoilageTime_CardStatName,Freshness
herbsfungiblackcurrantdried_SpoilageTime_OnFull,Dried blackcurrants lost their flavor.
herbsfungiblackcurrantdried_Eat_ActionName,Eat
herbsfungiblackcurrantdried_Eat_ActionDescription,Eat the dried blackcurrants. Chewy and concentrated.
herbsfungiredcurrant_CardName,Redcurrants
herbsfungiredcurrant_CardDescription,"Bright red clusters of small, translucent berries with a sweet-tart flavor. Commonly found along oak forest edges and in clearings."
herbsfungiredcurrant_CardHelpSection,"<b>Season:</b> Summer

<b>Found:</b> Oak groves, birch forests, clearings.

<b>Uses:</b> Eat raw, dry for long-term storage, or ferment into wine.

<b>Benefits:</b> Good nutrition and hydration."
herbsfungiredcurrant_SpoilageTime_CardStatName,Freshness
herbsfungiredcurrant_SpoilageTime_OnFull,Redcurrants spoiled!
herbsfungiredcurrant_UsageDurability_CardStatName,Dryness
herbsfungiredcurrant_UsageDurability_OnFull,Redcurrants dried!
herbsfungiredcurrant_Eat_ActionName,Eat
herbsfungiredcurrant_Eat_ActionDescription,Eat the redcurrants. Sweet-tart and refreshing.
herbsfungiredcurrantdried_CardName,Dried Redcurrants
herbsfungiredcurrantdried_CardDescription,Tangy dried redcurrants with a pleasant sweet-sour punch. Lightweight travel rations that keep for a very long time.
herbsfungiredcurrantdried_SpoilageTime_CardStatName,Freshness
herbsfungiredcurrantdried_SpoilageTime_OnFull,Dried redcurrants lost their flavor.
herbsfungiredcurrantdried_Eat_ActionName,Eat
herbsfungiredcurrantdried_Eat_ActionDescription,Eat the dried redcurrants. Tangy and satisfying.
herbsfungilingonberry_CardName,Lingonberries
herbsfungilingonberry_CardDescription,"Small, bright red berries found carpeting the forest floor under pine trees. Tart and slightly bitter raw, but excellent dried or fermented."
herbsfungilingonberry_CardHelpSection,"<b>Season:</b> Late Summer to Autumn

<b>Found:</b> Pine forests, northern regions, pine meadows.

<b>Uses:</b> Eat raw, dry for long-term storage, or ferment.

<b>Benefits:</b> Abundant and reliable survival food."
herbsfungilingonberry_SpoilageTime_CardStatName,Freshness
herbsfungilingonberry_SpoilageTime_OnFull,Lingonberries spoiled!
herbsfungilingonberry_UsageDurability_CardStatName,Dryness
herbsfungilingonberry_UsageDurability_OnFull,Lingonberries dried!
herbsfungilingonberry_Eat_ActionName,Eat
herbsfungilingonberry_Eat_ActionDescription,Eat the lingonberries. Tart but filling.
herbsfungilingonberrydried_CardName,Dried Lingonberries
herbsfungilingonberrydried_CardDescription,"Dried lingonberries with a pleasant tartness. A staple of northern survival — durable, lightweight, and nutritious."
herbsfungilingonberrydried_SpoilageTime_CardStatName,Freshness
herbsfungilingonberrydried_SpoilageTime_OnFull,Dried lingonberries lost their flavor.
herbsfungilingonberrydried_Eat_ActionName,Eat
herbsfungilingonberrydried_Eat_ActionDescription,Eat the dried lingonberries. A reliable trail ration.
herbsfungicloudberry_CardName,Cloudberries
herbsfungicloudberry_CardDescription,"Rare golden-orange berries that grow only in the coldest northern bogs and meadows. Sweet, soft, and highly prized as a delicacy."
herbsfungicloudberry_CardHelpSection,"<b>Season:</b> Late Summer

<b>Found:</b> Northern regions, pine meadows only.

<b>Uses:</b> Eat raw, dry for long-term storage, or ferment.

<b>Benefits:</b> Excellent nutrition. Rare and rewarding find."
herbsfungicloudberry_SpoilageTime_CardStatName,Freshness
herbsfungicloudberry_SpoilageTime_OnFull,Cloudberries spoiled!
herbsfungicloudberry_UsageDurability_CardStatName,Dryness
herbsfungicloudberry_UsageDurability_OnFull,Cloudberries dried!
herbsfungicloudberry_Eat_ActionName,Eat
herbsfungicloudberry_Eat_ActionDescription,"Eat the cloudberries. Soft, sweet, and highly nutritious."
herbsfungicloudberrydried_CardName,Dried Cloudberries
herbsfungicloudberrydried_CardDescription,Carefully dried cloudberries with intensified sweetness and remarkable keeping quality. A precious long-term ration from a rare ingredient.
herbsfungicloudberrydried_SpoilageTime_CardStatName,Freshness
herbsfungicloudberrydried_SpoilageTime_OnFull,Dried cloudberries lost their flavor.
herbsfungicloudberrydried_Eat_ActionName,Eat
herbsfungicloudberrydried_Eat_ActionDescription,Eat the dried cloudberries. Sweet and highly sustaining.
herbsfungiwildflowers_CardName,Wild Flowers
herbsfungiwildflowers_CardDescription,A small bundle of colourful wildflowers. Dry them to craft flower garlands.
herbsfungiwildflowers_CardHelpSection,Wild Flowers
herbsfungiwildflowers_SpoilageTime_StatName,Freshness
herbsfungiwildflowers_SpoilageTime_OnFull,The flowers have wilted and crumbled.
herbsfungiwildflowers_UsageDurability_StatName,Dry
herbsfungiwildflowers_UsageDurability_OnFull,The flowers have dried
herbsfungiwildflowersdried_CardName,Dried Wild Flowers
herbsfungiwildflowersdried_CardDescription,Carefully dried wildflowers. Craft them with rope into a flower garland.
herbsfungiwildflowersdried_CardHelpSection,Dried Wild Flowers
herbsfungiwildflowersdried_SpoilageTime_StatName,Spoilage
herbsfungiwildflowersdried_SpoilageTime_OnFull,The dried flowers have finally crumbled to dust.
herbsfungidandelion_CardName,Dandelion
herbsfungidandelion_CardDescription,A common but versatile plant. Mildly edible and good for fermenting.
herbsfungidandelion_CardHelpSection,Dandelion
herbsfungidandelion_SpoilageTime_StatName,Spoilage
herbsfungidandelion_SpoilageTime_OnFull,The dandelion has wilted and rotted.
herbsfungidandelion_UsageDurability_StatName,Dry
herbsfungidandelion_UsageDurability_OnFull,The dandelion has dried properly.
herbsfungidandelion_Eat,Eat
herbsfungidandelion_Eat_Desc,Eat the dandelion. Slightly bitter but nutritious.
herbsfungidandeliondried_CardName,Dried Dandelion
herbsfungidandeliondried_CardDescription,Dried dandelion flowers. Eat them directly or steep them in hot water for mild herbal tea.
herbsfungidandeliondried_CardHelpSection,Dried Dandelion
herbsfungidandeliondried_SpoilageTime_StatName,Spoilage
herbsfungidandeliondried_SpoilageTime_OnFull,The dried dandelion has finally crumbled away.
herbsfungidandeliondried_Eat,Eat
herbsfungidandeliondried_Eat_Desc,Eat the dried dandelion. More concentrated than fresh
herbsfungidandeliondried_MixTea,Mix into Hot Water
herbsfungidandeliondried_MixTea_Desc,Steep dried dandelion in hot water to brew a mild herbal tea.
herbsfungicommonplantain_CardName,Common Plantain
herbsfungicommonplantain_CardDescription,A wide-leafed medicinal herb. Dry for use in wound poultices.
herbsfungicommonplantain_CardHelpSection,Common Plantain
herbsfungicommonplantain_SpoilageTime_StatName,Spoilage
herbsfungicommonplantain_SpoilageTime_OnFull,The plantain leaves have rotted.
herbsfungicommonplantain_UsageDurability_StatName,Dry
herbsfungicommonplantain_UsageDurability_OnFull,The plantain leaves have dried
herbsfungicommonplantaindried_CardName,Dried Common Plantain
herbsfungicommonplantaindried_CardDescription,Dried plantain leaves. A key ingredient for wound poultices.
herbsfungicommonplantaindried_CardHelpSection,Dried Common Plantain
herbsfungicommonplantaindried_SpoilageTime_StatName,Spoilage
herbsfungicommonplantaindried_SpoilageTime_OnFull,The dried plantain has crumbled away.
herbsfungidandeliontea_CardName,Dandelion Tea
herbsfungidandeliontea_CardDescription,A mild herbal tea brewed from dried dandelions. Restores a little hydration and eases stress.
herbsfungidandeliontea_SpoilageTime_StatName,Spoilage
herbsfungidandeliontea_Spoiled,The dandelion tea has spoiled.
herbsfungidandeliontea_Drink,Drink
herbsfungidandeliontea_Drink_Desc,Drink the mild dandelion tea. Restores a little hydration and eases stress.
Herbs_And_Fungi_Bp_FlowerGarland_CardName,Flower Garland
Herbs_And_Fungi_Bp_FlowerGarland_CardDescription,Tie dried wild flowers onto a length of rope to make a simple garland. Hanging it gives a small morale boost.
Herbs_And_Fungi_Bp_FlowerGarland_UnlockConditionsDesc,Unlocked after obtaining Dried Wild Flowers
herbsfungiflowergarland_CardName,Flower Garland
herbsfungiflowergarland_CardDescription,Dried wild flowers tied into a simple garland. Hang it nearby for a small moment of comfort.
herbsfungiflowergarland_Hang,Hang Garland
herbsfungiflowergarland_Hang_Desc,Hang the garland and enjoy the color. Eases stress a little.
Herbs_And_Fungi_Bp_PlantainPoultice_CardName,Plantain Poultice
Herbs_And_Fungi_Bp_PlantainPoultice_CardDescription,Mash dried common plantain in a clay bowl to make a simple wound poultice. Apply directly to ease pain and inflammation.
Herbs_And_Fungi_Bp_PlantainPoultice_UnlockConditionsDesc,Unlocked after obtaining Dried Common Plantain
herbsfungiplantainpoultice_CardName,Plantain Poultice
herbsfungiplantainpoultice_CardDescription,A simple poultice made from mashed common plantain. Apply it to ease pain and inflammation.
herbsfungiplantainpoultice_SpoilageTime_StatName,Spoilage
herbsfungiplantainpoultice_SpoilageTime_Spoiled,The plantain poultice has spoiled.
herbsfungiplantainpoultice_Apply,Apply Poultice
herbsfungiplantainpoultice_Apply_Desc,Apply the plantain poultice to tender skin and small wounds.
herbsfungichamomile_CardName,Chamomile
herbsfungichamomile_CardDescription,Delicate white flowers with a gentle apple-like scent. Mildly edible.
herbsfungichamomile_CardHelpSection,Chamomile
herbsfungichamomile_SpoilageTime_StatName,Spoilage
herbsfungichamomile_SpoilageTime_OnFull,The chamomile has wilted and rotted.
herbsfungichamomile_UsageDurability_StatName,Dry
herbsfungichamomile_UsageDurability_OnFull,The chamomile flowers have dried perfectly.
herbsfungichamomile_Eat,Eat
herbsfungichamomile_Eat_Desc,Eat the fresh chamomile flowers. Pleasantly aromatic and mildly nutritious.
herbsfungichamomiledried_CardName,Dried Chamomile
herbsfungichamomiledried_CardDescription,Dried chamomile flowers. Soothing and slightly calming. Steep them in hot water to brew tea.
herbsfungichamomiledried_CardHelpSection,Dried Chamomile
herbsfungichamomiledried_SpoilageTime_StatName,Spoilage
herbsfungichamomiledried_SpoilageTime_OnFull,The dried chamomile has finally crumbled away.
herbsfungichamomiledried_Eat,Eat
herbsfungichamomiledried_Eat_Desc,Consume the dried chamomile. Its soothing properties help ease tension.
herbsfungichamomiledried_MixTea,Mix into Hot Water
herbsfungichamomiledried_MixTea_Desc,Steep dried chamomile in hot water to brew a soothing tea.
herbsfungichamomiletea_CardName,Chamomile Tea
herbsfungichamomiletea_CardDescription,A calming herbal tea brewed from dried chamomile flowers. Eases stress and soothes the mind.
herbsfungichamomiletea_SpoilageTime_StatName,Spoilage
herbsfungichamomiletea_Spoiled,The chamomile tea has spoiled.
herbsfungichamomiletea_Drink,Drink
herbsfungichamomiletea_Drink_Desc,Drink the calming chamomile tea. Reduces stress and soothes the spirit.
herbsfungiblacktrumpetdried_SpoilageTime_CardStatName,Freshness
herbsfungiblacktrumpetdried_SpoilageTime_OnEmpty,This has spoiled.
herbsfungidriedginger_SpoilageTime_CardStatName,Freshness
herbsfungidriedginger_SpoilageTime_OnEmpty,This has spoiled.
herbsfungidriedtruffle_SpoilageTime_CardStatName,Freshness
herbsfungidriedtruffle_SpoilageTime_OnEmpty,This has spoiled.
herbsfungidriedtrufflecut_SpoilageTime_CardStatName,Freshness
herbsfungidriedtrufflecut_SpoilageTime_OnEmpty,This has spoiled.
herbsfungidriedtrufflecutfatcoated_SpoilageTime_CardStatName,Freshness
herbsfungidriedtrufflecutfatcoated_SpoilageTime_OnEmpty,This has spoiled.
herbsfungishiitakedried_SpoilageTime_CardStatName,Freshness
herbsfungishiitakedried_SpoilageTime_OnEmpty,This has spoiled.
herbsfungiyarrowdried_SpoilageTime_CardStatName,Freshness
herbsfungiyarrowdried_SpoilageTime_OnEmpty,This has spoiled.
herbsfungimushroombroth_CardName,Mushroom Broth
herbsfungimushroombroth_CardDescription,"A bowl of rich, earthy broth simmered from dried shiitake and king oyster mushrooms. Warming, nourishing, and deeply satisfying."
herbsfungimushroombroth_CardHelpSection,"<b>Made by:</b> Blueprint: Mushroom Broth

<b>Uses:</b> Drink for strong nutrition and hydration.

<b>Benefits:</b> High hydration, solid satiation, mild stress relief. Earthy and savoury flavor profile."
herbsfungimushroombroth_SpoilageTime_StatName,Spoilage
herbsfungimushroombroth_Spoiled,The mushroom broth has spoiled.
herbsfungimushroombroth_Drink,Drink
herbsfungimushroombroth_Drink_Desc,Drink the mushroom broth. Earthy and warming.
Herbs_And_Fungi_Bp_MushroomBroth_CardName,Mushroom Broth
Herbs_And_Fungi_Bp_MushroomBroth_CardDescription,"Simmer dried shiitake and king oyster mushrooms in a clay bowl to make a rich, earthy mushroom broth. Warming and deeply nourishing."
Herbs_And_Fungi_Bp_MushroomBroth_UnlockConditionsDesc,Unlocked after obtaining Dried Shiitake and Dried King Oyster
herbsfungihealersmosstincture_CardName,Healer's Moss Tincture
herbsfungihealersmosstincture_CardDescription,A concentrated extract of healer's moss pressed in a clay bowl. Potent antiseptic properties help fight infection.
herbsfungihealersmosstincture_CardHelpSection,"<b>Made by:</b> Blueprint: Healer's Moss Tincture

<b>Uses:</b> Drink to reduce infection.

<b>Benefits:</b> Strong infection reduction. Bitter taste."
herbsfungihealersmosstincture_SpoilageTime_StatName,Spoilage
herbsfungihealersmosstincture_Spoiled,The healer's moss tincture has spoiled.
herbsfungihealersmosstincture_Drink,Drink
herbsfungihealersmosstincture_Drink_Desc,"Drink the tincture. Bitter and mossy, but it fights infection."
Herbs_And_Fungi_Bp_HealersMossTincture_CardName,Healer's Moss Tincture
Herbs_And_Fungi_Bp_HealersMossTincture_CardDescription,Press 3 healer's moss into a clay bowl at the oil press to extract a powerful antiseptic tincture. Fights infection effectively.
Herbs_And_Fungi_Bp_HealersMossTincture_UnlockConditionsDesc,Unlocked after obtaining Healer's Moss and an Oil Press
HF_ForagingPath_CardName,Foraging Path
HF_Env_ForagingPath_CardName,Foraging Path
HF_PineClearing_CardName,Pine Clearing
HF_Env_PineClearing_CardName,Pine Clearing
HF_OakClearing_CardName,Oak Clearing
HF_Env_OakClearing_CardName,Oak Clearing
HF_AlderWoods_CardName,Alder Woods
HF_Env_AlderWoods_CardName,Alder Woods
Herbs_And_Fungi_Perk_ForestScout_PerkName,Forest Scout
Herbs_And_Fungi_Perk_ForestScout_PerkDescription,"You know where the old foraging trails begin, west of Primeval Woods. The forest is yours — but the paths grow back. An Overgrown Forest Trail waits at Primeval Woods: hack it clear with a blade to open the way in. Left untended it regrows in about ten days, so keep your blade sharp. A portal will always take you straight to the forest if the trail closes on you."
Herbs_And_Fungi_OvergrownForestTrail_CardName,Overgrown Forest Trail
Herbs_And_Fungi_OvergrownForestTrail_CardDescription,"Brush and bramble have swallowed the old trail into the foraging forest. Hack it clear with a blade, axe, shovel, or antler to open the way west."
Herbs_And_Fungi_OvergrownForestTrail_Hack_ActionName,Hack Through
Herbs_And_Fungi_OvergrownForestTrail_Hack_ActionDescription,"Cut back the brush with a blade, axe, shovel, or antler to clear the trail. Opens the foot route to the foraging forest."
Herbs_And_Fungi_ClearedForestTrail_CardName,Cleared Forest Trail
Herbs_And_Fungi_ClearedForestTrail_CardDescription,"The trail into the foraging forest is open. Left untended, the brush will creep back over it in about ten days — keep a blade handy."
Herbs_And_Fungi_ClearedForestTrail_CardHelpSection,"<b>Regrowth:</b> About 10 days. When the Regrowth bar fills, the trail becomes overgrown again and the foot route into the forest closes until you hack it clear once more."
Herbs_And_Fungi_ClearedForestTrail_Regrowth_CardStatName,Regrowth
Herbs_And_Fungi_ClearedForestTrail_Regrowth_OnFull_ActionDescription,The forest trail has grown over again.
Herbs_And_Fungi_PeanutPod_CardName,Peanut Pod
Herbs_And_Fungi_PeanutPod_CardDescription,Clumps of peanut pods just dug from the soil. Still caked in dirt — rinse them in water before shelling.
Herbs_And_Fungi_PeanutPod_CardHelpSection,"<b>Found:</b> Foraging in oak groves, pine forests, and clearings (spring–fall).

<b>Processing:</b> Drag a water container onto the pods to rinse them, then use Shell to get raw peanuts."
Herbs_And_Fungi_PeanutPod_CardInteractions_Rinse_ActionName,Rinse
Herbs_And_Fungi_PeanutPod_CardInteractions_Rinse_ActionDescription,Rinse the soil from the pods with water.
Herbs_And_Fungi_PeanutPod_SpoilageTime_CardStatName,Spoilage
Herbs_And_Fungi_PeanutPod_SpoilageTime_OnFull_ActionDescription,The peanut pods have rotted.
Herbs_And_Fungi_PeanutPodWashed_CardName,Washed Peanut Pod
Herbs_And_Fungi_PeanutPodWashed_CardDescription,"Clean peanut pods, ready to shell. Crack them open to get the raw peanuts inside."
Herbs_And_Fungi_PeanutPodWashed_CardHelpSection,"<b>Made from:</b> Rinsing a Peanut Pod with a water container.

<b>Next step:</b> Use Shell to crack open the pods and get raw peanuts. They spoil faster once wet, so shell them promptly."
Herbs_And_Fungi_PeanutPodWashed_DismantleActions_Shell_ActionName,Shell
Herbs_And_Fungi_PeanutPodWashed_SpoilageTime_CardStatName,Spoilage
Herbs_And_Fungi_PeanutPodWashed_SpoilageTime_OnFull_ActionDescription,The wet peanut pods have rotted.
Herbs_And_Fungi_RawPeanuts_CardName,Raw Peanuts
Herbs_And_Fungi_RawPeanuts_CardDescription,"Shelled peanuts, edible raw but better roasted. Rich in fat and protein, though they leave your mouth dry."
Herbs_And_Fungi_RawPeanuts_CardHelpSection,"<b>Made from:</b> Shelling a Washed Peanut Pod.

<b>Uses:</b> Eat raw for moderate nourishment, or place on a fire and use Roast for a richer nutritional boost. Keeps for about a month."
Herbs_And_Fungi_RawPeanuts_DismantleActions_Eat_ActionName,Eat
Herbs_And_Fungi_RawPeanuts_DismantleActions_Roast_ActionName,Roast
Herbs_And_Fungi_RawPeanuts_SpoilageTime_CardStatName,Spoilage
Herbs_And_Fungi_RawPeanuts_SpoilageTime_OnFull_ActionDescription,The raw peanuts have gone rancid.
Herbs_And_Fungi_RoastedPeanuts_CardName,Roasted Peanuts
Herbs_And_Fungi_RoastedPeanuts_CardDescription,"Warm, fragrant peanuts roasted over a fire. Packed with fat and protein — a dense, satisfying meal, though you'll want water nearby."
Herbs_And_Fungi_RoastedPeanuts_CardHelpSection,"<b>Made from:</b> Roasting Raw Peanuts on a fire (2 hours).

<b>Uses:</b> Eat for a substantial fat and protein boost. High in calories, but very drying — have water on hand. Keeps for over a month.

<b>Grind:</b> Grind with any grinding tool into Peanut Butter.

<b>Trail Mix:</b> Combine with dried billberries (Cooking tab) for a travel ration."
Herbs_And_Fungi_RoastedPeanuts_DismantleActions_Eat_ActionName,Eat
Herbs_And_Fungi_RoastedPeanuts_SpoilageTime_CardStatName,Spoilage
Herbs_And_Fungi_RoastedPeanuts_SpoilageTime_OnFull_ActionDescription,The roasted peanuts have gone rancid.
Herbs_And_Fungi_RoastedPeanuts_Grind_ActionName,Grind
Herbs_And_Fungi_RoastedPeanuts_Grind_ActionDescription,Grind the roasted peanuts into peanut butter.
Herbs_And_Fungi_PeanutOil_CardName,Peanut Oil
Herbs_And_Fungi_PeanutOil_CardDescription,"Cold-pressed oil extracted from raw peanuts, served in a clay bowl. Nutty and rich. Eat it, season food with it, or render it into lamp oil."
Herbs_And_Fungi_PeanutOil_CardHelpSection,"<b>Crafted:</b> By pressing 3 Raw Peanuts + Clay Bowl on a placed Oil Press.

<b>Uses:</b> Eat directly (returns empty clay bowl), drag onto food to season, or render over a fire into lamp oil."
Herbs_And_Fungi_PeanutOil_Eat_ActionName,Eat
Herbs_And_Fungi_Bp_OilPressPeanuts_CardName,Press Peanuts
Herbs_And_Fungi_Bp_OilPressPeanuts_CardDescription,Crush 3 raw peanuts in the press and collect in a clay bowl to extract peanut oil.
Herbs_And_Fungi_Bp_OilPressPeanuts_UnlockConditionsDesc,Oil Press Needed
Herbs_And_Fungi_PeanutButter_CardName,Peanut Butter
Herbs_And_Fungi_PeanutButter_CardDescription,"Roasted peanuts ground into a thick, rich paste. Dense fat and protein in every bite — sticks to the roof of your mouth, so keep water close."
Herbs_And_Fungi_PeanutButter_CardHelpSection,"<b>Made from:</b> Grinding Roasted Peanuts with any grinding tool.

<b>Uses:</b> Eat for a hearty fat and protein meal. Very drying — have water on hand. Keeps for two months."
Herbs_And_Fungi_PeanutButter_DismantleActions_Eat_ActionName,Eat
Herbs_And_Fungi_PeanutButter_SpoilageTime_CardStatName,Spoilage
Herbs_And_Fungi_PeanutButter_SpoilageTime_OnFull_ActionDescription,The peanut butter has gone rancid.
Herbs_And_Fungi_TrailMix_CardName,Forager's Trail Mix
Herbs_And_Fungi_TrailMix_CardDescription,"Roasted peanuts tossed with dried berries — a light, dense ration made for a day on the trail."
Herbs_And_Fungi_TrailMix_CardHelpSection,"<b>Made from:</b> 2 Roasted Peanuts + 2 Dried Billberries (Cooking tab).

<b>Uses:</b> Eat on the go — solid calories and fat without the thirst of plain roasted peanuts. Keeps for two months."
Herbs_And_Fungi_TrailMix_DismantleActions_Eat_ActionName,Eat
Herbs_And_Fungi_TrailMix_SpoilageTime_CardStatName,Spoilage
Herbs_And_Fungi_TrailMix_SpoilageTime_OnFull_ActionDescription,The trail mix has gone stale and moldy.
Herbs_And_Fungi_Bp_TrailMix_CardName,Forager's Trail Mix
Herbs_And_Fungi_Bp_TrailMix_CardDescription,Toss 2 roasted peanuts with 2 dried billberries to make 2 portions of trail ration.
Herbs_And_Fungi_Bp_TrailMix_UnlockConditionsDesc,Roasted Peanuts Needed
